2025-06-12 03:27:12,947 - WARNING - Face crop too small: (18, 12, 3)
2025-06-12 03:45:06,937 - INFO - ✅ Face detection model initialized
2025-06-12 03:45:11,990 - INFO - Model output shape: (1, 3)
2025-06-12 03:45:11,991 - INFO - Expected classes: 3
2025-06-12 03:45:11,991 - INFO - Model output classes: 3
2025-06-12 03:45:11,992 - INFO - Test output sum: 1.0000
2025-06-12 03:45:11,992 - INFO - Model appears to output categorical probabilities (softmax)
2025-06-12 03:45:11,993 - INFO - ✅ Emotion model loaded and validated: /app/apps/models/emotion_recognition_model.keras
2025-06-12 03:45:11,993 - INFO - ✅ Using emotion labels: ['Bored', 'Interested', 'Lacking_Focus']
2025-06-12 03:45:24,000 - INFO - ✅ Client connected
2025-06-12 03:45:27,184 - DEBUG - Image decoded successfully: (240, 320, 3)
2025-06-12 03:45:27,805 - DEBUG - Face preprocessed: shape=(224, 224, 3), range=[-116.680, 149.061]
2025-06-12 03:45:27,805 - DEBUG - Detected 1 valid faces
2025-06-12 03:45:27,807 - DEBUG - Processing batch of 1 faces, shape: (1, 224, 224, 3)
2025-06-12 03:45:28,088 - INFO - Face 0: Bored (0.347) | All: [Bored:0.347, Interested:0.318, Lacking_Focus:0.335]
2025-06-12 03:45:28,089 - DEBUG - Face 0: Low confidence 0.347, using 'Uncertain'
2025-06-12 03:45:28,090 - DEBUG - 📦 Processed frame: 1 faces, 906.6ms
2025-06-12 03:45:28,317 - DEBUG - Image decoded successfully: (240, 320, 3)
2025-06-12 03:45:28,957 - DEBUG - Face preprocessed: shape=(224, 224, 3), range=[-115.680, 149.061]
2025-06-12 03:45:28,958 - DEBUG - Detected 1 valid faces
2025-06-12 03:45:28,963 - DEBUG - Processing batch of 1 faces, shape: (1, 224, 224, 3)
2025-06-12 03:45:29,251 - INFO - Face 0: Lacking_Focus (0.420) | All: [Bored:0.186, Interested:0.394, Lacking_Focus:0.420]
2025-06-12 03:45:29,252 - DEBUG - 📦 Processed frame: 1 faces, 935.5ms
2025-06-12 03:45:29,407 - DEBUG - Image decoded successfully: (240, 320, 3)
2025-06-12 03:45:29,997 - DEBUG - Face preprocessed: shape=(224, 224, 3), range=[-114.680, 151.061]
2025-06-12 03:45:29,998 - DEBUG - Detected 1 valid faces
2025-06-12 03:45:30,000 - DEBUG - Processing batch of 1 faces, shape: (1, 224, 224, 3)
2025-06-12 03:45:30,345 - INFO - Face 0: Lacking_Focus (0.414) | All: [Bored:0.240, Interested:0.346, Lacking_Focus:0.414]
2025-06-12 03:45:30,346 - DEBUG - 📦 Processed frame: 1 faces, 939.7ms
2025-06-12 03:45:30,468 - DEBUG - Image decoded successfully: (240, 320, 3)
2025-06-12 03:45:31,381 - DEBUG - Face preprocessed: shape=(224, 224, 3), range=[-113.680, 141.061]
2025-06-12 03:45:31,382 - DEBUG - Detected 1 valid faces
2025-06-12 03:45:31,384 - DEBUG - Processing batch of 1 faces, shape: (1, 224, 224, 3)
2025-06-12 03:45:31,675 - INFO - Face 0: Lacking_Focus (0.466) | All: [Bored:0.201, Interested:0.333, Lacking_Focus:0.466]
2025-06-12 03:45:31,676 - DEBUG - 📦 Processed frame: 1 faces, 1208.3ms
2025-06-12 03:45:31,863 - DEBUG - Image decoded successfully: (240, 320, 3)
2025-06-12 03:45:32,505 - DEBUG - Face preprocessed: shape=(224, 224, 3), range=[-110.680, 141.061]
2025-06-12 03:45:32,506 - DEBUG - Detected 1 valid faces
2025-06-12 03:45:32,507 - DEBUG - Processing batch of 1 faces, shape: (1, 224, 224, 3)
2025-06-12 03:45:32,753 - INFO - Face 0: Lacking_Focus (0.395) | All: [Bored:0.259, Interested:0.347, Lacking_Focus:0.395]
2025-06-12 03:45:32,754 - DEBUG - Face 0: Low confidence 0.395, using 'Uncertain'
2025-06-12 03:45:32,755 - DEBUG - 📦 Processed frame: 1 faces, 892.6ms
2025-06-12 03:45:32,907 - DEBUG - Image decoded successfully: (240, 320, 3)
2025-06-12 03:45:33,517 - DEBUG - Face preprocessed: shape=(224, 224, 3), range=[-115.680, 146.061]
2025-06-12 03:45:33,518 - DEBUG - Detected 1 valid faces
2025-06-12 03:45:33,519 - DEBUG - Processing batch of 1 faces, shape: (1, 224, 224, 3)
2025-06-12 03:45:33,766 - INFO - Face 0: Lacking_Focus (0.389) | All: [Bored:0.286, Interested:0.325, Lacking_Focus:0.389]
2025-06-12 03:45:33,766 - DEBUG - Face 0: Low confidence 0.389, using 'Uncertain'
2025-06-12 03:45:33,767 - DEBUG - 📦 Processed frame: 1 faces, 860.7ms
2025-06-12 03:45:33,898 - DEBUG - Image decoded successfully: (240, 320, 3)
2025-06-12 03:45:34,483 - DEBUG - Face preprocessed: shape=(224, 224, 3), range=[-114.680, 145.061]
2025-06-12 03:45:34,484 - DEBUG - Detected 1 valid faces
2025-06-12 03:45:34,485 - DEBUG - Processing batch of 1 faces, shape: (1, 224, 224, 3)
2025-06-12 03:45:34,722 - INFO - Face 0: Interested (0.372) | All: [Bored:0.275, Interested:0.372, Lacking_Focus:0.353]
2025-06-12 03:45:34,723 - DEBUG - Face 0: Low confidence 0.372, using 'Uncertain'
2025-06-12 03:45:34,723 - DEBUG - 📦 Processed frame: 1 faces, 825.8ms
2025-06-12 03:45:34,805 - DEBUG - Image decoded successfully: (240, 320, 3)
2025-06-12 03:45:35,318 - DEBUG - Face preprocessed: shape=(224, 224, 3), range=[-113.680, 142.061]
2025-06-12 03:45:35,319 - DEBUG - Detected 1 valid faces
2025-06-12 03:45:35,321 - DEBUG - Processing batch of 1 faces, shape: (1, 224, 224, 3)
2025-06-12 03:45:35,577 - INFO - Face 0: Lacking_Focus (0.397) | All: [Bored:0.305, Interested:0.298, Lacking_Focus:0.397]
2025-06-12 03:45:35,579 - DEBUG - Face 0: Low confidence 0.397, using 'Uncertain'
2025-06-12 03:45:35,580 - DEBUG - 📦 Processed frame: 1 faces, 775.0ms
2025-06-12 03:45:35,764 - DEBUG - Image decoded successfully: (240, 320, 3)
2025-06-12 03:45:36,380 - DEBUG - Face preprocessed: shape=(224, 224, 3), range=[-111.680, 138.061]
2025-06-12 03:45:36,401 - DEBUG - Detected 1 valid faces
2025-06-12 03:45:36,402 - DEBUG - Processing batch of 1 faces, shape: (1, 224, 224, 3)
2025-06-12 03:45:36,636 - INFO - Face 0: Bored (0.349) | All: [Bored:0.349, Interested:0.316, Lacking_Focus:0.336]
2025-06-12 03:45:36,637 - DEBUG - Face 0: Low confidence 0.349, using 'Uncertain'
2025-06-12 03:45:36,638 - DEBUG - 📦 Processed frame: 1 faces, 874.8ms
2025-06-12 03:45:36,724 - DEBUG - Image decoded successfully: (240, 320, 3)
2025-06-12 03:45:37,296 - DEBUG - Face preprocessed: shape=(224, 224, 3), range=[-112.779, 139.061]
2025-06-12 03:45:37,297 - DEBUG - Detected 1 valid faces
2025-06-12 03:45:37,298 - DEBUG - Processing batch of 1 faces, shape: (1, 224, 224, 3)
2025-06-12 03:45:37,534 - INFO - Face 0: Lacking_Focus (0.378) | All: [Bored:0.356, Interested:0.266, Lacking_Focus:0.378]
2025-06-12 03:45:37,535 - DEBUG - Face 0: Low confidence 0.378, using 'Uncertain'
2025-06-12 03:45:37,537 - DEBUG - 📦 Processed frame: 1 faces, 813.4ms
2025-06-12 03:45:37,572 - DEBUG - Image decoded successfully: (240, 320, 3)
2025-06-12 03:45:38,158 - DEBUG - Face preprocessed: shape=(224, 224, 3), range=[-115.680, 143.061]
2025-06-12 03:45:38,159 - DEBUG - Detected 1 valid faces
2025-06-12 03:45:38,161 - DEBUG - Processing batch of 1 faces, shape: (1, 224, 224, 3)
2025-06-12 03:45:38,394 - INFO - Face 0: Lacking_Focus (0.356) | All: [Bored:0.346, Interested:0.299, Lacking_Focus:0.356]
2025-06-12 03:45:38,395 - DEBUG - Face 0: Low confidence 0.356, using 'Uncertain'
2025-06-12 03:45:38,396 - DEBUG - 📦 Processed frame: 1 faces, 824.8ms
2025-06-12 03:45:38,512 - DEBUG - Image decoded successfully: (240, 320, 3)
2025-06-12 03:45:39,051 - DEBUG - Face preprocessed: shape=(224, 224, 3), range=[-114.779, 137.061]
2025-06-12 03:45:39,052 - DEBUG - Detected 1 valid faces
2025-06-12 03:45:39,054 - DEBUG - Processing batch of 1 faces, shape: (1, 224, 224, 3)
2025-06-12 03:45:39,289 - INFO - Face 0: Lacking_Focus (0.412) | All: [Bored:0.283, Interested:0.305, Lacking_Focus:0.412]
2025-06-12 03:45:39,289 - DEBUG - 📦 Processed frame: 1 faces, 777.6ms
2025-06-12 03:45:39,362 - DEBUG - Image decoded successfully: (240, 320, 3)
2025-06-12 03:45:39,895 - DEBUG - Face preprocessed: shape=(224, 224, 3), range=[-115.680, 142.061]
2025-06-12 03:45:39,896 - DEBUG - Detected 1 valid faces
2025-06-12 03:45:39,897 - DEBUG - Processing batch of 1 faces, shape: (1, 224, 224, 3)
2025-06-12 03:45:40,142 - INFO - Face 0: Lacking_Focus (0.385) | All: [Bored:0.320, Interested:0.295, Lacking_Focus:0.385]
2025-06-12 03:45:40,143 - DEBUG - Face 0: Low confidence 0.385, using 'Uncertain'
2025-06-12 03:45:40,144 - DEBUG - 📦 Processed frame: 1 faces, 782.4ms
2025-06-12 03:45:40,325 - DEBUG - Image decoded successfully: (240, 320, 3)
2025-06-12 03:45:40,919 - DEBUG - Face preprocessed: shape=(224, 224, 3), range=[-119.680, 130.061]
2025-06-12 03:45:40,920 - DEBUG - Detected 1 valid faces
2025-06-12 03:45:40,921 - DEBUG - Processing batch of 1 faces, shape: (1, 224, 224, 3)
2025-06-12 03:45:41,191 - INFO - Face 0: Bored (0.360) | All: [Bored:0.360, Interested:0.306, Lacking_Focus:0.333]
2025-06-12 03:45:41,192 - DEBUG - Face 0: Low confidence 0.360, using 'Uncertain'
2025-06-12 03:45:41,193 - DEBUG - 📦 Processed frame: 1 faces, 868.3ms
2025-06-12 03:45:41,302 - DEBUG - Image decoded successfully: (240, 320, 3)
2025-06-12 03:45:41,916 - DEBUG - Face preprocessed: shape=(224, 224, 3), range=[-116.680, 114.061]
2025-06-12 03:45:41,917 - DEBUG - Detected 1 valid faces
2025-06-12 03:45:41,918 - DEBUG - Processing batch of 1 faces, shape: (1, 224, 224, 3)
2025-06-12 03:45:42,244 - INFO - Face 0: Bored (0.372) | All: [Bored:0.372, Interested:0.268, Lacking_Focus:0.360]
2025-06-12 03:45:42,245 - DEBUG - Face 0: Low confidence 0.372, using 'Uncertain'
2025-06-12 03:45:42,246 - DEBUG - 📦 Processed frame: 1 faces, 944.3ms
2025-06-12 03:45:42,374 - DEBUG - Image decoded successfully: (240, 320, 3)
2025-06-12 03:45:43,163 - DEBUG - Face preprocessed: shape=(224, 224, 3), range=[-116.680, 128.061]
2025-06-12 03:45:43,165 - DEBUG - Detected 1 valid faces
2025-06-12 03:45:43,168 - DEBUG - Processing batch of 1 faces, shape: (1, 224, 224, 3)
2025-06-12 03:45:43,471 - INFO - Face 0: Lacking_Focus (0.353) | All: [Bored:0.341, Interested:0.306, Lacking_Focus:0.353]
2025-06-12 03:45:43,472 - DEBUG - Face 0: Low confidence 0.353, using 'Uncertain'
2025-06-12 03:45:43,473 - DEBUG - 📦 Processed frame: 1 faces, 1100.2ms
2025-06-12 03:45:43,604 - DEBUG - Image decoded successfully: (240, 320, 3)
2025-06-12 03:45:44,230 - DEBUG - Face preprocessed: shape=(224, 224, 3), range=[-112.779, 124.061]
2025-06-12 03:45:44,231 - DEBUG - Detected 1 valid faces
2025-06-12 03:45:44,232 - DEBUG - Processing batch of 1 faces, shape: (1, 224, 224, 3)
2025-06-12 03:45:44,514 - INFO - Face 0: Lacking_Focus (0.427) | All: [Bored:0.332, Interested:0.241, Lacking_Focus:0.427]
2025-06-12 03:45:44,515 - DEBUG - 📦 Processed frame: 1 faces, 911.2ms
2025-06-12 03:45:44,555 - DEBUG - Image decoded successfully: (240, 320, 3)
2025-06-12 03:45:45,142 - DEBUG - Face preprocessed: shape=(224, 224, 3), range=[-113.779, 126.061]
2025-06-12 03:45:45,143 - DEBUG - Detected 1 valid faces
2025-06-12 03:45:45,144 - DEBUG - Processing batch of 1 faces, shape: (1, 224, 224, 3)
2025-06-12 03:45:45,422 - INFO - Face 0: Lacking_Focus (0.420) | All: [Bored:0.278, Interested:0.302, Lacking_Focus:0.420]
2025-06-12 03:45:45,423 - DEBUG - 📦 Processed frame: 1 faces, 868.1ms
2025-06-12 03:45:45,612 - DEBUG - Image decoded successfully: (240, 320, 3)
2025-06-12 03:45:46,130 - DEBUG - Face preprocessed: shape=(224, 224, 3), range=[-115.680, 130.061]
2025-06-12 03:45:46,140 - DEBUG - Detected 1 valid faces
2025-06-12 03:45:46,142 - DEBUG - Processing batch of 1 faces, shape: (1, 224, 224, 3)
2025-06-12 03:45:46,385 - INFO - Face 0: Bored (0.419) | All: [Bored:0.419, Interested:0.262, Lacking_Focus:0.319]
2025-06-12 03:45:46,386 - DEBUG - 📦 Processed frame: 1 faces, 775.2ms
2025-06-12 03:45:46,468 - DEBUG - Image decoded successfully: (240, 320, 3)
2025-06-12 03:45:47,088 - DEBUG - Face preprocessed: shape=(224, 224, 3), range=[-112.680, 113.061]
2025-06-12 03:45:47,089 - DEBUG - Detected 1 valid faces
2025-06-12 03:45:47,094 - DEBUG - Processing batch of 1 faces, shape: (1, 224, 224, 3)
2025-06-12 03:45:47,392 - INFO - Face 0: Bored (0.476) | All: [Bored:0.476, Interested:0.240, Lacking_Focus:0.284]
2025-06-12 03:45:47,394 - DEBUG - 📦 Processed frame: 1 faces, 927.1ms
2025-06-12 03:45:46,757 - DEBUG - Image decoded successfully: (240, 320, 3)
2025-06-12 03:45:46,361 - DEBUG - Face preprocessed: shape=(224, 224, 3), range=[-123.680, 109.061]
2025-06-12 03:45:46,362 - DEBUG - Detected 1 valid faces
2025-06-12 03:45:46,364 - DEBUG - Processing batch of 1 faces, shape: (1, 224, 224, 3)
2025-06-12 03:45:46,605 - INFO - Face 0: Bored (0.452) | All: [Bored:0.452, Interested:0.241, Lacking_Focus:0.308]
2025-06-12 03:45:46,606 - DEBUG - 📦 Processed frame: 1 faces, -150.3ms
2025-06-12 03:45:46,688 - DEBUG - Image decoded successfully: (240, 320, 3)
2025-06-12 03:45:47,252 - DEBUG - Face preprocessed: shape=(224, 224, 3), range=[-114.680, 124.061]
2025-06-12 03:45:47,253 - DEBUG - Detected 1 valid faces
2025-06-12 03:45:47,255 - DEBUG - Processing batch of 1 faces, shape: (1, 224, 224, 3)
2025-06-12 03:45:47,513 - INFO - Face 0: Bored (0.431) | All: [Bored:0.431, Interested:0.201, Lacking_Focus:0.368]
2025-06-12 03:45:47,514 - DEBUG - 📦 Processed frame: 1 faces, 827.2ms
2025-06-12 03:45:47,633 - DEBUG - Image decoded successfully: (240, 320, 3)
2025-06-12 03:45:48,210 - DEBUG - Face preprocessed: shape=(224, 224, 3), range=[-113.680, 144.061]
2025-06-12 03:45:48,222 - DEBUG - Detected 1 valid faces
2025-06-12 03:45:48,224 - DEBUG - Processing batch of 1 faces, shape: (1, 224, 224, 3)
2025-06-12 03:45:48,464 - INFO - Face 0: Lacking_Focus (0.421) | All: [Bored:0.203, Interested:0.376, Lacking_Focus:0.421]
2025-06-12 03:45:48,465 - DEBUG - 📦 Processed frame: 1 faces, 831.9ms
2025-06-12 03:45:48,654 - DEBUG - Image decoded successfully: (240, 320, 3)
2025-06-12 03:45:49,266 - DEBUG - Face preprocessed: shape=(224, 224, 3), range=[-109.779, 133.061]
2025-06-12 03:45:49,267 - DEBUG - Detected 1 valid faces
2025-06-12 03:45:49,268 - DEBUG - Processing batch of 1 faces, shape: (1, 224, 224, 3)
2025-06-12 03:45:49,517 - INFO - Face 0: Interested (0.450) | All: [Bored:0.196, Interested:0.450, Lacking_Focus:0.354]
2025-06-12 03:45:49,518 - DEBUG - 📦 Processed frame: 1 faces, 864.3ms
2025-06-12 03:45:49,645 - DEBUG - Image decoded successfully: (240, 320, 3)
2025-06-12 03:45:50,239 - DEBUG - Face preprocessed: shape=(224, 224, 3), range=[-111.680, 140.061]
2025-06-12 03:45:50,240 - DEBUG - Detected 1 valid faces
2025-06-12 03:45:50,241 - DEBUG - Processing batch of 1 faces, shape: (1, 224, 224, 3)
2025-06-12 03:45:50,494 - INFO - Face 0: Lacking_Focus (0.401) | All: [Bored:0.245, Interested:0.355, Lacking_Focus:0.401]
2025-06-12 03:45:50,495 - DEBUG - 📦 Processed frame: 1 faces, 850.9ms
2025-06-12 03:45:50,604 - DEBUG - Image decoded successfully: (240, 320, 3)
2025-06-12 03:45:51,128 - DEBUG - Face preprocessed: shape=(224, 224, 3), range=[-110.680, 139.061]
2025-06-12 03:45:51,129 - DEBUG - Detected 1 valid faces
2025-06-12 03:45:51,131 - DEBUG - Processing batch of 1 faces, shape: (1, 224, 224, 3)
2025-06-12 03:45:51,383 - INFO - Face 0: Lacking_Focus (0.399) | All: [Bored:0.213, Interested:0.388, Lacking_Focus:0.399]
2025-06-12 03:45:51,384 - DEBUG - Face 0: Low confidence 0.399, using 'Uncertain'
2025-06-12 03:45:51,384 - DEBUG - 📦 Processed frame: 1 faces, 781.0ms
2025-06-12 03:45:51,438 - DEBUG - Image decoded successfully: (240, 320, 3)
2025-06-12 03:45:52,084 - DEBUG - Face preprocessed: shape=(224, 224, 3), range=[-112.680, 143.061]
2025-06-12 03:45:52,085 - DEBUG - Detected 1 valid faces
2025-06-12 03:45:52,087 - DEBUG - Processing batch of 1 faces, shape: (1, 224, 224, 3)
2025-06-12 03:45:52,322 - INFO - Face 0: Lacking_Focus (0.454) | All: [Bored:0.168, Interested:0.377, Lacking_Focus:0.454]
2025-06-12 03:45:52,323 - DEBUG - 📦 Processed frame: 1 faces, 885.1ms
2025-06-12 03:45:52,500 - DEBUG - Image decoded successfully: (240, 320, 3)
2025-06-12 03:45:53,134 - DEBUG - Face preprocessed: shape=(224, 224, 3), range=[-114.680, 136.061]
2025-06-12 03:45:53,136 - DEBUG - Detected 1 valid faces
2025-06-12 03:45:53,138 - DEBUG - Processing batch of 1 faces, shape: (1, 224, 224, 3)
2025-06-12 03:45:53,387 - INFO - Face 0: Interested (0.411) | All: [Bored:0.185, Interested:0.411, Lacking_Focus:0.404]
2025-06-12 03:45:53,388 - DEBUG - 📦 Processed frame: 1 faces, 888.5ms
2025-06-12 03:45:53,563 - DEBUG - Image decoded successfully: (240, 320, 3)
2025-06-12 03:45:54,153 - DEBUG - Face preprocessed: shape=(224, 224, 3), range=[-115.680, 137.061]
2025-06-12 03:45:54,154 - DEBUG - Detected 1 valid faces
2025-06-12 03:45:54,156 - DEBUG - Processing batch of 1 faces, shape: (1, 224, 224, 3)
2025-06-12 03:45:54,393 - INFO - Face 0: Lacking_Focus (0.422) | All: [Bored:0.171, Interested:0.407, Lacking_Focus:0.422]
2025-06-12 03:45:54,394 - DEBUG - 📦 Processed frame: 1 faces, 832.2ms
2025-06-12 03:45:54,531 - DEBUG - Image decoded successfully: (240, 320, 3)
2025-06-12 03:45:55,095 - DEBUG - Face preprocessed: shape=(224, 224, 3), range=[-114.680, 134.061]
2025-06-12 03:45:55,095 - DEBUG - Detected 1 valid faces
2025-06-12 03:45:55,096 - DEBUG - Processing batch of 1 faces, shape: (1, 224, 224, 3)
2025-06-12 03:45:55,372 - INFO - Face 0: Interested (0.416) | All: [Bored:0.218, Interested:0.416, Lacking_Focus:0.366]
2025-06-12 03:45:55,373 - DEBUG - 📦 Processed frame: 1 faces, 842.7ms
2025-06-12 03:45:55,466 - DEBUG - Image decoded successfully: (240, 320, 3)
2025-06-12 03:45:56,039 - DEBUG - Face preprocessed: shape=(224, 224, 3), range=[-116.779, 138.061]
2025-06-12 03:45:56,040 - DEBUG - Detected 1 valid faces
2025-06-12 03:45:56,042 - DEBUG - Processing batch of 1 faces, shape: (1, 224, 224, 3)
2025-06-12 03:45:56,293 - INFO - Face 0: Interested (0.440) | All: [Bored:0.157, Interested:0.440, Lacking_Focus:0.403]
2025-06-12 03:45:56,295 - DEBUG - 📦 Processed frame: 1 faces, 829.1ms
2025-06-12 03:45:56,421 - DEBUG - Image decoded successfully: (240, 320, 3)
2025-06-12 03:45:56,978 - DEBUG - Face preprocessed: shape=(224, 224, 3), range=[-112.680, 139.061]
2025-06-12 03:45:56,979 - DEBUG - Detected 1 valid faces
2025-06-12 03:45:56,980 - DEBUG - Processing batch of 1 faces, shape: (1, 224, 224, 3)
2025-06-12 03:45:57,223 - INFO - Face 0: Lacking_Focus (0.431) | All: [Bored:0.161, Interested:0.409, Lacking_Focus:0.431]
2025-06-12 03:45:57,224 - DEBUG - 📦 Processed frame: 1 faces, 803.8ms
2025-06-12 03:45:57,278 - DEBUG - Image decoded successfully: (240, 320, 3)
2025-06-12 03:45:57,875 - DEBUG - Face preprocessed: shape=(224, 224, 3), range=[-112.680, 145.061]
2025-06-12 03:45:57,875 - DEBUG - Detected 1 valid faces
2025-06-12 03:45:57,877 - DEBUG - Processing batch of 1 faces, shape: (1, 224, 224, 3)
2025-06-12 03:45:58,132 - INFO - Face 0: Lacking_Focus (0.467) | All: [Bored:0.132, Interested:0.401, Lacking_Focus:0.467]
2025-06-12 03:45:58,134 - DEBUG - 📦 Processed frame: 1 faces, 855.7ms
2025-06-12 03:45:58,327 - DEBUG - Image decoded successfully: (240, 320, 3)
2025-06-12 03:45:58,890 - DEBUG - Face preprocessed: shape=(224, 224, 3), range=[-112.680, 138.061]
2025-06-12 03:45:58,891 - DEBUG - Detected 1 valid faces
2025-06-12 03:45:58,894 - DEBUG - Processing batch of 1 faces, shape: (1, 224, 224, 3)
2025-06-12 03:45:59,167 - INFO - Face 0: Lacking_Focus (0.464) | All: [Bored:0.132, Interested:0.404, Lacking_Focus:0.464]
2025-06-12 03:45:59,169 - DEBUG - 📦 Processed frame: 1 faces, 842.4ms
2025-06-12 03:45:59,285 - DEBUG - Image decoded successfully: (240, 320, 3)
2025-06-12 03:45:59,905 - DEBUG - Face preprocessed: shape=(224, 224, 3), range=[-110.680, 144.061]
2025-06-12 03:45:59,911 - DEBUG - Detected 1 valid faces
2025-06-12 03:45:59,913 - DEBUG - Processing batch of 1 faces, shape: (1, 224, 224, 3)
2025-06-12 03:46:00,184 - INFO - Face 0: Interested (0.421) | All: [Bored:0.169, Interested:0.421, Lacking_Focus:0.411]
2025-06-12 03:46:00,185 - DEBUG - 📦 Processed frame: 1 faces, 901.2ms
2025-06-12 03:46:00,229 - DEBUG - Image decoded successfully: (240, 320, 3)
2025-06-12 03:46:00,754 - DEBUG - Face preprocessed: shape=(224, 224, 3), range=[-113.680, 137.061]
2025-06-12 03:46:00,755 - DEBUG - Detected 1 valid faces
2025-06-12 03:46:00,757 - DEBUG - Processing batch of 1 faces, shape: (1, 224, 224, 3)
2025-06-12 03:46:00,999 - INFO - Face 0: Lacking_Focus (0.399) | All: [Bored:0.337, Interested:0.264, Lacking_Focus:0.399]
2025-06-12 03:46:00,999 - DEBUG - Face 0: Low confidence 0.399, using 'Uncertain'
2025-06-12 03:46:01,000 - DEBUG - 📦 Processed frame: 1 faces, 771.8ms
2025-06-12 03:46:01,195 - DEBUG - Image decoded successfully: (240, 320, 3)
2025-06-12 03:46:01,776 - DEBUG - Face preprocessed: shape=(224, 224, 3), range=[-111.779, 132.061]
2025-06-12 03:46:01,777 - DEBUG - Detected 1 valid faces
2025-06-12 03:46:01,778 - DEBUG - Processing batch of 1 faces, shape: (1, 224, 224, 3)
2025-06-12 03:46:02,014 - INFO - Face 0: Lacking_Focus (0.356) | All: [Bored:0.312, Interested:0.332, Lacking_Focus:0.356]
2025-06-12 03:46:02,015 - DEBUG - Face 0: Low confidence 0.356, using 'Uncertain'
2025-06-12 03:46:02,016 - DEBUG - 📦 Processed frame: 1 faces, 821.5ms
2025-06-12 03:46:02,138 - DEBUG - Image decoded successfully: (240, 320, 3)
2025-06-12 03:46:02,736 - DEBUG - Face preprocessed: shape=(224, 224, 3), range=[-117.680, 138.061]
2025-06-12 03:46:02,737 - DEBUG - Detected 1 valid faces
2025-06-12 03:46:02,739 - DEBUG - Processing batch of 1 faces, shape: (1, 224, 224, 3)
2025-06-12 03:46:03,011 - INFO - Face 0: Lacking_Focus (0.423) | All: [Bored:0.164, Interested:0.413, Lacking_Focus:0.423]
2025-06-12 03:46:03,013 - DEBUG - 📦 Processed frame: 1 faces, 874.9ms
2025-06-12 03:46:03,092 - DEBUG - Image decoded successfully: (240, 320, 3)
2025-06-12 03:46:03,747 - DEBUG - Face preprocessed: shape=(224, 224, 3), range=[-118.680, 134.061]
2025-06-12 03:46:03,748 - DEBUG - Detected 1 valid faces
2025-06-12 03:46:03,749 - DEBUG - Processing batch of 1 faces, shape: (1, 224, 224, 3)
2025-06-12 03:46:04,019 - INFO - Face 0: Lacking_Focus (0.366) | All: [Bored:0.285, Interested:0.349, Lacking_Focus:0.366]
2025-06-12 03:46:04,020 - DEBUG - Face 0: Low confidence 0.366, using 'Uncertain'
2025-06-12 03:46:04,021 - DEBUG - 📦 Processed frame: 1 faces, 929.2ms
2025-06-12 03:46:04,155 - DEBUG - Image decoded successfully: (240, 320, 3)
2025-06-12 03:46:04,774 - DEBUG - Face preprocessed: shape=(224, 224, 3), range=[-123.680, 137.061]
2025-06-12 03:46:04,775 - DEBUG - Detected 1 valid faces
2025-06-12 03:46:04,778 - DEBUG - Processing batch of 1 faces, shape: (1, 224, 224, 3)
2025-06-12 03:46:05,039 - INFO - Face 0: Lacking_Focus (0.522) | All: [Bored:0.169, Interested:0.309, Lacking_Focus:0.522]
2025-06-12 03:46:05,040 - DEBUG - 📦 Processed frame: 1 faces, 885.4ms
2025-06-12 03:46:05,172 - DEBUG - Image decoded successfully: (240, 320, 3)
2025-06-12 03:46:05,767 - DEBUG - Face preprocessed: shape=(224, 224, 3), range=[-119.680, 132.061]
2025-06-12 03:46:05,769 - DEBUG - Detected 1 valid faces
2025-06-12 03:46:05,770 - DEBUG - Processing batch of 1 faces, shape: (1, 224, 224, 3)
2025-06-12 03:46:06,042 - INFO - Face 0: Lacking_Focus (0.426) | All: [Bored:0.199, Interested:0.374, Lacking_Focus:0.426]
2025-06-12 03:46:06,044 - DEBUG - 📦 Processed frame: 1 faces, 872.0ms
2025-06-12 03:46:06,232 - DEBUG - Image decoded successfully: (240, 320, 3)
2025-06-12 03:46:06,857 - DEBUG - Face preprocessed: shape=(224, 224, 3), range=[-115.680, 126.061]
2025-06-12 03:46:06,858 - DEBUG - Detected 1 valid faces
2025-06-12 03:46:06,861 - DEBUG - Processing batch of 1 faces, shape: (1, 224, 224, 3)
2025-06-12 03:46:07,139 - INFO - Face 0: Lacking_Focus (0.381) | All: [Bored:0.256, Interested:0.362, Lacking_Focus:0.381]
2025-06-12 03:46:07,140 - DEBUG - Face 0: Low confidence 0.381, using 'Uncertain'
2025-06-12 03:46:07,141 - DEBUG - 📦 Processed frame: 1 faces, 909.3ms
2025-06-12 03:46:07,300 - DEBUG - Image decoded successfully: (240, 320, 3)
2025-06-12 03:46:07,905 - DEBUG - Face preprocessed: shape=(224, 224, 3), range=[-113.680, 136.061]
2025-06-12 03:46:07,906 - DEBUG - Detected 1 valid faces
2025-06-12 03:46:07,908 - DEBUG - Processing batch of 1 faces, shape: (1, 224, 224, 3)
2025-06-12 03:46:08,166 - INFO - Face 0: Lacking_Focus (0.451) | All: [Bored:0.164, Interested:0.385, Lacking_Focus:0.451]
2025-06-12 03:46:08,167 - DEBUG - 📦 Processed frame: 1 faces, 868.3ms
2025-06-12 03:46:08,361 - DEBUG - Image decoded successfully: (240, 320, 3)
2025-06-12 03:46:08,895 - DEBUG - Face preprocessed: shape=(224, 224, 3), range=[-114.680, 140.061]
2025-06-12 03:46:08,896 - DEBUG - Detected 1 valid faces
2025-06-12 03:46:08,898 - DEBUG - Processing batch of 1 faces, shape: (1, 224, 224, 3)
2025-06-12 03:46:09,169 - INFO - Face 0: Lacking_Focus (0.482) | All: [Bored:0.146, Interested:0.372, Lacking_Focus:0.482]
2025-06-12 03:46:09,170 - DEBUG - 📦 Processed frame: 1 faces, 809.5ms
2025-06-12 03:46:09,265 - DEBUG - Image decoded successfully: (240, 320, 3)
2025-06-12 03:46:09,895 - DEBUG - Face preprocessed: shape=(224, 224, 3), range=[-123.680, 129.061]
2025-06-12 03:46:09,896 - DEBUG - Detected 1 valid faces
2025-06-12 03:46:09,898 - DEBUG - Processing batch of 1 faces, shape: (1, 224, 224, 3)
2025-06-12 03:46:10,165 - INFO - Face 0: Lacking_Focus (0.479) | All: [Bored:0.136, Interested:0.385, Lacking_Focus:0.479]
2025-06-12 03:46:10,166 - DEBUG - 📦 Processed frame: 1 faces, 902.8ms
2025-06-12 03:46:10,326 - DEBUG - Image decoded successfully: (240, 320, 3)
2025-06-12 03:46:10,915 - DEBUG - Face preprocessed: shape=(224, 224, 3), range=[-113.680, 133.061]
2025-06-12 03:46:10,916 - DEBUG - Detected 1 valid faces
2025-06-12 03:46:10,917 - DEBUG - Processing batch of 1 faces, shape: (1, 224, 224, 3)
2025-06-12 03:46:11,178 - INFO - Face 0: Interested (0.393) | All: [Bored:0.215, Interested:0.393, Lacking_Focus:0.392]
2025-06-12 03:46:11,179 - DEBUG - Face 0: Low confidence 0.393, using 'Uncertain'
2025-06-12 03:46:11,180 - DEBUG - 📦 Processed frame: 1 faces, 854.5ms
2025-06-12 03:46:11,315 - DEBUG - Image decoded successfully: (240, 320, 3)
2025-06-12 03:46:11,964 - DEBUG - Face preprocessed: shape=(224, 224, 3), range=[-115.680, 140.061]
2025-06-12 03:46:11,968 - DEBUG - Detected 1 valid faces
2025-06-12 03:46:11,970 - DEBUG - Processing batch of 1 faces, shape: (1, 224, 224, 3)
2025-06-12 03:46:12,229 - INFO - Face 0: Lacking_Focus (0.390) | All: [Bored:0.263, Interested:0.346, Lacking_Focus:0.390]
2025-06-12 03:46:12,231 - DEBUG - Face 0: Low confidence 0.390, using 'Uncertain'
2025-06-12 03:46:12,231 - DEBUG - 📦 Processed frame: 1 faces, 917.6ms
2025-06-12 03:46:12,382 - DEBUG - Image decoded successfully: (240, 320, 3)
2025-06-12 03:46:12,995 - DEBUG - Face preprocessed: shape=(224, 224, 3), range=[-114.680, 72.061]
2025-06-12 03:46:12,996 - DEBUG - Detected 1 valid faces
2025-06-12 03:46:12,998 - DEBUG - Processing batch of 1 faces, shape: (1, 224, 224, 3)
2025-06-12 03:46:13,275 - INFO - Face 0: Lacking_Focus (0.534) | All: [Bored:0.370, Interested:0.096, Lacking_Focus:0.534]
2025-06-12 03:46:13,276 - DEBUG - 📦 Processed frame: 1 faces, 894.3ms
2025-06-12 03:46:13,451 - DEBUG - Image decoded successfully: (240, 320, 3)
2025-06-12 03:46:14,078 - DEBUG - Face preprocessed: shape=(224, 224, 3), range=[-123.680, 74.061]
2025-06-12 03:46:14,079 - DEBUG - Detected 1 valid faces
2025-06-12 03:46:14,081 - DEBUG - Processing batch of 1 faces, shape: (1, 224, 224, 3)
2025-06-12 03:46:14,361 - INFO - Face 0: Lacking_Focus (0.511) | All: [Bored:0.379, Interested:0.109, Lacking_Focus:0.511]
2025-06-12 03:46:14,363 - DEBUG - 📦 Processed frame: 1 faces, 912.4ms
2025-06-12 03:46:14,445 - DEBUG - Image decoded successfully: (240, 320, 3)
2025-06-12 03:46:15,025 - DEBUG - Face preprocessed: shape=(224, 224, 3), range=[-116.680, 77.061]
2025-06-12 03:46:15,026 - DEBUG - Detected 1 valid faces
2025-06-12 03:46:15,029 - DEBUG - Processing batch of 1 faces, shape: (1, 224, 224, 3)
2025-06-12 03:46:15,291 - INFO - Face 0: Lacking_Focus (0.629) | All: [Bored:0.272, Interested:0.099, Lacking_Focus:0.629]
2025-06-12 03:46:15,292 - INFO - Prediction distribution after 50 predictions: {'Bored': 0.16, 'Lacking_Focus': 0.7, 'Interested': 0.14}
2025-06-12 03:46:15,293 - DEBUG - 📦 Processed frame: 1 faces, 849.3ms
2025-06-12 03:46:15,397 - DEBUG - Image decoded successfully: (240, 320, 3)
2025-06-12 03:46:15,176 - DEBUG - Face preprocessed: shape=(224, 224, 3), range=[-120.680, 78.061]
2025-06-12 03:46:15,177 - DEBUG - Detected 1 valid faces
2025-06-12 03:46:15,178 - DEBUG - Processing batch of 1 faces, shape: (1, 224, 224, 3)
2025-06-12 03:46:14,534 - INFO - Face 0: Lacking_Focus (0.502) | All: [Bored:0.372, Interested:0.126, Lacking_Focus:0.502]
2025-06-12 03:46:14,536 - DEBUG - 📦 Processed frame: 1 faces, -861.0ms
2025-06-12 03:46:14,599 - DEBUG - Image decoded successfully: (240, 320, 3)
2025-06-12 03:46:15,208 - DEBUG - Face preprocessed: shape=(224, 224, 3), range=[-116.680, 78.061]
2025-06-12 03:46:15,209 - DEBUG - Detected 1 valid faces
2025-06-12 03:46:15,210 - DEBUG - Processing batch of 1 faces, shape: (1, 224, 224, 3)
2025-06-12 03:46:15,451 - INFO - Face 0: Lacking_Focus (0.511) | All: [Bored:0.377, Interested:0.111, Lacking_Focus:0.511]
2025-06-12 03:46:15,452 - DEBUG - 📦 Processed frame: 1 faces, 853.6ms
2025-06-12 03:46:15,544 - DEBUG - Image decoded successfully: (240, 320, 3)
2025-06-12 03:46:16,092 - DEBUG - Face preprocessed: shape=(224, 224, 3), range=[-121.680, 79.061]
2025-06-12 03:46:16,093 - DEBUG - Detected 1 valid faces
2025-06-12 03:46:16,094 - DEBUG - Processing batch of 1 faces, shape: (1, 224, 224, 3)
2025-06-12 03:46:16,326 - INFO - Face 0: Lacking_Focus (0.540) | All: [Bored:0.306, Interested:0.153, Lacking_Focus:0.540]
2025-06-12 03:46:16,327 - DEBUG - 📦 Processed frame: 1 faces, 783.4ms
2025-06-12 03:46:16,387 - DEBUG - Image decoded successfully: (240, 320, 3)
2025-06-12 03:46:17,005 - DEBUG - Face preprocessed: shape=(224, 224, 3), range=[-122.680, 78.061]
2025-06-12 03:46:17,005 - DEBUG - Detected 1 valid faces
2025-06-12 03:46:17,007 - DEBUG - Processing batch of 1 faces, shape: (1, 224, 224, 3)
2025-06-12 03:46:17,291 - INFO - Face 0: Lacking_Focus (0.552) | All: [Bored:0.344, Interested:0.104, Lacking_Focus:0.552]
2025-06-12 03:46:17,292 - DEBUG - 📦 Processed frame: 1 faces, 906.8ms
2025-06-12 03:46:17,451 - DEBUG - Image decoded successfully: (240, 320, 3)
2025-06-12 03:46:18,018 - DEBUG - Face preprocessed: shape=(224, 224, 3), range=[-115.680, 121.061]
2025-06-12 03:46:18,019 - DEBUG - Detected 1 valid faces
2025-06-12 03:46:18,020 - DEBUG - Processing batch of 1 faces, shape: (1, 224, 224, 3)
2025-06-12 03:46:18,258 - INFO - Face 0: Lacking_Focus (0.459) | All: [Bored:0.215, Interested:0.326, Lacking_Focus:0.459]
2025-06-12 03:46:18,259 - DEBUG - 📦 Processed frame: 1 faces, 808.5ms
2025-06-12 03:46:18,294 - DEBUG - Image decoded successfully: (240, 320, 3)
2025-06-12 03:46:18,808 - DEBUG - Face preprocessed: shape=(224, 224, 3), range=[-112.680, 131.061]
2025-06-12 03:46:18,809 - DEBUG - Detected 1 valid faces
2025-06-12 03:46:18,811 - DEBUG - Processing batch of 1 faces, shape: (1, 224, 224, 3)
2025-06-12 03:46:19,055 - INFO - Face 0: Interested (0.442) | All: [Bored:0.139, Interested:0.442, Lacking_Focus:0.420]
2025-06-12 03:46:19,056 - DEBUG - 📦 Processed frame: 1 faces, 762.3ms
2025-06-12 03:46:19,161 - DEBUG - Image decoded successfully: (240, 320, 3)
2025-06-12 03:46:19,734 - DEBUG - Face preprocessed: shape=(224, 224, 3), range=[-110.680, 123.061]
2025-06-12 03:46:19,734 - DEBUG - Detected 1 valid faces
2025-06-12 03:46:19,736 - DEBUG - Processing batch of 1 faces, shape: (1, 224, 224, 3)
2025-06-12 03:46:19,985 - INFO - Face 0: Lacking_Focus (0.453) | All: [Bored:0.143, Interested:0.404, Lacking_Focus:0.453]
2025-06-12 03:46:19,986 - DEBUG - 📦 Processed frame: 1 faces, 825.5ms
2025-06-12 03:46:20,099 - DEBUG - Image decoded successfully: (240, 320, 3)
2025-06-12 03:46:20,703 - DEBUG - Face preprocessed: shape=(224, 224, 3), range=[-115.779, 130.061]
2025-06-12 03:46:20,703 - DEBUG - Detected 1 valid faces
2025-06-12 03:46:20,705 - DEBUG - Processing batch of 1 faces, shape: (1, 224, 224, 3)
2025-06-12 03:46:20,967 - INFO - Face 0: Interested (0.418) | All: [Bored:0.168, Interested:0.418, Lacking_Focus:0.414]
2025-06-12 03:46:20,968 - DEBUG - 📦 Processed frame: 1 faces, 869.2ms
2025-06-12 03:46:21,157 - DEBUG - Image decoded successfully: (240, 320, 3)
2025-06-12 03:46:21,790 - DEBUG - Face preprocessed: shape=(224, 224, 3), range=[-110.779, 132.061]
2025-06-12 03:46:21,790 - DEBUG - Detected 1 valid faces
2025-06-12 03:46:21,793 - DEBUG - Processing batch of 1 faces, shape: (1, 224, 224, 3)
2025-06-12 03:46:22,057 - INFO - Face 0: Lacking_Focus (0.449) | All: [Bored:0.180, Interested:0.371, Lacking_Focus:0.449]
2025-06-12 03:46:22,059 - DEBUG - 📦 Processed frame: 1 faces, 902.3ms
2025-06-12 03:46:22,216 - DEBUG - Image decoded successfully: (240, 320, 3)
2025-06-12 03:46:22,783 - DEBUG - Face preprocessed: shape=(224, 224, 3), range=[-114.680, 140.061]
2025-06-12 03:46:22,783 - DEBUG - Detected 1 valid faces
2025-06-12 03:46:22,785 - DEBUG - Processing batch of 1 faces, shape: (1, 224, 224, 3)
2025-06-12 03:46:23,029 - INFO - Face 0: Lacking_Focus (0.453) | All: [Bored:0.180, Interested:0.367, Lacking_Focus:0.453]
2025-06-12 03:46:23,029 - DEBUG - 📦 Processed frame: 1 faces, 814.1ms
2025-06-12 03:46:23,063 - DEBUG - Image decoded successfully: (240, 320, 3)
2025-06-12 03:46:23,607 - DEBUG - Face preprocessed: shape=(224, 224, 3), range=[-112.680, 133.061]
2025-06-12 03:46:23,608 - DEBUG - Detected 1 valid faces
2025-06-12 03:46:23,612 - DEBUG - Processing batch of 1 faces, shape: (1, 224, 224, 3)
2025-06-12 03:46:23,868 - INFO - Face 0: Lacking_Focus (0.466) | All: [Bored:0.198, Interested:0.336, Lacking_Focus:0.466]
2025-06-12 03:46:23,869 - DEBUG - 📦 Processed frame: 1 faces, 807.0ms
2025-06-12 03:46:23,877 - INFO - ❌ Client disconnected
2025-06-12 03:46:23,878 - INFO - Disconnect reason: disconnect
2025-06-12 03:46:23,963 - INFO - ✅ Client connected
2025-06-12 03:46:25,267 - DEBUG - Image decoded successfully: (240, 320, 3)
2025-06-12 03:46:25,873 - DEBUG - Face preprocessed: shape=(224, 224, 3), range=[-112.779, 134.061]
2025-06-12 03:46:25,874 - DEBUG - Detected 1 valid faces
2025-06-12 03:46:25,875 - DEBUG - Processing batch of 1 faces, shape: (1, 224, 224, 3)
2025-06-12 03:46:26,130 - INFO - Face 0: Interested (0.415) | All: [Bored:0.211, Interested:0.415, Lacking_Focus:0.374]
2025-06-12 03:46:26,131 - DEBUG - 📦 Processed frame: 1 faces, 864.9ms
2025-06-12 03:46:26,320 - DEBUG - Image decoded successfully: (240, 320, 3)
2025-06-12 03:46:26,871 - DEBUG - Face preprocessed: shape=(224, 224, 3), range=[-112.779, 135.061]
2025-06-12 03:46:26,871 - DEBUG - Detected 1 valid faces
2025-06-12 03:46:26,874 - DEBUG - Processing batch of 1 faces, shape: (1, 224, 224, 3)
2025-06-12 03:46:27,129 - INFO - Face 0: Lacking_Focus (0.470) | All: [Bored:0.147, Interested:0.383, Lacking_Focus:0.470]
2025-06-12 03:46:27,131 - DEBUG - 📦 Processed frame: 1 faces, 811.0ms
2025-06-12 03:46:27,172 - DEBUG - Image decoded successfully: (240, 320, 3)
2025-06-12 03:46:27,720 - DEBUG - Face preprocessed: shape=(224, 224, 3), range=[-118.680, 137.061]
2025-06-12 03:46:27,721 - DEBUG - Detected 1 valid faces
2025-06-12 03:46:27,723 - DEBUG - Processing batch of 1 faces, shape: (1, 224, 224, 3)
2025-06-12 03:46:28,011 - INFO - Face 0: Lacking_Focus (0.491) | All: [Bored:0.160, Interested:0.349, Lacking_Focus:0.491]
2025-06-12 03:46:28,012 - DEBUG - 📦 Processed frame: 1 faces, 840.5ms
2025-06-12 03:46:28,124 - DEBUG - Image decoded successfully: (240, 320, 3)
2025-06-12 03:46:28,678 - DEBUG - Face preprocessed: shape=(224, 224, 3), range=[-114.680, 131.061]
2025-06-12 03:46:28,679 - DEBUG - Detected 1 valid faces
2025-06-12 03:46:28,681 - DEBUG - Processing batch of 1 faces, shape: (1, 224, 224, 3)
2025-06-12 03:46:28,922 - INFO - Face 0: Lacking_Focus (0.491) | All: [Bored:0.151, Interested:0.358, Lacking_Focus:0.491]
2025-06-12 03:46:28,923 - DEBUG - 📦 Processed frame: 1 faces, 800.1ms
2025-06-12 03:46:28,967 - DEBUG - Image decoded successfully: (240, 320, 3)
2025-06-12 03:46:29,540 - DEBUG - Face preprocessed: shape=(224, 224, 3), range=[-116.779, 140.061]
2025-06-12 03:46:29,541 - DEBUG - Detected 1 valid faces
2025-06-12 03:46:29,542 - DEBUG - Processing batch of 1 faces, shape: (1, 224, 224, 3)
2025-06-12 03:46:29,828 - INFO - Face 0: Lacking_Focus (0.526) | All: [Bored:0.165, Interested:0.310, Lacking_Focus:0.526]
2025-06-12 03:46:29,829 - DEBUG - 📦 Processed frame: 1 faces, 862.4ms
2025-06-12 03:46:29,958 - DEBUG - Image decoded successfully: (240, 320, 3)
2025-06-12 03:46:30,533 - DEBUG - Face preprocessed: shape=(224, 224, 3), range=[-110.779, 134.061]
2025-06-12 03:46:30,535 - DEBUG - Detected 1 valid faces
2025-06-12 03:46:30,538 - DEBUG - Processing batch of 1 faces, shape: (1, 224, 224, 3)
2025-06-12 03:46:30,868 - INFO - Face 0: Lacking_Focus (0.503) | All: [Bored:0.159, Interested:0.338, Lacking_Focus:0.503]
2025-06-12 03:46:30,869 - DEBUG - 📦 Processed frame: 1 faces, 912.0ms
2025-06-12 03:46:31,065 - DEBUG - Image decoded successfully: (240, 320, 3)
2025-06-12 03:46:31,918 - DEBUG - Face preprocessed: shape=(224, 224, 3), range=[-114.779, 131.061]
2025-06-12 03:46:31,920 - DEBUG - Detected 1 valid faces
2025-06-12 03:46:31,924 - DEBUG - Processing batch of 1 faces, shape: (1, 224, 224, 3)
2025-06-12 03:46:32,298 - INFO - Face 0: Lacking_Focus (0.416) | All: [Bored:0.181, Interested:0.403, Lacking_Focus:0.416]
2025-06-12 03:46:32,299 - DEBUG - 📦 Processed frame: 1 faces, 1234.6ms
2025-06-12 03:46:32,463 - DEBUG - Image decoded successfully: (240, 320, 3)
2025-06-12 03:46:33,085 - DEBUG - Face preprocessed: shape=(224, 224, 3), range=[-113.680, 129.061]
2025-06-12 03:46:33,086 - DEBUG - Detected 1 valid faces
2025-06-12 03:46:33,089 - DEBUG - Processing batch of 1 faces, shape: (1, 224, 224, 3)
2025-06-12 03:46:33,411 - INFO - Face 0: Lacking_Focus (0.544) | All: [Bored:0.384, Interested:0.073, Lacking_Focus:0.544]
2025-06-12 03:46:33,415 - DEBUG - 📦 Processed frame: 1 faces, 952.2ms
2025-06-12 03:46:36,206 - INFO - ❌ Client disconnected
2025-06-12 03:46:36,207 - INFO - Disconnect reason: disconnect
2025-06-12 03:47:19,675 - INFO - ✅ Client connected
2025-06-12 03:47:22,990 - DEBUG - Image decoded successfully: (240, 320, 3)
2025-06-12 03:47:23,630 - DEBUG - Face preprocessed: shape=(224, 224, 3), range=[-123.680, 98.061]
2025-06-12 03:47:23,631 - DEBUG - Detected 1 valid faces
2025-06-12 03:47:23,633 - DEBUG - Processing batch of 1 faces, shape: (1, 224, 224, 3)
2025-06-12 03:47:23,924 - INFO - Face 0: Lacking_Focus (0.440) | All: [Bored:0.120, Interested:0.440, Lacking_Focus:0.440]
2025-06-12 03:47:23,925 - DEBUG - 📦 Processed frame: 1 faces, 935.9ms
2025-06-12 03:47:24,067 - DEBUG - Image decoded successfully: (240, 320, 3)
2025-06-12 03:47:24,617 - DEBUG - Face preprocessed: shape=(224, 224, 3), range=[-115.680, 106.061]
2025-06-12 03:47:24,618 - DEBUG - Detected 1 valid faces
2025-06-12 03:47:24,619 - DEBUG - Processing batch of 1 faces, shape: (1, 224, 224, 3)
2025-06-12 03:47:24,921 - INFO - Face 0: Lacking_Focus (0.479) | All: [Bored:0.163, Interested:0.358, Lacking_Focus:0.479]
2025-06-12 03:47:24,922 - DEBUG - 📦 Processed frame: 1 faces, 856.3ms
2025-06-12 03:47:25,094 - DEBUG - Image decoded successfully: (240, 320, 3)
2025-06-12 03:47:25,816 - DEBUG - Face preprocessed: shape=(224, 224, 3), range=[-114.680, 99.061]
2025-06-12 03:47:25,817 - DEBUG - Detected 1 valid faces
2025-06-12 03:47:25,821 - DEBUG - Processing batch of 1 faces, shape: (1, 224, 224, 3)
2025-06-12 03:47:26,099 - INFO - Face 0: Lacking_Focus (0.440) | All: [Bored:0.184, Interested:0.375, Lacking_Focus:0.440]
2025-06-12 03:47:26,100 - DEBUG - 📦 Processed frame: 1 faces, 1006.7ms
2025-06-12 03:47:26,250 - DEBUG - Image decoded successfully: (240, 320, 3)
2025-06-12 03:47:26,813 - DEBUG - Face preprocessed: shape=(224, 224, 3), range=[-118.680, 108.061]
2025-06-12 03:47:26,816 - DEBUG - Detected 1 valid faces
2025-06-12 03:47:26,820 - DEBUG - Processing batch of 1 faces, shape: (1, 224, 224, 3)
2025-06-12 03:47:27,099 - INFO - Face 0: Interested (0.429) | All: [Bored:0.166, Interested:0.429, Lacking_Focus:0.406]
2025-06-12 03:47:27,100 - DEBUG - 📦 Processed frame: 1 faces, 851.1ms
2025-06-12 03:47:27,237 - DEBUG - Image decoded successfully: (240, 320, 3)
2025-06-12 03:47:27,810 - DEBUG - Face preprocessed: shape=(224, 224, 3), range=[-116.680, 111.061]
2025-06-12 03:47:27,811 - DEBUG - Detected 1 valid faces
2025-06-12 03:47:27,813 - DEBUG - Processing batch of 1 faces, shape: (1, 224, 224, 3)
2025-06-12 03:47:28,041 - INFO - Face 0: Lacking_Focus (0.510) | All: [Bored:0.169, Interested:0.321, Lacking_Focus:0.510]
2025-06-12 03:47:28,042 - DEBUG - 📦 Processed frame: 1 faces, 805.8ms
2025-06-12 03:47:28,158 - DEBUG - Image decoded successfully: (240, 320, 3)
2025-06-12 03:47:28,698 - DEBUG - Face preprocessed: shape=(224, 224, 3), range=[-123.680, 100.061]
2025-06-12 03:47:28,699 - DEBUG - Detected 1 valid faces
2025-06-12 03:47:28,701 - DEBUG - Processing batch of 1 faces, shape: (1, 224, 224, 3)
2025-06-12 03:47:28,941 - INFO - Face 0: Lacking_Focus (0.462) | All: [Bored:0.171, Interested:0.366, Lacking_Focus:0.462]
2025-06-12 03:47:28,942 - DEBUG - 📦 Processed frame: 1 faces, 784.5ms
2025-06-12 03:47:29,122 - DEBUG - Image decoded successfully: (240, 320, 3)
2025-06-12 03:47:29,658 - DEBUG - Face preprocessed: shape=(224, 224, 3), range=[-115.680, 112.061]
2025-06-12 03:47:29,659 - DEBUG - Detected 1 valid faces
2025-06-12 03:47:29,661 - DEBUG - Processing batch of 1 faces, shape: (1, 224, 224, 3)
2025-06-12 03:47:29,915 - INFO - Face 0: Lacking_Focus (0.506) | All: [Bored:0.130, Interested:0.364, Lacking_Focus:0.506]
2025-06-12 03:47:29,916 - DEBUG - 📦 Processed frame: 1 faces, 794.2ms
2025-06-12 03:47:29,965 - DEBUG - Image decoded successfully: (240, 320, 3)
2025-06-12 03:47:30,517 - DEBUG - Face preprocessed: shape=(224, 224, 3), range=[-117.680, 111.061]
2025-06-12 03:47:30,518 - DEBUG - Detected 1 valid faces
2025-06-12 03:47:30,519 - DEBUG - Processing batch of 1 faces, shape: (1, 224, 224, 3)
2025-06-12 03:47:30,769 - INFO - Face 0: Lacking_Focus (0.417) | All: [Bored:0.175, Interested:0.408, Lacking_Focus:0.417]
2025-06-12 03:47:30,771 - DEBUG - 📦 Processed frame: 1 faces, 807.5ms
2025-06-12 03:47:30,914 - DEBUG - Image decoded successfully: (240, 320, 3)
2025-06-12 03:47:31,610 - DEBUG - Face preprocessed: shape=(224, 224, 3), range=[-120.680, 120.061]
2025-06-12 03:47:31,610 - DEBUG - Detected 1 valid faces
2025-06-12 03:47:31,614 - DEBUG - Processing batch of 1 faces, shape: (1, 224, 224, 3)
2025-06-12 03:47:31,944 - INFO - Face 0: Lacking_Focus (0.496) | All: [Bored:0.189, Interested:0.315, Lacking_Focus:0.496]
2025-06-12 03:47:31,946 - DEBUG - 📦 Processed frame: 1 faces, 1032.1ms
2025-06-12 03:47:32,091 - DEBUG - Image decoded successfully: (240, 320, 3)
2025-06-12 03:47:32,799 - DEBUG - Face preprocessed: shape=(224, 224, 3), range=[-117.680, 111.061]
2025-06-12 03:47:32,801 - DEBUG - Detected 1 valid faces
2025-06-12 03:47:32,803 - DEBUG - Processing batch of 1 faces, shape: (1, 224, 224, 3)
2025-06-12 03:47:33,048 - INFO - Face 0: Lacking_Focus (0.498) | All: [Bored:0.153, Interested:0.349, Lacking_Focus:0.498]
2025-06-12 03:47:33,049 - DEBUG - 📦 Processed frame: 1 faces, 958.6ms
2025-06-12 03:47:33,142 - DEBUG - Image decoded successfully: (240, 320, 3)
2025-06-12 03:47:33,660 - DEBUG - Face preprocessed: shape=(224, 224, 3), range=[-120.680, 111.061]
2025-06-12 03:47:33,661 - DEBUG - Detected 1 valid faces
2025-06-12 03:47:33,662 - DEBUG - Processing batch of 1 faces, shape: (1, 224, 224, 3)
2025-06-12 03:47:33,923 - INFO - Face 0: Lacking_Focus (0.413) | All: [Bored:0.182, Interested:0.405, Lacking_Focus:0.413]
2025-06-12 03:47:33,924 - DEBUG - 📦 Processed frame: 1 faces, 784.9ms
2025-06-12 03:47:33,992 - DEBUG - Image decoded successfully: (240, 320, 3)
2025-06-12 03:47:34,611 - DEBUG - Face preprocessed: shape=(224, 224, 3), range=[-113.680, 136.061]
2025-06-12 03:47:34,612 - DEBUG - Detected 1 valid faces
2025-06-12 03:47:34,616 - DEBUG - Processing batch of 1 faces, shape: (1, 224, 224, 3)
2025-06-12 03:47:34,903 - INFO - Face 0: Interested (0.470) | All: [Bored:0.187, Interested:0.470, Lacking_Focus:0.344]
2025-06-12 03:47:34,904 - DEBUG - 📦 Processed frame: 1 faces, 912.7ms
2025-06-12 03:47:35,054 - DEBUG - Image decoded successfully: (240, 320, 3)
2025-06-12 03:47:35,615 - DEBUG - Face preprocessed: shape=(224, 224, 3), range=[-118.680, 110.061]
2025-06-12 03:47:35,616 - DEBUG - Detected 1 valid faces
2025-06-12 03:47:35,617 - DEBUG - Processing batch of 1 faces, shape: (1, 224, 224, 3)
2025-06-12 03:47:35,878 - INFO - Face 0: Lacking_Focus (0.439) | All: [Bored:0.188, Interested:0.373, Lacking_Focus:0.439]
2025-06-12 03:47:35,879 - DEBUG - 📦 Processed frame: 1 faces, 825.8ms
2025-06-12 03:47:36,050 - DEBUG - Image decoded successfully: (240, 320, 3)
2025-06-12 03:47:36,646 - DEBUG - Face preprocessed: shape=(224, 224, 3), range=[-123.680, 111.061]
2025-06-12 03:47:36,647 - DEBUG - Detected 1 valid faces
2025-06-12 03:47:36,649 - DEBUG - Processing batch of 1 faces, shape: (1, 224, 224, 3)
2025-06-12 03:47:36,899 - INFO - Face 0: Lacking_Focus (0.453) | All: [Bored:0.182, Interested:0.365, Lacking_Focus:0.453]
2025-06-12 03:47:36,900 - DEBUG - 📦 Processed frame: 1 faces, 850.8ms
2025-06-12 03:47:36,962 - DEBUG - Image decoded successfully: (240, 320, 3)
2025-06-12 03:47:37,528 - DEBUG - Face preprocessed: shape=(224, 224, 3), range=[-123.680, 109.061]
2025-06-12 03:47:37,529 - DEBUG - Detected 1 valid faces
2025-06-12 03:47:37,530 - DEBUG - Processing batch of 1 faces, shape: (1, 224, 224, 3)
2025-06-12 03:47:37,800 - INFO - Face 0: Lacking_Focus (0.482) | All: [Bored:0.145, Interested:0.373, Lacking_Focus:0.482]
2025-06-12 03:47:37,801 - DEBUG - 📦 Processed frame: 1 faces, 839.8ms
2025-06-12 03:47:37,908 - DEBUG - Image decoded successfully: (240, 320, 3)
2025-06-12 03:47:38,383 - DEBUG - Face preprocessed: shape=(224, 224, 3), range=[-122.680, 111.061]
2025-06-12 03:47:38,384 - DEBUG - Detected 1 valid faces
2025-06-12 03:47:38,386 - DEBUG - Processing batch of 1 faces, shape: (1, 224, 224, 3)
2025-06-12 03:47:38,657 - INFO - Face 0: Lacking_Focus (0.487) | All: [Bored:0.136, Interested:0.376, Lacking_Focus:0.487]
2025-06-12 03:47:38,658 - DEBUG - 📦 Processed frame: 1 faces, 750.1ms
2025-06-12 03:47:38,771 - DEBUG - Image decoded successfully: (240, 320, 3)
2025-06-12 03:47:39,412 - DEBUG - Face preprocessed: shape=(224, 224, 3), range=[-123.680, 113.061]
2025-06-12 03:47:39,413 - DEBUG - Detected 1 valid faces
2025-06-12 03:47:39,414 - DEBUG - Processing batch of 1 faces, shape: (1, 224, 224, 3)
2025-06-12 03:47:39,682 - INFO - Face 0: Lacking_Focus (0.489) | All: [Bored:0.126, Interested:0.385, Lacking_Focus:0.489]
2025-06-12 03:47:39,683 - DEBUG - 📦 Processed frame: 1 faces, 913.3ms
2025-06-12 03:47:39,816 - DEBUG - Image decoded successfully: (240, 320, 3)
2025-06-12 03:47:40,414 - DEBUG - Face preprocessed: shape=(224, 224, 3), range=[-121.680, 114.061]
2025-06-12 03:47:40,415 - DEBUG - Detected 1 valid faces
2025-06-12 03:47:40,416 - DEBUG - Processing batch of 1 faces, shape: (1, 224, 224, 3)
2025-06-12 03:47:40,666 - INFO - Face 0: Lacking_Focus (0.463) | All: [Bored:0.162, Interested:0.374, Lacking_Focus:0.463]
2025-06-12 03:47:40,667 - DEBUG - 📦 Processed frame: 1 faces, 852.4ms
2025-06-12 03:47:40,056 - DEBUG - Image decoded successfully: (240, 320, 3)
2025-06-12 03:47:39,685 - DEBUG - Face preprocessed: shape=(224, 224, 3), range=[-123.680, 115.061]
2025-06-12 03:47:39,686 - DEBUG - Detected 1 valid faces
2025-06-12 03:47:39,688 - DEBUG - Processing batch of 1 faces, shape: (1, 224, 224, 3)
2025-06-12 03:47:39,920 - INFO - Face 0: Lacking_Focus (0.450) | All: [Bored:0.131, Interested:0.419, Lacking_Focus:0.450]
2025-06-12 03:47:39,921 - DEBUG - 📦 Processed frame: 1 faces, -134.4ms
2025-06-12 03:47:40,057 - DEBUG - Image decoded successfully: (240, 320, 3)
2025-06-12 03:47:40,719 - DEBUG - Face preprocessed: shape=(224, 224, 3), range=[-123.680, 115.061]
2025-06-12 03:47:40,720 - DEBUG - Detected 1 valid faces
2025-06-12 03:47:40,722 - DEBUG - Processing batch of 1 faces, shape: (1, 224, 224, 3)
2025-06-12 03:47:41,000 - INFO - Face 0: Lacking_Focus (0.480) | All: [Bored:0.157, Interested:0.363, Lacking_Focus:0.480]
2025-06-12 03:47:41,002 - DEBUG - 📦 Processed frame: 1 faces, 945.6ms
2025-06-12 03:47:52,771 - DEBUG - Image decoded successfully: (240, 320, 3)
2025-06-12 03:47:53,339 - DEBUG - Face preprocessed: shape=(224, 224, 3), range=[-110.779, 129.061]
2025-06-12 03:47:53,340 - DEBUG - Detected 1 valid faces
2025-06-12 03:47:53,342 - DEBUG - Processing batch of 1 faces, shape: (1, 224, 224, 3)
2025-06-12 03:47:53,587 - INFO - Face 0: Lacking_Focus (0.479) | All: [Bored:0.245, Interested:0.275, Lacking_Focus:0.479]
2025-06-12 03:47:53,588 - DEBUG - 📦 Processed frame: 1 faces, 818.7ms
2025-06-12 03:47:53,688 - DEBUG - Image decoded successfully: (240, 320, 3)
2025-06-12 03:47:54,195 - DEBUG - Face preprocessed: shape=(224, 224, 3), range=[-107.680, 123.061]
2025-06-12 03:47:54,196 - DEBUG - Detected 1 valid faces
2025-06-12 03:47:54,197 - DEBUG - Processing batch of 1 faces, shape: (1, 224, 224, 3)
2025-06-12 03:47:54,461 - INFO - Face 0: Lacking_Focus (0.485) | All: [Bored:0.239, Interested:0.275, Lacking_Focus:0.485]
2025-06-12 03:47:54,463 - DEBUG - 📦 Processed frame: 1 faces, 774.7ms
2025-06-12 03:47:54,641 - DEBUG - Image decoded successfully: (240, 320, 3)
2025-06-12 03:47:55,205 - DEBUG - Face preprocessed: shape=(224, 224, 3), range=[-109.680, 138.061]
2025-06-12 03:47:55,206 - DEBUG - Detected 1 valid faces
2025-06-12 03:47:55,207 - DEBUG - Processing batch of 1 faces, shape: (1, 224, 224, 3)
2025-06-12 03:47:55,448 - INFO - Face 0: Lacking_Focus (0.451) | All: [Bored:0.249, Interested:0.301, Lacking_Focus:0.451]
2025-06-12 03:47:55,449 - DEBUG - 📦 Processed frame: 1 faces, 808.7ms
2025-06-12 03:47:55,485 - DEBUG - Image decoded successfully: (240, 320, 3)
2025-06-12 03:47:56,090 - DEBUG - Face preprocessed: shape=(224, 224, 3), range=[-113.680, 147.061]
2025-06-12 03:47:56,091 - DEBUG - Detected 1 valid faces
2025-06-12 03:47:56,092 - DEBUG - Processing batch of 1 faces, shape: (1, 224, 224, 3)
2025-06-12 03:47:56,341 - INFO - Face 0: Lacking_Focus (0.431) | All: [Bored:0.223, Interested:0.345, Lacking_Focus:0.431]
2025-06-12 03:47:56,342 - DEBUG - 📦 Processed frame: 1 faces, 857.4ms
2025-06-12 03:47:56,449 - DEBUG - Image decoded successfully: (240, 320, 3)
2025-06-12 03:47:57,046 - DEBUG - Face preprocessed: shape=(224, 224, 3), range=[-106.680, 140.061]
2025-06-12 03:47:57,047 - DEBUG - Detected 1 valid faces
2025-06-12 03:47:57,049 - DEBUG - Processing batch of 1 faces, shape: (1, 224, 224, 3)
2025-06-12 03:47:57,290 - INFO - Face 0: Lacking_Focus (0.422) | All: [Bored:0.200, Interested:0.377, Lacking_Focus:0.422]
2025-06-12 03:47:57,292 - DEBUG - 📦 Processed frame: 1 faces, 843.4ms
2025-06-12 03:47:57,395 - DEBUG - Image decoded successfully: (240, 320, 3)
2025-06-12 03:47:57,968 - DEBUG - Face preprocessed: shape=(224, 224, 3), range=[-103.680, 148.061]
2025-06-12 03:47:57,969 - DEBUG - Detected 1 valid faces
2025-06-12 03:47:57,972 - DEBUG - Processing batch of 1 faces, shape: (1, 224, 224, 3)
2025-06-12 03:47:58,246 - INFO - Face 0: Lacking_Focus (0.440) | All: [Bored:0.191, Interested:0.369, Lacking_Focus:0.440]
2025-06-12 03:47:58,247 - DEBUG - 📦 Processed frame: 1 faces, 852.4ms
2025-06-12 03:47:58,352 - DEBUG - Image decoded successfully: (240, 320, 3)
2025-06-12 03:47:58,963 - DEBUG - Face preprocessed: shape=(224, 224, 3), range=[-105.779, 151.061]
2025-06-12 03:47:58,964 - DEBUG - Detected 1 valid faces
2025-06-12 03:47:58,967 - DEBUG - Processing batch of 1 faces, shape: (1, 224, 224, 3)
2025-06-12 03:47:59,273 - INFO - Face 0: Lacking_Focus (0.473) | All: [Bored:0.201, Interested:0.326, Lacking_Focus:0.473]
2025-06-12 03:47:59,275 - DEBUG - 📦 Processed frame: 1 faces, 923.8ms
2025-06-12 03:47:59,305 - DEBUG - Image decoded successfully: (240, 320, 3)
2025-06-12 03:47:59,880 - DEBUG - Face preprocessed: shape=(224, 224, 3), range=[-106.680, 151.061]
2025-06-12 03:47:59,881 - DEBUG - Detected 1 valid faces
2025-06-12 03:47:59,882 - DEBUG - Processing batch of 1 faces, shape: (1, 224, 224, 3)
2025-06-12 03:48:00,372 - INFO - Face 0: Lacking_Focus (0.492) | All: [Bored:0.205, Interested:0.303, Lacking_Focus:0.492]
2025-06-12 03:48:00,373 - DEBUG - 📦 Processed frame: 1 faces, 1068.7ms
2025-06-12 03:48:00,473 - DEBUG - Image decoded successfully: (240, 320, 3)
2025-06-12 03:48:01,047 - DEBUG - Face preprocessed: shape=(224, 224, 3), range=[-107.680, 147.061]
2025-06-12 03:48:01,049 - DEBUG - Detected 1 valid faces
2025-06-12 03:48:01,051 - DEBUG - Processing batch of 1 faces, shape: (1, 224, 224, 3)
2025-06-12 03:48:01,331 - INFO - Face 0: Lacking_Focus (0.447) | All: [Bored:0.182, Interested:0.371, Lacking_Focus:0.447]
2025-06-12 03:48:01,333 - DEBUG - 📦 Processed frame: 1 faces, 860.2ms
2025-06-12 03:48:01,430 - DEBUG - Image decoded successfully: (240, 320, 3)
2025-06-12 03:48:01,998 - DEBUG - Face preprocessed: shape=(224, 224, 3), range=[-105.779, 148.061]
2025-06-12 03:48:01,998 - DEBUG - Detected 1 valid faces
2025-06-12 03:48:02,001 - DEBUG - Processing batch of 1 faces, shape: (1, 224, 224, 3)
2025-06-12 03:48:02,286 - INFO - Face 0: Lacking_Focus (0.499) | All: [Bored:0.188, Interested:0.313, Lacking_Focus:0.499]
2025-06-12 03:48:02,287 - DEBUG - 📦 Processed frame: 1 faces, 858.0ms
2025-06-12 03:48:02,385 - DEBUG - Image decoded successfully: (240, 320, 3)
2025-06-12 03:48:02,979 - DEBUG - Face preprocessed: shape=(224, 224, 3), range=[-112.680, 117.061]
2025-06-12 03:48:02,980 - DEBUG - Detected 1 valid faces
2025-06-12 03:48:02,982 - DEBUG - Processing batch of 1 faces, shape: (1, 224, 224, 3)
2025-06-12 03:48:03,212 - INFO - Face 0: Interested (0.441) | All: [Bored:0.219, Interested:0.441, Lacking_Focus:0.340]
2025-06-12 03:48:03,213 - INFO - Prediction distribution after 100 predictions: {'Bored': 0.08, 'Lacking_Focus': 0.79, 'Interested': 0.13}
2025-06-12 03:48:03,214 - DEBUG - 📦 Processed frame: 1 faces, 829.2ms
2025-06-12 03:48:03,346 - DEBUG - Image decoded successfully: (240, 320, 3)
2025-06-12 03:48:03,913 - DEBUG - Face preprocessed: shape=(224, 224, 3), range=[-107.680, 145.061]
2025-06-12 03:48:03,914 - DEBUG - Detected 1 valid faces
2025-06-12 03:48:03,916 - DEBUG - Processing batch of 1 faces, shape: (1, 224, 224, 3)
2025-06-12 03:48:04,162 - INFO - Face 0: Lacking_Focus (0.515) | All: [Bored:0.108, Interested:0.377, Lacking_Focus:0.515]
2025-06-12 03:48:04,163 - DEBUG - 📦 Processed frame: 1 faces, 817.0ms
2025-06-12 03:48:04,296 - DEBUG - Image decoded successfully: (240, 320, 3)
2025-06-12 03:48:04,917 - DEBUG - Face preprocessed: shape=(224, 224, 3), range=[-112.680, 145.061]
2025-06-12 03:48:04,918 - DEBUG - Detected 1 valid faces
2025-06-12 03:48:04,919 - DEBUG - Processing batch of 1 faces, shape: (1, 224, 224, 3)
2025-06-12 03:48:05,155 - INFO - Face 0: Lacking_Focus (0.512) | All: [Bored:0.226, Interested:0.262, Lacking_Focus:0.512]
2025-06-12 03:48:05,156 - DEBUG - 📦 Processed frame: 1 faces, 860.1ms
2025-06-12 03:48:05,306 - DEBUG - Image decoded successfully: (240, 320, 3)
2025-06-12 03:48:05,869 - DEBUG - Face preprocessed: shape=(224, 224, 3), range=[-104.779, 151.061]
2025-06-12 03:48:05,870 - DEBUG - Detected 1 valid faces
2025-06-12 03:48:05,872 - DEBUG - Processing batch of 1 faces, shape: (1, 224, 224, 3)
2025-06-12 03:48:06,119 - INFO - Face 0: Interested (0.407) | All: [Bored:0.199, Interested:0.407, Lacking_Focus:0.395]
2025-06-12 03:48:06,120 - DEBUG - 📦 Processed frame: 1 faces, 815.3ms
2025-06-12 03:48:06,201 - DEBUG - Image decoded successfully: (240, 320, 3)
2025-06-12 03:48:06,741 - DEBUG - Face preprocessed: shape=(224, 224, 3), range=[-108.680, 151.061]
2025-06-12 03:48:06,742 - DEBUG - Detected 1 valid faces
2025-06-12 03:48:06,743 - DEBUG - Processing batch of 1 faces, shape: (1, 224, 224, 3)
2025-06-12 03:48:06,973 - INFO - Face 0: Lacking_Focus (0.454) | All: [Bored:0.206, Interested:0.341, Lacking_Focus:0.454]
2025-06-12 03:48:06,975 - DEBUG - 📦 Processed frame: 1 faces, 773.7ms
2025-06-12 03:48:07,147 - DEBUG - Image decoded successfully: (240, 320, 3)
2025-06-12 03:48:07,764 - DEBUG - Face preprocessed: shape=(224, 224, 3), range=[-108.779, 151.061]
2025-06-12 03:48:07,765 - DEBUG - Detected 1 valid faces
2025-06-12 03:48:07,766 - DEBUG - Processing batch of 1 faces, shape: (1, 224, 224, 3)
2025-06-12 03:48:08,001 - INFO - Face 0: Lacking_Focus (0.522) | All: [Bored:0.185, Interested:0.294, Lacking_Focus:0.522]
2025-06-12 03:48:08,003 - DEBUG - 📦 Processed frame: 1 faces, 856.2ms
2025-06-12 03:48:08,114 - DEBUG - Image decoded successfully: (240, 320, 3)
2025-06-12 03:48:08,711 - DEBUG - Face preprocessed: shape=(224, 224, 3), range=[-106.680, 149.061]
2025-06-12 03:48:08,711 - DEBUG - Detected 1 valid faces
2025-06-12 03:48:08,713 - DEBUG - Processing batch of 1 faces, shape: (1, 224, 224, 3)
2025-06-12 03:48:08,950 - INFO - Face 0: Lacking_Focus (0.445) | All: [Bored:0.190, Interested:0.365, Lacking_Focus:0.445]
2025-06-12 03:48:08,951 - DEBUG - 📦 Processed frame: 1 faces, 837.4ms
2025-06-12 03:48:08,296 - DEBUG - Image decoded successfully: (240, 320, 3)
2025-06-12 03:48:07,960 - DEBUG - Face preprocessed: shape=(224, 224, 3), range=[-105.680, 151.061]
2025-06-12 03:48:07,961 - DEBUG - Detected 1 valid faces
2025-06-12 03:48:07,962 - DEBUG - Processing batch of 1 faces, shape: (1, 224, 224, 3)
2025-06-12 03:48:08,191 - INFO - Face 0: Lacking_Focus (0.454) | All: [Bored:0.184, Interested:0.362, Lacking_Focus:0.454]
2025-06-12 03:48:08,193 - DEBUG - 📦 Processed frame: 1 faces, -103.3ms
2025-06-12 03:48:08,328 - DEBUG - Image decoded successfully: (240, 320, 3)
2025-06-12 03:48:08,918 - DEBUG - Face preprocessed: shape=(224, 224, 3), range=[-108.680, 151.061]
2025-06-12 03:48:08,919 - DEBUG - Detected 1 valid faces
2025-06-12 03:48:08,922 - DEBUG - Processing batch of 1 faces, shape: (1, 224, 224, 3)
2025-06-12 03:48:09,362 - INFO - Face 0: Lacking_Focus (0.497) | All: [Bored:0.208, Interested:0.295, Lacking_Focus:0.497]
2025-06-12 03:48:09,363 - DEBUG - 📦 Processed frame: 1 faces, 1036.1ms
2025-06-12 03:48:09,488 - DEBUG - Image decoded successfully: (240, 320, 3)
2025-06-12 03:48:10,116 - DEBUG - Face preprocessed: shape=(224, 224, 3), range=[-107.779, 118.061]
2025-06-12 03:48:10,117 - DEBUG - Detected 1 valid faces
2025-06-12 03:48:10,118 - DEBUG - Processing batch of 1 faces, shape: (1, 224, 224, 3)
2025-06-12 03:48:10,379 - INFO - Face 0: Interested (0.364) | All: [Bored:0.273, Interested:0.364, Lacking_Focus:0.363]
2025-06-12 03:48:10,380 - DEBUG - Face 0: Low confidence 0.364, using 'Uncertain'
2025-06-12 03:48:10,381 - DEBUG - 📦 Processed frame: 1 faces, 893.8ms
2025-06-12 03:48:10,491 - DEBUG - Image decoded successfully: (240, 320, 3)
2025-06-12 03:48:11,009 - DEBUG - Face preprocessed: shape=(224, 224, 3), range=[-122.680, 136.061]
2025-06-12 03:48:11,010 - DEBUG - Detected 1 valid faces
2025-06-12 03:48:11,011 - DEBUG - Processing batch of 1 faces, shape: (1, 224, 224, 3)
2025-06-12 03:48:11,280 - INFO - Face 0: Interested (0.444) | All: [Bored:0.199, Interested:0.444, Lacking_Focus:0.357]
2025-06-12 03:48:11,281 - DEBUG - 📦 Processed frame: 1 faces, 790.9ms
2025-06-12 03:48:11,398 - DEBUG - Image decoded successfully: (240, 320, 3)
2025-06-12 03:48:12,036 - DEBUG - Face preprocessed: shape=(224, 224, 3), range=[-111.680, 145.061]
2025-06-12 03:48:12,037 - DEBUG - Detected 1 valid faces
2025-06-12 03:48:12,039 - DEBUG - Processing batch of 1 faces, shape: (1, 224, 224, 3)
2025-06-12 03:48:12,301 - INFO - Face 0: Lacking_Focus (0.429) | All: [Bored:0.152, Interested:0.419, Lacking_Focus:0.429]
2025-06-12 03:48:12,303 - DEBUG - 📦 Processed frame: 1 faces, 906.3ms
2025-06-12 03:48:12,458 - DEBUG - Image decoded successfully: (240, 320, 3)
2025-06-12 03:48:13,006 - DEBUG - Face preprocessed: shape=(224, 224, 3), range=[-111.680, 151.061]
2025-06-12 03:48:13,007 - DEBUG - Detected 1 valid faces
2025-06-12 03:48:13,008 - DEBUG - Processing batch of 1 faces, shape: (1, 224, 224, 3)
2025-06-12 03:48:13,252 - INFO - Face 0: Interested (0.413) | All: [Bored:0.174, Interested:0.413, Lacking_Focus:0.413]
2025-06-12 03:48:13,253 - DEBUG - 📦 Processed frame: 1 faces, 795.2ms
2025-06-12 03:48:13,303 - DEBUG - Image decoded successfully: (240, 320, 3)
2025-06-12 03:48:13,891 - DEBUG - Face preprocessed: shape=(224, 224, 3), range=[-112.680, 151.061]
2025-06-12 03:48:13,892 - DEBUG - Detected 1 valid faces
2025-06-12 03:48:13,893 - DEBUG - Processing batch of 1 faces, shape: (1, 224, 224, 3)
2025-06-12 03:48:14,159 - INFO - Face 0: Lacking_Focus (0.429) | All: [Bored:0.151, Interested:0.420, Lacking_Focus:0.429]
2025-06-12 03:48:14,160 - DEBUG - 📦 Processed frame: 1 faces, 857.5ms
2025-06-12 03:48:14,256 - DEBUG - Image decoded successfully: (240, 320, 3)
2025-06-12 03:48:14,866 - DEBUG - Face preprocessed: shape=(224, 224, 3), range=[-110.680, 150.061]
2025-06-12 03:48:14,867 - DEBUG - Detected 1 valid faces
2025-06-12 03:48:14,869 - DEBUG - Processing batch of 1 faces, shape: (1, 224, 224, 3)
2025-06-12 03:48:15,131 - INFO - Face 0: Lacking_Focus (0.430) | All: [Bored:0.165, Interested:0.405, Lacking_Focus:0.430]
2025-06-12 03:48:15,132 - DEBUG - 📦 Processed frame: 1 faces, 877.2ms
2025-06-12 03:48:15,207 - DEBUG - Image decoded successfully: (240, 320, 3)
2025-06-12 03:48:15,837 - DEBUG - Face preprocessed: shape=(224, 224, 3), range=[-122.680, 150.061]
2025-06-12 03:48:15,839 - DEBUG - Detected 1 valid faces
2025-06-12 03:48:15,843 - DEBUG - Processing batch of 1 faces, shape: (1, 224, 224, 3)
2025-06-12 03:48:16,117 - INFO - Face 0: Lacking_Focus (0.484) | All: [Bored:0.151, Interested:0.365, Lacking_Focus:0.484]
2025-06-12 03:48:16,119 - DEBUG - 📦 Processed frame: 1 faces, 912.1ms
2025-06-12 03:48:16,275 - DEBUG - Image decoded successfully: (240, 320, 3)
2025-06-12 03:48:16,907 - DEBUG - Face preprocessed: shape=(224, 224, 3), range=[-122.680, 139.061]
2025-06-12 03:48:16,908 - DEBUG - Detected 1 valid faces
2025-06-12 03:48:16,909 - DEBUG - Processing batch of 1 faces, shape: (1, 224, 224, 3)
2025-06-12 03:48:17,156 - INFO - Face 0: Lacking_Focus (0.480) | All: [Bored:0.144, Interested:0.376, Lacking_Focus:0.480]
2025-06-12 03:48:17,158 - DEBUG - 📦 Processed frame: 1 faces, 884.1ms
2025-06-12 03:48:17,259 - DEBUG - Image decoded successfully: (240, 320, 3)
2025-06-12 03:48:17,803 - DEBUG - Face preprocessed: shape=(224, 224, 3), range=[-121.680, 151.061]
2025-06-12 03:48:17,803 - DEBUG - Detected 1 valid faces
2025-06-12 03:48:17,805 - DEBUG - Processing batch of 1 faces, shape: (1, 224, 224, 3)
2025-06-12 03:48:18,035 - INFO - Face 0: Lacking_Focus (0.482) | All: [Bored:0.122, Interested:0.395, Lacking_Focus:0.482]
2025-06-12 03:48:18,036 - DEBUG - 📦 Processed frame: 1 faces, 777.4ms
2025-06-12 03:48:18,067 - DEBUG - Image decoded successfully: (240, 320, 3)
2025-06-12 03:48:18,589 - DEBUG - Face preprocessed: shape=(224, 224, 3), range=[-114.680, 148.061]
2025-06-12 03:48:18,591 - DEBUG - Detected 1 valid faces
2025-06-12 03:48:18,593 - DEBUG - Processing batch of 1 faces, shape: (1, 224, 224, 3)
2025-06-12 03:48:18,851 - INFO - Face 0: Interested (0.431) | All: [Bored:0.150, Interested:0.431, Lacking_Focus:0.419]
2025-06-12 03:48:18,852 - DEBUG - 📦 Processed frame: 1 faces, 785.0ms
2025-06-12 03:48:19,015 - DEBUG - Image decoded successfully: (240, 320, 3)
2025-06-12 03:48:19,550 - DEBUG - Face preprocessed: shape=(224, 224, 3), range=[-119.680, 142.061]
2025-06-12 03:48:19,551 - DEBUG - Detected 1 valid faces
2025-06-12 03:48:19,552 - DEBUG - Processing batch of 1 faces, shape: (1, 224, 224, 3)
2025-06-12 03:48:19,786 - INFO - Face 0: Lacking_Focus (0.462) | All: [Bored:0.193, Interested:0.345, Lacking_Focus:0.462]
2025-06-12 03:48:19,787 - DEBUG - 📦 Processed frame: 1 faces, 772.2ms
2025-06-12 03:48:19,795 - INFO - ❌ Client disconnected
2025-06-12 03:48:19,796 - INFO - Disconnect reason: disconnect
2025-06-12 03:48:19,813 - INFO - ✅ Client connected
2025-06-12 03:48:21,233 - DEBUG - Image decoded successfully: (240, 320, 3)
2025-06-12 03:48:21,767 - DEBUG - Face preprocessed: shape=(224, 224, 3), range=[-119.680, 151.061]
2025-06-12 03:48:21,767 - DEBUG - Detected 1 valid faces
2025-06-12 03:48:21,769 - DEBUG - Processing batch of 1 faces, shape: (1, 224, 224, 3)
2025-06-12 03:48:22,034 - INFO - Face 0: Lacking_Focus (0.463) | All: [Bored:0.126, Interested:0.411, Lacking_Focus:0.463]
2025-06-12 03:48:22,036 - DEBUG - 📦 Processed frame: 1 faces, 803.4ms
2025-06-12 03:48:22,130 - DEBUG - Image decoded successfully: (240, 320, 3)
2025-06-12 03:48:22,719 - DEBUG - Face preprocessed: shape=(224, 224, 3), range=[-107.779, 139.061]
2025-06-12 03:48:22,720 - DEBUG - Detected 1 valid faces
2025-06-12 03:48:22,722 - DEBUG - Processing batch of 1 faces, shape: (1, 224, 224, 3)
2025-06-12 03:48:23,021 - INFO - Face 0: Lacking_Focus (0.511) | All: [Bored:0.138, Interested:0.351, Lacking_Focus:0.511]
2025-06-12 03:48:23,023 - DEBUG - 📦 Processed frame: 1 faces, 893.6ms
2025-06-12 03:48:23,200 - DEBUG - Image decoded successfully: (240, 320, 3)
2025-06-12 03:48:23,787 - DEBUG - Face preprocessed: shape=(224, 224, 3), range=[-118.680, 150.061]
2025-06-12 03:48:23,787 - DEBUG - Detected 1 valid faces
2025-06-12 03:48:23,788 - DEBUG - Processing batch of 1 faces, shape: (1, 224, 224, 3)
2025-06-12 03:48:24,057 - INFO - Face 0: Lacking_Focus (0.497) | All: [Bored:0.150, Interested:0.354, Lacking_Focus:0.497]
2025-06-12 03:48:24,058 - DEBUG - 📦 Processed frame: 1 faces, 858.7ms
2025-06-12 03:48:24,100 - DEBUG - Image decoded successfully: (240, 320, 3)
2025-06-12 03:48:24,740 - DEBUG - Face preprocessed: shape=(224, 224, 3), range=[-109.680, 150.061]
2025-06-12 03:48:24,741 - DEBUG - Detected 1 valid faces
2025-06-12 03:48:24,743 - DEBUG - Processing batch of 1 faces, shape: (1, 224, 224, 3)
2025-06-12 03:48:25,102 - INFO - Face 0: Lacking_Focus (0.429) | All: [Bored:0.151, Interested:0.419, Lacking_Focus:0.429]
2025-06-12 03:48:25,104 - DEBUG - 📦 Processed frame: 1 faces, 1005.2ms
2025-06-12 03:48:28,197 - INFO - ❌ Client disconnected
2025-06-12 03:48:28,202 - INFO - Disconnect reason: disconnect
2025-06-12 03:49:47,618 - INFO - ✅ Face detection model initialized
2025-06-12 03:49:53,446 - INFO - Model output shape: (1, 3)
2025-06-12 03:49:53,447 - INFO - Expected classes: 3
2025-06-12 03:49:53,448 - INFO - Model output classes: 3
2025-06-12 03:49:53,452 - INFO - Test output sum: 1.0000
2025-06-12 03:49:53,453 - INFO - Model appears to output categorical probabilities (softmax)
2025-06-12 03:49:53,454 - INFO - ✅ Emotion model loaded and validated: /app/apps/models/emotion_recognition_model.keras
2025-06-12 03:49:53,455 - INFO - ✅ Using emotion labels: ['Bored', 'Interested', 'Lacking_Focus']
2025-06-12 03:50:20,585 - INFO - ✅ Face detection model initialized
2025-06-12 03:50:26,550 - INFO - Model output shape: (1, 3)
2025-06-12 03:50:26,551 - INFO - Expected classes: 3
2025-06-12 03:50:26,552 - INFO - Model output classes: 3
2025-06-12 03:50:26,553 - INFO - Test output sum: 1.0000
2025-06-12 03:50:26,553 - INFO - Model appears to output categorical probabilities (softmax)
2025-06-12 03:50:26,555 - INFO - ✅ Emotion model loaded and validated: /app/apps/models/emotion_recognition_model.keras
2025-06-12 03:50:26,556 - INFO - ✅ Using emotion labels: ['Bored', 'Interested', 'Lacking_Focus']
2025-06-12 03:50:37,359 - INFO - ✅ Client connected
2025-06-12 03:50:39,378 - DEBUG - Image decoded successfully: (240, 320, 3)
2025-06-12 03:50:40,047 - DEBUG - Face preprocessed: shape=(224, 224, 3), range=[-96.680, 151.061]
2025-06-12 03:50:40,048 - DEBUG - Detected 1 valid faces
2025-06-12 03:50:40,051 - DEBUG - Processing batch of 1 faces, shape: (1, 224, 224, 3)
2025-06-12 03:50:40,403 - INFO - Face 0: Lacking_Focus (0.434) | All: [Bored:0.169, Interested:0.397, Lacking_Focus:0.434]
2025-06-12 03:50:40,405 - DEBUG - 📦 Processed frame: 1 faces, 1028.2ms
2025-06-12 03:50:40,557 - DEBUG - Image decoded successfully: (240, 320, 3)
2025-06-12 03:50:41,218 - DEBUG - Face preprocessed: shape=(224, 224, 3), range=[-92.779, 146.061]
2025-06-12 03:50:41,219 - DEBUG - Detected 1 valid faces
2025-06-12 03:50:41,221 - DEBUG - Processing batch of 1 faces, shape: (1, 224, 224, 3)
2025-06-12 03:50:41,500 - INFO - Face 0: Lacking_Focus (0.405) | All: [Bored:0.219, Interested:0.377, Lacking_Focus:0.405]
2025-06-12 03:50:41,502 - DEBUG - 📦 Processed frame: 1 faces, 945.1ms
2025-06-12 03:50:41,712 - DEBUG - Image decoded successfully: (240, 320, 3)
2025-06-12 03:50:42,247 - DEBUG - Face preprocessed: shape=(224, 224, 3), range=[-96.680, 148.061]
2025-06-12 03:50:42,248 - DEBUG - Detected 1 valid faces
2025-06-12 03:50:42,249 - DEBUG - Processing batch of 1 faces, shape: (1, 224, 224, 3)
2025-06-12 03:50:42,520 - INFO - Face 0: Lacking_Focus (0.462) | All: [Bored:0.132, Interested:0.406, Lacking_Focus:0.462]
2025-06-12 03:50:42,522 - DEBUG - 📦 Processed frame: 1 faces, 810.9ms
2025-06-12 03:50:42,658 - DEBUG - Image decoded successfully: (240, 320, 3)
2025-06-12 03:50:43,213 - DEBUG - Face preprocessed: shape=(224, 224, 3), range=[-100.680, 146.061]
2025-06-12 03:50:43,214 - DEBUG - Detected 1 valid faces
2025-06-12 03:50:43,215 - DEBUG - Processing batch of 1 faces, shape: (1, 224, 224, 3)
2025-06-12 03:50:43,496 - INFO - Face 0: Lacking_Focus (0.467) | All: [Bored:0.122, Interested:0.411, Lacking_Focus:0.467]
2025-06-12 03:50:43,498 - DEBUG - 📦 Processed frame: 1 faces, 840.0ms
2025-06-12 03:50:43,605 - DEBUG - Image decoded successfully: (240, 320, 3)
2025-06-12 03:50:44,185 - DEBUG - Face preprocessed: shape=(224, 224, 3), range=[-95.680, 146.061]
2025-06-12 03:50:44,186 - DEBUG - Detected 1 valid faces
2025-06-12 03:50:44,187 - DEBUG - Processing batch of 1 faces, shape: (1, 224, 224, 3)
2025-06-12 03:50:44,447 - INFO - Face 0: Lacking_Focus (0.437) | All: [Bored:0.182, Interested:0.381, Lacking_Focus:0.437]
2025-06-12 03:50:44,448 - DEBUG - 📦 Processed frame: 1 faces, 843.6ms
2025-06-12 03:50:44,564 - DEBUG - Image decoded successfully: (240, 320, 3)
2025-06-12 03:50:45,130 - DEBUG - Face preprocessed: shape=(224, 224, 3), range=[-95.680, 150.061]
2025-06-12 03:50:45,131 - DEBUG - Detected 1 valid faces
2025-06-12 03:50:45,133 - DEBUG - Processing batch of 1 faces, shape: (1, 224, 224, 3)
2025-06-12 03:50:45,388 - INFO - Face 0: Lacking_Focus (0.423) | All: [Bored:0.187, Interested:0.390, Lacking_Focus:0.423]
2025-06-12 03:50:45,389 - DEBUG - 📦 Processed frame: 1 faces, 825.2ms
2025-06-12 03:50:45,512 - DEBUG - Image decoded successfully: (240, 320, 3)
2025-06-12 03:50:46,127 - DEBUG - Face preprocessed: shape=(224, 224, 3), range=[-97.680, 146.061]
2025-06-12 03:50:46,141 - DEBUG - Detected 1 valid faces
2025-06-12 03:50:46,142 - DEBUG - Processing batch of 1 faces, shape: (1, 224, 224, 3)
2025-06-12 03:50:46,392 - INFO - Face 0: Lacking_Focus (0.412) | All: [Bored:0.186, Interested:0.402, Lacking_Focus:0.412]
2025-06-12 03:50:46,394 - DEBUG - 📦 Processed frame: 1 faces, 881.8ms
2025-06-12 03:50:46,570 - DEBUG - Image decoded successfully: (240, 320, 3)
2025-06-12 03:50:47,118 - DEBUG - Face preprocessed: shape=(224, 224, 3), range=[-99.680, 151.061]
2025-06-12 03:50:47,119 - DEBUG - Detected 1 valid faces
2025-06-12 03:50:47,121 - DEBUG - Processing batch of 1 faces, shape: (1, 224, 224, 3)
2025-06-12 03:50:47,399 - INFO - Face 0: Lacking_Focus (0.464) | All: [Bored:0.218, Interested:0.318, Lacking_Focus:0.464]
2025-06-12 03:50:47,400 - DEBUG - 📦 Processed frame: 1 faces, 830.8ms
2025-06-12 03:50:47,541 - DEBUG - Image decoded successfully: (240, 320, 3)
2025-06-12 03:50:48,125 - DEBUG - Face preprocessed: shape=(224, 224, 3), range=[-95.680, 149.061]
2025-06-12 03:50:48,126 - DEBUG - Detected 1 valid faces
2025-06-12 03:50:48,127 - DEBUG - Processing batch of 1 faces, shape: (1, 224, 224, 3)
2025-06-12 03:50:48,414 - INFO - Face 0: Interested (0.447) | All: [Bored:0.161, Interested:0.447, Lacking_Focus:0.392]
2025-06-12 03:50:48,415 - DEBUG - 📦 Processed frame: 1 faces, 874.5ms
2025-06-12 03:50:48,478 - DEBUG - Image decoded successfully: (240, 320, 3)
2025-06-12 03:50:49,088 - DEBUG - Face preprocessed: shape=(224, 224, 3), range=[-98.680, 147.061]
2025-06-12 03:50:49,090 - DEBUG - Detected 1 valid faces
2025-06-12 03:50:49,093 - DEBUG - Processing batch of 1 faces, shape: (1, 224, 224, 3)
2025-06-12 03:50:49,394 - INFO - Face 0: Interested (0.452) | All: [Bored:0.169, Interested:0.452, Lacking_Focus:0.379]
2025-06-12 03:50:49,395 - DEBUG - 📦 Processed frame: 1 faces, 917.9ms
2025-06-12 03:50:49,540 - DEBUG - Image decoded successfully: (240, 320, 3)
2025-06-12 03:50:50,148 - DEBUG - Face preprocessed: shape=(224, 224, 3), range=[-97.680, 147.061]
2025-06-12 03:50:50,149 - DEBUG - Detected 1 valid faces
2025-06-12 03:50:50,151 - DEBUG - Processing batch of 1 faces, shape: (1, 224, 224, 3)
2025-06-12 03:50:50,432 - INFO - Face 0: Interested (0.516) | All: [Bored:0.131, Interested:0.516, Lacking_Focus:0.354]
2025-06-12 03:50:50,436 - DEBUG - 📦 Processed frame: 1 faces, 897.3ms
2025-06-12 03:50:50,557 - DEBUG - Image decoded successfully: (240, 320, 3)
2025-06-12 03:50:51,170 - DEBUG - Face preprocessed: shape=(224, 224, 3), range=[-97.680, 146.061]
2025-06-12 03:50:51,171 - DEBUG - Detected 1 valid faces
2025-06-12 03:50:51,173 - DEBUG - Processing batch of 1 faces, shape: (1, 224, 224, 3)
2025-06-12 03:50:51,465 - INFO - Face 0: Interested (0.461) | All: [Bored:0.142, Interested:0.461, Lacking_Focus:0.397]
2025-06-12 03:50:51,466 - DEBUG - 📦 Processed frame: 1 faces, 910.3ms
2025-06-12 03:50:51,614 - DEBUG - Image decoded successfully: (240, 320, 3)
2025-06-12 03:50:52,201 - DEBUG - Face preprocessed: shape=(224, 224, 3), range=[-101.680, 145.061]
2025-06-12 03:50:52,203 - DEBUG - Detected 1 valid faces
2025-06-12 03:50:52,205 - DEBUG - Processing batch of 1 faces, shape: (1, 224, 224, 3)
2025-06-12 03:50:52,472 - INFO - Face 0: Interested (0.470) | All: [Bored:0.166, Interested:0.470, Lacking_Focus:0.364]
2025-06-12 03:50:52,473 - DEBUG - 📦 Processed frame: 1 faces, 859.6ms
2025-06-12 03:50:52,512 - DEBUG - Image decoded successfully: (240, 320, 3)
2025-06-12 03:50:53,172 - DEBUG - Face preprocessed: shape=(224, 224, 3), range=[-100.680, 145.061]
2025-06-12 03:50:53,173 - DEBUG - Detected 1 valid faces
2025-06-12 03:50:53,175 - DEBUG - Processing batch of 1 faces, shape: (1, 224, 224, 3)
2025-06-12 03:50:53,467 - INFO - Face 0: Interested (0.466) | All: [Bored:0.145, Interested:0.466, Lacking_Focus:0.389]
2025-06-12 03:50:53,469 - DEBUG - 📦 Processed frame: 1 faces, 957.1ms
2025-06-12 03:50:53,566 - DEBUG - Image decoded successfully: (240, 320, 3)
2025-06-12 03:50:54,131 - DEBUG - Face preprocessed: shape=(224, 224, 3), range=[-98.680, 147.061]
2025-06-12 03:50:54,132 - DEBUG - Detected 1 valid faces
2025-06-12 03:50:54,134 - DEBUG - Processing batch of 1 faces, shape: (1, 224, 224, 3)
2025-06-12 03:50:54,396 - INFO - Face 0: Interested (0.431) | All: [Bored:0.142, Interested:0.431, Lacking_Focus:0.427]
2025-06-12 03:50:54,397 - DEBUG - 📦 Processed frame: 1 faces, 832.3ms
2025-06-12 03:50:54,510 - DEBUG - Image decoded successfully: (240, 320, 3)
2025-06-12 03:50:55,091 - DEBUG - Face preprocessed: shape=(224, 224, 3), range=[-102.680, 146.061]
2025-06-12 03:50:55,092 - DEBUG - Detected 1 valid faces
2025-06-12 03:50:55,094 - DEBUG - Processing batch of 1 faces, shape: (1, 224, 224, 3)
2025-06-12 03:50:55,382 - INFO - Face 0: Interested (0.514) | All: [Bored:0.147, Interested:0.514, Lacking_Focus:0.339]
2025-06-12 03:50:55,383 - DEBUG - 📦 Processed frame: 1 faces, 873.5ms
2025-06-12 03:50:55,581 - DEBUG - Image decoded successfully: (240, 320, 3)
2025-06-12 03:50:56,148 - DEBUG - Face preprocessed: shape=(224, 224, 3), range=[-99.680, 146.061]
2025-06-12 03:50:56,149 - DEBUG - Detected 1 valid faces
2025-06-12 03:50:56,151 - DEBUG - Processing batch of 1 faces, shape: (1, 224, 224, 3)
2025-06-12 03:50:56,415 - INFO - Face 0: Interested (0.441) | All: [Bored:0.178, Interested:0.441, Lacking_Focus:0.381]
2025-06-12 03:50:56,418 - DEBUG - 📦 Processed frame: 1 faces, 837.9ms
2025-06-12 03:50:56,530 - DEBUG - Image decoded successfully: (240, 320, 3)
2025-06-12 03:50:57,091 - DEBUG - Face preprocessed: shape=(224, 224, 3), range=[-98.680, 147.061]
2025-06-12 03:50:57,092 - DEBUG - Detected 1 valid faces
2025-06-12 03:50:57,094 - DEBUG - Processing batch of 1 faces, shape: (1, 224, 224, 3)
2025-06-12 03:50:57,356 - INFO - Face 0: Interested (0.510) | All: [Bored:0.133, Interested:0.510, Lacking_Focus:0.357]
2025-06-12 03:50:57,357 - DEBUG - 📦 Processed frame: 1 faces, 827.1ms
2025-06-12 03:50:57,480 - DEBUG - Image decoded successfully: (240, 320, 3)
2025-06-12 03:50:58,060 - DEBUG - Face preprocessed: shape=(224, 224, 3), range=[-99.680, 148.061]
2025-06-12 03:50:58,061 - DEBUG - Detected 1 valid faces
2025-06-12 03:50:58,063 - DEBUG - Processing batch of 1 faces, shape: (1, 224, 224, 3)
2025-06-12 03:50:58,327 - INFO - Face 0: Interested (0.446) | All: [Bored:0.162, Interested:0.446, Lacking_Focus:0.392]
2025-06-12 03:50:58,328 - DEBUG - 📦 Processed frame: 1 faces, 848.2ms
2025-06-12 03:50:58,433 - DEBUG - Image decoded successfully: (240, 320, 3)
2025-06-12 03:50:58,229 - DEBUG - Face preprocessed: shape=(224, 224, 3), range=[-98.680, 147.061]
2025-06-12 03:50:58,230 - DEBUG - Detected 1 valid faces
2025-06-12 03:50:58,232 - DEBUG - Processing batch of 1 faces, shape: (1, 224, 224, 3)
2025-06-12 03:50:57,589 - INFO - Face 0: Interested (0.428) | All: [Bored:0.181, Interested:0.428, Lacking_Focus:0.391]
2025-06-12 03:50:57,590 - DEBUG - 📦 Processed frame: 1 faces, -842.8ms
2025-06-12 03:50:57,693 - DEBUG - Image decoded successfully: (240, 320, 3)
2025-06-12 03:50:58,386 - DEBUG - Face preprocessed: shape=(224, 224, 3), range=[-97.779, 145.061]
2025-06-12 03:50:58,387 - DEBUG - Detected 1 valid faces
2025-06-12 03:50:58,389 - DEBUG - Processing batch of 1 faces, shape: (1, 224, 224, 3)
2025-06-12 03:50:58,674 - INFO - Face 0: Interested (0.466) | All: [Bored:0.147, Interested:0.466, Lacking_Focus:0.388]
2025-06-12 03:50:58,675 - DEBUG - 📦 Processed frame: 1 faces, 982.9ms
2025-06-12 03:50:58,868 - DEBUG - Image decoded successfully: (240, 320, 3)
2025-06-12 03:50:59,490 - DEBUG - Face preprocessed: shape=(224, 224, 3), range=[-101.680, 142.061]
2025-06-12 03:50:59,491 - DEBUG - Detected 1 valid faces
2025-06-12 03:50:59,492 - DEBUG - Processing batch of 1 faces, shape: (1, 224, 224, 3)
2025-06-12 03:50:59,758 - INFO - Face 0: Lacking_Focus (0.419) | All: [Bored:0.165, Interested:0.416, Lacking_Focus:0.419]
2025-06-12 03:50:59,759 - DEBUG - 📦 Processed frame: 1 faces, 891.3ms
2025-06-12 03:50:59,921 - DEBUG - Image decoded successfully: (240, 320, 3)
2025-06-12 03:51:00,523 - DEBUG - Face preprocessed: shape=(224, 224, 3), range=[-105.680, 148.061]
2025-06-12 03:51:00,524 - DEBUG - Detected 1 valid faces
2025-06-12 03:51:00,543 - DEBUG - Processing batch of 1 faces, shape: (1, 224, 224, 3)
2025-06-12 03:51:00,815 - INFO - Face 0: Interested (0.395) | All: [Bored:0.276, Interested:0.395, Lacking_Focus:0.329]
2025-06-12 03:51:00,816 - DEBUG - 📦 Processed frame: 1 faces, 896.0ms
2025-06-12 03:51:00,910 - DEBUG - Image decoded successfully: (240, 320, 3)
2025-06-12 03:51:01,521 - DEBUG - Face preprocessed: shape=(224, 224, 3), range=[-102.680, 145.061]
2025-06-12 03:51:01,522 - DEBUG - Detected 1 valid faces
2025-06-12 03:51:01,524 - DEBUG - Processing batch of 1 faces, shape: (1, 224, 224, 3)
2025-06-12 03:51:01,824 - INFO - Face 0: Interested (0.464) | All: [Bored:0.143, Interested:0.464, Lacking_Focus:0.393]
2025-06-12 03:51:01,825 - DEBUG - 📦 Processed frame: 1 faces, 915.8ms
2025-06-12 03:51:01,983 - DEBUG - Image decoded successfully: (240, 320, 3)
2025-06-12 03:51:02,619 - DEBUG - Face preprocessed: shape=(224, 224, 3), range=[-94.779, 136.061]
2025-06-12 03:51:02,620 - DEBUG - Detected 1 valid faces
2025-06-12 03:51:02,621 - DEBUG - Processing batch of 1 faces, shape: (1, 224, 224, 3)
2025-06-12 03:51:02,890 - INFO - Face 0: Interested (0.476) | All: [Bored:0.150, Interested:0.476, Lacking_Focus:0.373]
2025-06-12 03:51:02,891 - DEBUG - 📦 Processed frame: 1 faces, 909.4ms
2025-06-12 03:51:03,062 - DEBUG - Image decoded successfully: (240, 320, 3)
2025-06-12 03:51:03,646 - DEBUG - Face preprocessed: shape=(224, 224, 3), range=[-95.680, 135.061]
2025-06-12 03:51:03,647 - DEBUG - Detected 1 valid faces
2025-06-12 03:51:03,649 - DEBUG - Processing batch of 1 faces, shape: (1, 224, 224, 3)
2025-06-12 03:51:03,902 - INFO - Face 0: Interested (0.504) | All: [Bored:0.153, Interested:0.504, Lacking_Focus:0.343]
2025-06-12 03:51:03,903 - DEBUG - 📦 Processed frame: 1 faces, 842.2ms
2025-06-12 03:51:03,937 - DEBUG - Image decoded successfully: (240, 320, 3)
2025-06-12 03:51:04,497 - DEBUG - Face preprocessed: shape=(224, 224, 3), range=[-96.680, 128.061]
2025-06-12 03:51:04,498 - DEBUG - Detected 1 valid faces
2025-06-12 03:51:04,500 - DEBUG - Processing batch of 1 faces, shape: (1, 224, 224, 3)
2025-06-12 03:51:04,750 - INFO - Face 0: Lacking_Focus (0.469) | All: [Bored:0.136, Interested:0.395, Lacking_Focus:0.469]
2025-06-12 03:51:04,752 - DEBUG - 📦 Processed frame: 1 faces, 815.3ms
2025-06-12 03:51:04,889 - DEBUG - Image decoded successfully: (240, 320, 3)
2025-06-12 03:51:05,484 - DEBUG - Face preprocessed: shape=(224, 224, 3), range=[-103.680, 134.061]
2025-06-12 03:51:05,485 - DEBUG - Detected 1 valid faces
2025-06-12 03:51:05,486 - DEBUG - Processing batch of 1 faces, shape: (1, 224, 224, 3)
2025-06-12 03:51:05,737 - INFO - Face 0: Lacking_Focus (0.444) | All: [Bored:0.131, Interested:0.426, Lacking_Focus:0.444]
2025-06-12 03:51:05,738 - DEBUG - 📦 Processed frame: 1 faces, 850.1ms
2025-06-12 03:51:05,893 - DEBUG - Image decoded successfully: (240, 320, 3)
2025-06-12 03:51:06,420 - DEBUG - Face preprocessed: shape=(224, 224, 3), range=[-101.939, 129.061]
2025-06-12 03:51:06,421 - DEBUG - Detected 1 valid faces
2025-06-12 03:51:06,424 - DEBUG - Processing batch of 1 faces, shape: (1, 224, 224, 3)
2025-06-12 03:51:06,670 - INFO - Face 0: Lacking_Focus (0.464) | All: [Bored:0.098, Interested:0.438, Lacking_Focus:0.464]
2025-06-12 03:51:06,671 - DEBUG - 📦 Processed frame: 1 faces, 779.0ms
2025-06-12 03:51:06,791 - DEBUG - Image decoded successfully: (240, 320, 3)
2025-06-12 03:51:07,321 - DEBUG - Face preprocessed: shape=(224, 224, 3), range=[-101.680, 130.061]
2025-06-12 03:51:07,322 - DEBUG - Detected 1 valid faces
2025-06-12 03:51:07,324 - DEBUG - Processing batch of 1 faces, shape: (1, 224, 224, 3)
2025-06-12 03:51:07,570 - INFO - Face 0: Lacking_Focus (0.456) | All: [Bored:0.123, Interested:0.421, Lacking_Focus:0.456]
2025-06-12 03:51:07,571 - DEBUG - 📦 Processed frame: 1 faces, 780.9ms
2025-06-12 03:51:07,737 - DEBUG - Image decoded successfully: (240, 320, 3)
2025-06-12 03:51:08,317 - DEBUG - Face preprocessed: shape=(224, 224, 3), range=[-102.680, 132.061]
2025-06-12 03:51:08,317 - DEBUG - Detected 1 valid faces
2025-06-12 03:51:08,319 - DEBUG - Processing batch of 1 faces, shape: (1, 224, 224, 3)
2025-06-12 03:51:08,559 - INFO - Face 0: Interested (0.460) | All: [Bored:0.117, Interested:0.460, Lacking_Focus:0.423]
2025-06-12 03:51:08,560 - DEBUG - 📦 Processed frame: 1 faces, 823.8ms
2025-06-12 03:51:08,600 - DEBUG - Image decoded successfully: (240, 320, 3)
2025-06-12 03:51:09,231 - DEBUG - Face preprocessed: shape=(224, 224, 3), range=[-100.680, 128.061]
2025-06-12 03:51:09,233 - DEBUG - Detected 1 valid faces
2025-06-12 03:51:09,235 - DEBUG - Processing batch of 1 faces, shape: (1, 224, 224, 3)
2025-06-12 03:51:09,516 - INFO - Face 0: Interested (0.440) | All: [Bored:0.150, Interested:0.440, Lacking_Focus:0.409]
2025-06-12 03:51:09,517 - DEBUG - 📦 Processed frame: 1 faces, 918.4ms
2025-06-12 03:51:09,657 - DEBUG - Image decoded successfully: (240, 320, 3)
2025-06-12 03:51:10,194 - DEBUG - Face preprocessed: shape=(224, 224, 3), range=[-103.680, 129.061]
2025-06-12 03:51:10,195 - DEBUG - Detected 1 valid faces
2025-06-12 03:51:10,198 - DEBUG - Processing batch of 1 faces, shape: (1, 224, 224, 3)
2025-06-12 03:51:10,447 - INFO - Face 0: Interested (0.455) | All: [Bored:0.108, Interested:0.455, Lacking_Focus:0.436]
2025-06-12 03:51:10,448 - DEBUG - 📦 Processed frame: 1 faces, 791.6ms
2025-06-12 03:51:10,505 - DEBUG - Image decoded successfully: (240, 320, 3)
2025-06-12 03:51:11,073 - DEBUG - Face preprocessed: shape=(224, 224, 3), range=[-99.680, 129.061]
2025-06-12 03:51:11,074 - DEBUG - Detected 1 valid faces
2025-06-12 03:51:11,076 - DEBUG - Processing batch of 1 faces, shape: (1, 224, 224, 3)
2025-06-12 03:51:11,334 - INFO - Face 0: Interested (0.523) | All: [Bored:0.104, Interested:0.523, Lacking_Focus:0.373]
2025-06-12 03:51:11,335 - DEBUG - 📦 Processed frame: 1 faces, 830.6ms
2025-06-12 03:51:11,457 - DEBUG - Image decoded successfully: (240, 320, 3)
2025-06-12 03:51:12,004 - DEBUG - Face preprocessed: shape=(224, 224, 3), range=[-101.680, 128.061]
2025-06-12 03:51:12,005 - DEBUG - Detected 1 valid faces
2025-06-12 03:51:12,007 - DEBUG - Processing batch of 1 faces, shape: (1, 224, 224, 3)
2025-06-12 03:51:12,248 - INFO - Face 0: Interested (0.495) | All: [Bored:0.116, Interested:0.495, Lacking_Focus:0.389]
2025-06-12 03:51:12,249 - DEBUG - 📦 Processed frame: 1 faces, 793.4ms
2025-06-12 03:51:12,299 - DEBUG - Image decoded successfully: (240, 320, 3)
2025-06-12 03:51:12,881 - DEBUG - Face preprocessed: shape=(224, 224, 3), range=[-95.680, 128.061]
2025-06-12 03:51:12,882 - DEBUG - Detected 1 valid faces
2025-06-12 03:51:12,883 - DEBUG - Processing batch of 1 faces, shape: (1, 224, 224, 3)
2025-06-12 03:51:13,126 - INFO - Face 0: Lacking_Focus (0.450) | All: [Bored:0.136, Interested:0.414, Lacking_Focus:0.450]
2025-06-12 03:51:13,128 - DEBUG - 📦 Processed frame: 1 faces, 828.9ms
2025-06-12 03:51:13,253 - DEBUG - Image decoded successfully: (240, 320, 3)
2025-06-12 03:51:13,840 - DEBUG - Face preprocessed: shape=(224, 224, 3), range=[-95.680, 144.061]
2025-06-12 03:51:13,841 - DEBUG - Detected 1 valid faces
2025-06-12 03:51:13,843 - DEBUG - Processing batch of 1 faces, shape: (1, 224, 224, 3)
2025-06-12 03:51:14,091 - INFO - Face 0: Lacking_Focus (0.514) | All: [Bored:0.133, Interested:0.353, Lacking_Focus:0.514]
2025-06-12 03:51:14,093 - DEBUG - 📦 Processed frame: 1 faces, 840.1ms
2025-06-12 03:51:14,260 - DEBUG - Image decoded successfully: (240, 320, 3)
2025-06-12 03:51:14,880 - DEBUG - Face preprocessed: shape=(224, 224, 3), range=[-98.939, 132.061]
2025-06-12 03:51:14,882 - DEBUG - Detected 1 valid faces
2025-06-12 03:51:14,884 - DEBUG - Processing batch of 1 faces, shape: (1, 224, 224, 3)
2025-06-12 03:51:15,178 - INFO - Face 0: Interested (0.443) | All: [Bored:0.135, Interested:0.443, Lacking_Focus:0.422]
2025-06-12 03:51:15,180 - DEBUG - 📦 Processed frame: 1 faces, 920.6ms
2025-06-12 03:51:15,310 - DEBUG - Image decoded successfully: (240, 320, 3)
2025-06-12 03:51:15,827 - DEBUG - Face preprocessed: shape=(224, 224, 3), range=[-97.779, 135.061]
2025-06-12 03:51:15,828 - DEBUG - Detected 1 valid faces
2025-06-12 03:51:15,829 - DEBUG - Processing batch of 1 faces, shape: (1, 224, 224, 3)
2025-06-12 03:51:16,070 - INFO - Face 0: Lacking_Focus (0.480) | All: [Bored:0.126, Interested:0.394, Lacking_Focus:0.480]
2025-06-12 03:51:16,071 - DEBUG - 📦 Processed frame: 1 faces, 761.7ms
2025-06-12 03:51:16,110 - DEBUG - Image decoded successfully: (240, 320, 3)
2025-06-12 03:51:16,704 - DEBUG - Face preprocessed: shape=(224, 224, 3), range=[-93.680, 135.061]
2025-06-12 03:51:16,705 - DEBUG - Detected 1 valid faces
2025-06-12 03:51:16,707 - DEBUG - Processing batch of 1 faces, shape: (1, 224, 224, 3)
2025-06-12 03:51:16,971 - INFO - Face 0: Lacking_Focus (0.444) | All: [Bored:0.143, Interested:0.413, Lacking_Focus:0.444]
2025-06-12 03:51:16,972 - DEBUG - 📦 Processed frame: 1 faces, 862.2ms
2025-06-12 03:51:17,071 - DEBUG - Image decoded successfully: (240, 320, 3)
2025-06-12 03:51:17,690 - DEBUG - Face preprocessed: shape=(224, 224, 3), range=[-96.680, 122.061]
2025-06-12 03:51:17,691 - DEBUG - Detected 1 valid faces
2025-06-12 03:51:17,693 - DEBUG - Processing batch of 1 faces, shape: (1, 224, 224, 3)
2025-06-12 03:51:17,927 - INFO - Face 0: Lacking_Focus (0.473) | All: [Bored:0.148, Interested:0.380, Lacking_Focus:0.473]
2025-06-12 03:51:17,928 - DEBUG - 📦 Processed frame: 1 faces, 857.7ms
2025-06-12 03:51:18,032 - DEBUG - Image decoded successfully: (240, 320, 3)
2025-06-12 03:51:18,576 - DEBUG - Face preprocessed: shape=(224, 224, 3), range=[-100.779, 127.061]
2025-06-12 03:51:18,577 - DEBUG - Detected 1 valid faces
2025-06-12 03:51:18,579 - DEBUG - Processing batch of 1 faces, shape: (1, 224, 224, 3)
2025-06-12 03:51:18,831 - INFO - Face 0: Lacking_Focus (0.522) | All: [Bored:0.106, Interested:0.372, Lacking_Focus:0.522]
2025-06-12 03:51:18,832 - DEBUG - 📦 Processed frame: 1 faces, 800.1ms
2025-06-12 03:51:18,981 - DEBUG - Image decoded successfully: (240, 320, 3)
2025-06-12 03:51:19,455 - DEBUG - Face preprocessed: shape=(224, 224, 3), range=[-97.779, 130.061]
2025-06-12 03:51:19,455 - DEBUG - Detected 1 valid faces
2025-06-12 03:51:19,457 - DEBUG - Processing batch of 1 faces, shape: (1, 224, 224, 3)
2025-06-12 03:51:19,720 - INFO - Face 0: Lacking_Focus (0.549) | All: [Bored:0.100, Interested:0.352, Lacking_Focus:0.549]
2025-06-12 03:51:19,721 - DEBUG - 📦 Processed frame: 1 faces, 740.6ms
2025-06-12 03:51:19,825 - DEBUG - Image decoded successfully: (240, 320, 3)
2025-06-12 03:51:20,374 - DEBUG - Face preprocessed: shape=(224, 224, 3), range=[-100.680, 138.061]
2025-06-12 03:51:20,375 - DEBUG - Detected 1 valid faces
2025-06-12 03:51:20,378 - DEBUG - Processing batch of 1 faces, shape: (1, 224, 224, 3)
2025-06-12 03:51:20,650 - INFO - Face 0: Lacking_Focus (0.544) | All: [Bored:0.122, Interested:0.334, Lacking_Focus:0.544]
2025-06-12 03:51:20,652 - DEBUG - 📦 Processed frame: 1 faces, 827.7ms
2025-06-12 03:51:20,783 - DEBUG - Image decoded successfully: (240, 320, 3)
2025-06-12 03:51:21,369 - DEBUG - Face preprocessed: shape=(224, 224, 3), range=[-101.779, 136.061]
2025-06-12 03:51:21,370 - DEBUG - Detected 1 valid faces
2025-06-12 03:51:21,372 - DEBUG - Processing batch of 1 faces, shape: (1, 224, 224, 3)
2025-06-12 03:51:21,633 - INFO - Face 0: Lacking_Focus (0.559) | All: [Bored:0.092, Interested:0.349, Lacking_Focus:0.559]
2025-06-12 03:51:21,634 - DEBUG - 📦 Processed frame: 1 faces, 852.8ms
2025-06-12 03:51:21,783 - DEBUG - Image decoded successfully: (240, 320, 3)
2025-06-12 03:51:22,382 - DEBUG - Face preprocessed: shape=(224, 224, 3), range=[-104.779, 137.061]
2025-06-12 03:51:22,383 - DEBUG - Detected 1 valid faces
2025-06-12 03:51:22,403 - DEBUG - Processing batch of 1 faces, shape: (1, 224, 224, 3)
2025-06-12 03:51:22,637 - INFO - Face 0: Lacking_Focus (0.534) | All: [Bored:0.129, Interested:0.337, Lacking_Focus:0.534]
2025-06-12 03:51:22,638 - DEBUG - 📦 Processed frame: 1 faces, 855.2ms
2025-06-12 03:51:22,706 - DEBUG - Image decoded successfully: (240, 320, 3)
2025-06-12 03:51:23,339 - DEBUG - Face preprocessed: shape=(224, 224, 3), range=[-102.779, 134.061]
2025-06-12 03:51:23,340 - DEBUG - Detected 1 valid faces
2025-06-12 03:51:23,342 - DEBUG - Processing batch of 1 faces, shape: (1, 224, 224, 3)
2025-06-12 03:51:23,579 - INFO - Face 0: Lacking_Focus (0.545) | All: [Bored:0.106, Interested:0.349, Lacking_Focus:0.545]
2025-06-12 03:51:23,581 - DEBUG - 📦 Processed frame: 1 faces, 876.1ms
2025-06-12 03:51:23,751 - DEBUG - Image decoded successfully: (240, 320, 3)
2025-06-12 03:51:24,396 - DEBUG - Face preprocessed: shape=(224, 224, 3), range=[-100.779, 132.061]
2025-06-12 03:51:24,397 - DEBUG - Detected 1 valid faces
2025-06-12 03:51:24,399 - DEBUG - Processing batch of 1 faces, shape: (1, 224, 224, 3)
2025-06-12 03:51:24,663 - INFO - Face 0: Lacking_Focus (0.502) | All: [Bored:0.110, Interested:0.388, Lacking_Focus:0.502]
2025-06-12 03:51:24,665 - DEBUG - 📦 Processed frame: 1 faces, 913.9ms
2025-06-12 03:51:24,817 - DEBUG - Image decoded successfully: (240, 320, 3)
2025-06-12 03:51:25,353 - DEBUG - Face preprocessed: shape=(224, 224, 3), range=[-106.779, 136.061]
2025-06-12 03:51:25,354 - DEBUG - Detected 1 valid faces
2025-06-12 03:51:25,357 - DEBUG - Processing batch of 1 faces, shape: (1, 224, 224, 3)
2025-06-12 03:51:25,607 - INFO - Face 0: Lacking_Focus (0.482) | All: [Bored:0.095, Interested:0.424, Lacking_Focus:0.482]
2025-06-12 03:51:25,608 - DEBUG - 📦 Processed frame: 1 faces, 791.4ms
2025-06-12 03:51:25,664 - DEBUG - Image decoded successfully: (240, 320, 3)
2025-06-12 03:51:26,199 - DEBUG - Face preprocessed: shape=(224, 224, 3), range=[-109.779, 129.061]
2025-06-12 03:51:26,200 - DEBUG - Detected 1 valid faces
2025-06-12 03:51:26,201 - DEBUG - Processing batch of 1 faces, shape: (1, 224, 224, 3)
2025-06-12 03:51:26,493 - INFO - Face 0: Lacking_Focus (0.518) | All: [Bored:0.094, Interested:0.388, Lacking_Focus:0.518]
2025-06-12 03:51:26,495 - DEBUG - 📦 Processed frame: 1 faces, 831.2ms
2025-06-12 03:51:26,611 - DEBUG - Image decoded successfully: (240, 320, 3)
2025-06-12 03:51:26,544 - DEBUG - Face preprocessed: shape=(224, 224, 3), range=[-106.779, 130.061]
2025-06-12 03:51:26,546 - DEBUG - Detected 1 valid faces
2025-06-12 03:51:26,550 - DEBUG - Processing batch of 1 faces, shape: (1, 224, 224, 3)
2025-06-12 03:51:25,893 - INFO - Face 0: Lacking_Focus (0.576) | All: [Bored:0.105, Interested:0.319, Lacking_Focus:0.576]
2025-06-12 03:51:25,894 - DEBUG - 📦 Processed frame: 1 faces, -715.8ms
2025-06-12 03:51:26,012 - DEBUG - Image decoded successfully: (240, 320, 3)
2025-06-12 03:51:26,572 - DEBUG - Face preprocessed: shape=(224, 224, 3), range=[-100.680, 126.061]
2025-06-12 03:51:26,576 - DEBUG - Detected 1 valid faces
2025-06-12 03:51:26,577 - DEBUG - Processing batch of 1 faces, shape: (1, 224, 224, 3)
2025-06-12 03:51:26,820 - INFO - Face 0: Lacking_Focus (0.457) | All: [Bored:0.102, Interested:0.442, Lacking_Focus:0.457]
2025-06-12 03:51:26,822 - DEBUG - 📦 Processed frame: 1 faces, 810.7ms
2025-06-12 03:51:26,853 - DEBUG - Image decoded successfully: (240, 320, 3)
2025-06-12 03:51:27,508 - DEBUG - Face preprocessed: shape=(224, 224, 3), range=[-102.680, 127.061]
2025-06-12 03:51:27,509 - DEBUG - Detected 1 valid faces
2025-06-12 03:51:27,511 - DEBUG - Processing batch of 1 faces, shape: (1, 224, 224, 3)
2025-06-12 03:51:27,761 - INFO - Face 0: Interested (0.410) | All: [Bored:0.221, Interested:0.410, Lacking_Focus:0.369]
2025-06-12 03:51:27,762 - DEBUG - 📦 Processed frame: 1 faces, 909.2ms
2025-06-12 03:51:27,918 - DEBUG - Image decoded successfully: (240, 320, 3)
2025-06-12 03:51:28,523 - DEBUG - Face preprocessed: shape=(224, 224, 3), range=[-98.779, 143.061]
2025-06-12 03:51:28,524 - DEBUG - Detected 1 valid faces
2025-06-12 03:51:28,525 - DEBUG - Processing batch of 1 faces, shape: (1, 224, 224, 3)
2025-06-12 03:51:28,767 - INFO - Face 0: Interested (0.484) | All: [Bored:0.155, Interested:0.484, Lacking_Focus:0.360]
2025-06-12 03:51:28,769 - DEBUG - 📦 Processed frame: 1 faces, 850.7ms
2025-06-12 03:51:28,909 - DEBUG - Image decoded successfully: (240, 320, 3)
2025-06-12 03:51:29,438 - DEBUG - Face preprocessed: shape=(224, 224, 3), range=[-99.680, 147.061]
2025-06-12 03:51:29,439 - DEBUG - Detected 1 valid faces
2025-06-12 03:51:29,441 - DEBUG - Processing batch of 1 faces, shape: (1, 224, 224, 3)
2025-06-12 03:51:29,726 - INFO - Face 0: Interested (0.446) | All: [Bored:0.158, Interested:0.446, Lacking_Focus:0.396]
2025-06-12 03:51:29,728 - DEBUG - 📦 Processed frame: 1 faces, 819.9ms
2025-06-12 03:51:29,828 - DEBUG - Image decoded successfully: (240, 320, 3)
2025-06-12 03:51:30,428 - DEBUG - Face preprocessed: shape=(224, 224, 3), range=[-105.779, 136.061]
2025-06-12 03:51:30,429 - DEBUG - Detected 1 valid faces
2025-06-12 03:51:30,431 - DEBUG - Processing batch of 1 faces, shape: (1, 224, 224, 3)
2025-06-12 03:51:30,752 - INFO - Face 0: Lacking_Focus (0.391) | All: [Bored:0.221, Interested:0.388, Lacking_Focus:0.391]
2025-06-12 03:51:30,753 - DEBUG - 📦 Processed frame: 1 faces, 926.1ms
2025-06-12 03:51:30,882 - DEBUG - Image decoded successfully: (240, 320, 3)
2025-06-12 03:51:31,509 - DEBUG - Face preprocessed: shape=(224, 224, 3), range=[-99.680, 134.061]
2025-06-12 03:51:31,510 - DEBUG - Detected 1 valid faces
2025-06-12 03:51:31,511 - DEBUG - Processing batch of 1 faces, shape: (1, 224, 224, 3)
2025-06-12 03:51:31,817 - INFO - Face 0: Interested (0.497) | All: [Bored:0.141, Interested:0.497, Lacking_Focus:0.362]
2025-06-12 03:51:31,818 - DEBUG - 📦 Processed frame: 1 faces, 937.5ms
2025-06-12 03:51:31,952 - DEBUG - Image decoded successfully: (240, 320, 3)
2025-06-12 03:51:32,677 - DEBUG - Face preprocessed: shape=(224, 224, 3), range=[-108.779, 144.061]
2025-06-12 03:51:32,687 - DEBUG - Detected 1 valid faces
2025-06-12 03:51:32,697 - DEBUG - Processing batch of 1 faces, shape: (1, 224, 224, 3)
2025-06-12 03:51:32,993 - INFO - Face 0: Interested (0.445) | All: [Bored:0.165, Interested:0.445, Lacking_Focus:0.390]
2025-06-12 03:51:32,994 - DEBUG - 📦 Processed frame: 1 faces, 1042.9ms
2025-06-12 03:51:33,107 - DEBUG - Image decoded successfully: (240, 320, 3)
2025-06-12 03:51:33,630 - DEBUG - Face preprocessed: shape=(224, 224, 3), range=[-101.779, 138.061]
2025-06-12 03:51:33,630 - DEBUG - Detected 1 valid faces
2025-06-12 03:51:33,632 - DEBUG - Processing batch of 1 faces, shape: (1, 224, 224, 3)
2025-06-12 03:51:33,857 - INFO - Face 0: Interested (0.409) | All: [Bored:0.194, Interested:0.409, Lacking_Focus:0.397]
2025-06-12 03:51:33,858 - DEBUG - 📦 Processed frame: 1 faces, 751.5ms
2025-06-12 03:51:33,958 - DEBUG - Image decoded successfully: (240, 320, 3)
2025-06-12 03:51:34,541 - DEBUG - Face preprocessed: shape=(224, 224, 3), range=[-109.680, 149.061]
2025-06-12 03:51:34,542 - DEBUG - Detected 1 valid faces
2025-06-12 03:51:34,545 - DEBUG - Processing batch of 1 faces, shape: (1, 224, 224, 3)
2025-06-12 03:51:34,814 - INFO - Face 0: Interested (0.437) | All: [Bored:0.142, Interested:0.437, Lacking_Focus:0.421]
2025-06-12 03:51:34,815 - DEBUG - 📦 Processed frame: 1 faces, 857.1ms
2025-06-12 03:51:34,902 - DEBUG - Image decoded successfully: (240, 320, 3)
2025-06-12 03:51:35,462 - DEBUG - Face preprocessed: shape=(224, 224, 3), range=[-98.680, 149.061]
2025-06-12 03:51:35,462 - DEBUG - Detected 1 valid faces
2025-06-12 03:51:35,464 - DEBUG - Processing batch of 1 faces, shape: (1, 224, 224, 3)
2025-06-12 03:51:35,710 - INFO - Face 0: Interested (0.539) | All: [Bored:0.133, Interested:0.539, Lacking_Focus:0.328]
2025-06-12 03:51:35,710 - DEBUG - 📦 Processed frame: 1 faces, 809.5ms
2025-06-12 03:51:35,753 - DEBUG - Image decoded successfully: (240, 320, 3)
2025-06-12 03:51:36,311 - DEBUG - Face preprocessed: shape=(224, 224, 3), range=[-91.680, 122.061]
2025-06-12 03:51:36,312 - DEBUG - Detected 1 valid faces
2025-06-12 03:51:36,313 - DEBUG - Processing batch of 1 faces, shape: (1, 224, 224, 3)
2025-06-12 03:51:36,586 - INFO - Face 0: Lacking_Focus (0.544) | All: [Bored:0.278, Interested:0.178, Lacking_Focus:0.544]
2025-06-12 03:51:36,588 - DEBUG - 📦 Processed frame: 1 faces, 835.0ms
2025-06-12 03:51:36,704 - DEBUG - Image decoded successfully: (240, 320, 3)
2025-06-12 03:51:37,271 - DEBUG - Face preprocessed: shape=(224, 224, 3), range=[-97.939, 79.320]
2025-06-12 03:51:37,272 - DEBUG - Detected 1 valid faces
2025-06-12 03:51:37,274 - DEBUG - Processing batch of 1 faces, shape: (1, 224, 224, 3)
2025-06-12 03:51:37,525 - INFO - Face 0: Bored (0.638) | All: [Bored:0.638, Interested:0.104, Lacking_Focus:0.257]
2025-06-12 03:51:37,526 - DEBUG - 📦 Processed frame: 1 faces, 823.2ms
2025-06-12 03:51:37,535 - INFO - ❌ Client disconnected
2025-06-12 03:51:37,536 - INFO - Disconnect reason: disconnect
2025-06-12 03:51:37,549 - INFO - ✅ Client connected
2025-06-12 03:51:38,864 - DEBUG - Image decoded successfully: (240, 320, 3)
2025-06-12 03:51:39,418 - DEBUG - Face preprocessed: shape=(224, 224, 3), range=[-93.779, 90.061]
2025-06-12 03:51:39,419 - DEBUG - Detected 1 valid faces
2025-06-12 03:51:39,421 - DEBUG - Processing batch of 1 faces, shape: (1, 224, 224, 3)
2025-06-12 03:51:39,679 - INFO - Face 0: Lacking_Focus (0.602) | All: [Bored:0.302, Interested:0.095, Lacking_Focus:0.602]
2025-06-12 03:51:39,680 - DEBUG - 📦 Processed frame: 1 faces, 817.3ms
2025-06-12 03:51:39,729 - DEBUG - Image decoded successfully: (240, 320, 3)
2025-06-12 03:51:40,273 - DEBUG - Face preprocessed: shape=(224, 224, 3), range=[-93.680, 85.061]
2025-06-12 03:51:40,274 - DEBUG - Detected 1 valid faces
2025-06-12 03:51:40,275 - DEBUG - Processing batch of 1 faces, shape: (1, 224, 224, 3)
2025-06-12 03:51:40,544 - INFO - Face 0: Lacking_Focus (0.592) | All: [Bored:0.349, Interested:0.059, Lacking_Focus:0.592]
2025-06-12 03:51:40,545 - DEBUG - 📦 Processed frame: 1 faces, 817.3ms
2025-06-12 03:51:40,691 - DEBUG - Image decoded successfully: (240, 320, 3)
2025-06-12 03:51:41,344 - DEBUG - Face preprocessed: shape=(224, 224, 3), range=[-95.779, 80.320]
2025-06-12 03:51:41,346 - DEBUG - Detected 1 valid faces
2025-06-12 03:51:41,350 - DEBUG - Processing batch of 1 faces, shape: (1, 224, 224, 3)
2025-06-12 03:51:41,607 - INFO - Face 0: Lacking_Focus (0.544) | All: [Bored:0.338, Interested:0.118, Lacking_Focus:0.544]
2025-06-12 03:51:41,608 - DEBUG - 📦 Processed frame: 1 faces, 918.2ms
2025-06-12 03:51:41,813 - DEBUG - Image decoded successfully: (240, 320, 3)
2025-06-12 03:51:42,359 - DEBUG - Face preprocessed: shape=(224, 224, 3), range=[-95.680, 84.320]
2025-06-12 03:51:42,360 - DEBUG - Detected 1 valid faces
2025-06-12 03:51:42,362 - DEBUG - Processing batch of 1 faces, shape: (1, 224, 224, 3)
2025-06-12 03:51:42,621 - INFO - Face 0: Lacking_Focus (0.500) | All: [Bored:0.397, Interested:0.103, Lacking_Focus:0.500]
2025-06-12 03:51:42,623 - DEBUG - 📦 Processed frame: 1 faces, 810.2ms
2025-06-12 03:51:42,674 - DEBUG - Image decoded successfully: (240, 320, 3)
2025-06-12 03:51:43,275 - DEBUG - Face preprocessed: shape=(224, 224, 3), range=[-94.680, 78.320]
2025-06-12 03:51:43,275 - DEBUG - Detected 1 valid faces
2025-06-12 03:51:43,277 - DEBUG - Processing batch of 1 faces, shape: (1, 224, 224, 3)
2025-06-12 03:51:43,531 - INFO - Face 0: Bored (0.502) | All: [Bored:0.502, Interested:0.098, Lacking_Focus:0.400]
2025-06-12 03:51:43,532 - DEBUG - 📦 Processed frame: 1 faces, 858.3ms
2025-06-12 03:51:43,735 - DEBUG - Image decoded successfully: (240, 320, 3)
2025-06-12 03:51:44,386 - DEBUG - Face preprocessed: shape=(224, 224, 3), range=[-98.680, 119.061]
2025-06-12 03:51:44,387 - DEBUG - Detected 1 valid faces
2025-06-12 03:51:44,388 - DEBUG - Processing batch of 1 faces, shape: (1, 224, 224, 3)
2025-06-12 03:51:44,636 - INFO - Face 0: Lacking_Focus (0.417) | All: [Bored:0.208, Interested:0.374, Lacking_Focus:0.417]
2025-06-12 03:51:44,638 - DEBUG - 📦 Processed frame: 1 faces, 904.1ms
2025-06-12 03:51:44,792 - DEBUG - Image decoded successfully: (240, 320, 3)
2025-06-12 03:51:45,451 - DEBUG - Face preprocessed: shape=(224, 224, 3), range=[-99.779, 138.061]
2025-06-12 03:51:45,452 - DEBUG - Detected 1 valid faces
2025-06-12 03:51:45,454 - DEBUG - Processing batch of 1 faces, shape: (1, 224, 224, 3)
2025-06-12 03:51:45,708 - INFO - Face 0: Lacking_Focus (0.465) | All: [Bored:0.208, Interested:0.327, Lacking_Focus:0.465]
2025-06-12 03:51:45,709 - DEBUG - 📦 Processed frame: 1 faces, 917.5ms
2025-06-12 03:51:45,784 - DEBUG - Image decoded successfully: (240, 320, 3)
2025-06-12 03:51:46,325 - DEBUG - Face preprocessed: shape=(224, 224, 3), range=[-98.779, 138.061]
2025-06-12 03:51:46,326 - DEBUG - Detected 1 valid faces
2025-06-12 03:51:46,328 - DEBUG - Processing batch of 1 faces, shape: (1, 224, 224, 3)
2025-06-12 03:51:46,568 - INFO - Face 0: Lacking_Focus (0.370) | All: [Bored:0.287, Interested:0.343, Lacking_Focus:0.370]
2025-06-12 03:51:46,569 - DEBUG - 📦 Processed frame: 1 faces, 785.3ms
2025-06-12 03:51:46,600 - DEBUG - Image decoded successfully: (240, 320, 3)
2025-06-12 03:51:47,112 - DEBUG - Face preprocessed: shape=(224, 224, 3), range=[-99.779, 131.061]
2025-06-12 03:51:47,113 - DEBUG - Detected 1 valid faces
2025-06-12 03:51:47,115 - DEBUG - Processing batch of 1 faces, shape: (1, 224, 224, 3)
2025-06-12 03:51:47,335 - INFO - Face 0: Lacking_Focus (0.367) | All: [Bored:0.319, Interested:0.314, Lacking_Focus:0.367]
2025-06-12 03:51:47,336 - DEBUG - 📦 Processed frame: 1 faces, 737.1ms
2025-06-12 03:51:47,436 - DEBUG - Image decoded successfully: (240, 320, 3)
2025-06-12 03:51:48,012 - DEBUG - Face preprocessed: shape=(224, 224, 3), range=[-100.680, 132.061]
2025-06-12 03:51:48,013 - DEBUG - Detected 1 valid faces
2025-06-12 03:51:48,014 - DEBUG - Processing batch of 1 faces, shape: (1, 224, 224, 3)
2025-06-12 03:51:48,239 - INFO - Face 0: Lacking_Focus (0.417) | All: [Bored:0.289, Interested:0.294, Lacking_Focus:0.417]
2025-06-12 03:51:48,241 - DEBUG - 📦 Processed frame: 1 faces, 804.8ms
2025-06-12 03:51:48,285 - DEBUG - Image decoded successfully: (240, 320, 3)
2025-06-12 03:51:48,851 - DEBUG - Face preprocessed: shape=(224, 224, 3), range=[-98.779, 132.061]
2025-06-12 03:51:48,852 - DEBUG - Detected 1 valid faces
2025-06-12 03:51:48,853 - DEBUG - Processing batch of 1 faces, shape: (1, 224, 224, 3)
2025-06-12 03:51:49,071 - INFO - Face 0: Lacking_Focus (0.364) | All: [Bored:0.310, Interested:0.327, Lacking_Focus:0.364]
2025-06-12 03:51:49,072 - DEBUG - 📦 Processed frame: 1 faces, 787.1ms
2025-06-12 03:51:49,249 - DEBUG - Image decoded successfully: (240, 320, 3)
2025-06-12 03:51:49,750 - DEBUG - Face preprocessed: shape=(224, 224, 3), range=[-94.680, 133.061]
2025-06-12 03:51:49,751 - DEBUG - Detected 1 valid faces
2025-06-12 03:51:49,752 - DEBUG - Processing batch of 1 faces, shape: (1, 224, 224, 3)
2025-06-12 03:51:49,984 - INFO - Face 0: Lacking_Focus (0.371) | All: [Bored:0.302, Interested:0.328, Lacking_Focus:0.371]
2025-06-12 03:51:49,985 - DEBUG - 📦 Processed frame: 1 faces, 737.3ms
2025-06-12 03:51:50,088 - DEBUG - Image decoded successfully: (240, 320, 3)
2025-06-12 03:51:50,697 - DEBUG - Face preprocessed: shape=(224, 224, 3), range=[-96.779, 127.061]
2025-06-12 03:51:50,698 - DEBUG - Detected 1 valid faces
2025-06-12 03:51:50,700 - DEBUG - Processing batch of 1 faces, shape: (1, 224, 224, 3)
2025-06-12 03:51:50,934 - INFO - Face 0: Interested (0.375) | All: [Bored:0.296, Interested:0.375, Lacking_Focus:0.329]
2025-06-12 03:51:50,935 - DEBUG - 📦 Processed frame: 1 faces, 847.3ms
2025-06-12 03:51:51,037 - DEBUG - Image decoded successfully: (240, 320, 3)
2025-06-12 03:51:51,510 - DEBUG - Face preprocessed: shape=(224, 224, 3), range=[-96.680, 129.061]
2025-06-12 03:51:51,510 - DEBUG - Detected 1 valid faces
2025-06-12 03:51:51,512 - DEBUG - Processing batch of 1 faces, shape: (1, 224, 224, 3)
2025-06-12 03:51:51,731 - INFO - Face 0: Interested (0.371) | All: [Bored:0.333, Interested:0.371, Lacking_Focus:0.296]
2025-06-12 03:51:51,732 - DEBUG - 📦 Processed frame: 1 faces, 695.7ms
2025-06-12 03:51:51,796 - DEBUG - Image decoded successfully: (240, 320, 3)
2025-06-12 03:51:52,308 - DEBUG - Face preprocessed: shape=(224, 224, 3), range=[-99.680, 125.061]
2025-06-12 03:51:52,308 - DEBUG - Detected 1 valid faces
2025-06-12 03:51:52,310 - DEBUG - Processing batch of 1 faces, shape: (1, 224, 224, 3)
2025-06-12 03:51:52,516 - INFO - Face 0: Bored (0.345) | All: [Bored:0.345, Interested:0.328, Lacking_Focus:0.326]
2025-06-12 03:51:52,517 - DEBUG - 📦 Processed frame: 1 faces, 720.8ms
2025-06-12 03:51:52,643 - DEBUG - Image decoded successfully: (240, 320, 3)
2025-06-12 03:51:53,260 - DEBUG - Face preprocessed: shape=(224, 224, 3), range=[-100.680, 129.061]
2025-06-12 03:51:53,261 - DEBUG - Detected 1 valid faces
2025-06-12 03:51:53,262 - DEBUG - Processing batch of 1 faces, shape: (1, 224, 224, 3)
2025-06-12 03:51:53,488 - INFO - Face 0: Lacking_Focus (0.366) | All: [Bored:0.273, Interested:0.361, Lacking_Focus:0.366]
2025-06-12 03:51:53,489 - DEBUG - 📦 Processed frame: 1 faces, 847.0ms
2025-06-12 03:51:53,642 - DEBUG - Image decoded successfully: (240, 320, 3)
2025-06-12 03:51:54,180 - DEBUG - Face preprocessed: shape=(224, 224, 3), range=[-101.779, 118.061]
2025-06-12 03:51:54,181 - DEBUG - Detected 1 valid faces
2025-06-12 03:51:54,182 - DEBUG - Processing batch of 1 faces, shape: (1, 224, 224, 3)
2025-06-12 03:51:54,387 - INFO - Face 0: Lacking_Focus (0.372) | All: [Bored:0.307, Interested:0.321, Lacking_Focus:0.372]
2025-06-12 03:51:54,388 - DEBUG - 📦 Processed frame: 1 faces, 746.7ms
2025-06-12 03:51:54,434 - DEBUG - Image decoded successfully: (240, 320, 3)
2025-06-12 03:51:54,964 - DEBUG - Face preprocessed: shape=(224, 224, 3), range=[-103.779, 119.061]
2025-06-12 03:51:54,965 - DEBUG - Detected 1 valid faces
2025-06-12 03:51:54,966 - DEBUG - Processing batch of 1 faces, shape: (1, 224, 224, 3)
2025-06-12 03:51:55,168 - INFO - Face 0: Interested (0.352) | All: [Bored:0.329, Interested:0.352, Lacking_Focus:0.319]
2025-06-12 03:51:55,169 - DEBUG - 📦 Processed frame: 1 faces, 735.8ms
2025-06-12 03:51:55,278 - DEBUG - Image decoded successfully: (240, 320, 3)
2025-06-12 03:51:54,180 - DEBUG - Face preprocessed: shape=(224, 224, 3), range=[-101.779, 131.061]
2025-06-12 03:51:54,181 - DEBUG - Detected 1 valid faces
2025-06-12 03:51:54,183 - DEBUG - Processing batch of 1 faces, shape: (1, 224, 224, 3)
2025-06-12 03:51:54,394 - INFO - Face 0: Interested (0.347) | All: [Bored:0.331, Interested:0.347, Lacking_Focus:0.322]
2025-06-12 03:51:54,394 - DEBUG - 📦 Processed frame: 1 faces, -883.2ms
2025-06-12 03:51:54,452 - DEBUG - Image decoded successfully: (240, 320, 3)
2025-06-12 03:51:55,001 - DEBUG - Face preprocessed: shape=(224, 224, 3), range=[-101.779, 133.061]
2025-06-12 03:51:55,002 - DEBUG - Detected 1 valid faces
2025-06-12 03:51:55,003 - DEBUG - Processing batch of 1 faces, shape: (1, 224, 224, 3)
2025-06-12 03:51:55,211 - INFO - Face 0: Interested (0.400) | All: [Bored:0.334, Interested:0.400, Lacking_Focus:0.265]
2025-06-12 03:51:55,212 - DEBUG - 📦 Processed frame: 1 faces, 759.9ms
2025-06-12 03:51:55,298 - DEBUG - Image decoded successfully: (240, 320, 3)
2025-06-12 03:51:55,812 - DEBUG - Face preprocessed: shape=(224, 224, 3), range=[-101.779, 129.061]
2025-06-12 03:51:55,813 - DEBUG - Detected 1 valid faces
2025-06-12 03:51:55,817 - DEBUG - Processing batch of 1 faces, shape: (1, 224, 224, 3)
2025-06-12 03:51:56,038 - INFO - Face 0: Interested (0.402) | All: [Bored:0.332, Interested:0.402, Lacking_Focus:0.266]
2025-06-12 03:51:56,039 - DEBUG - 📦 Processed frame: 1 faces, 741.6ms
2025-06-12 03:51:56,147 - DEBUG - Image decoded successfully: (240, 320, 3)
2025-06-12 03:51:56,620 - DEBUG - Face preprocessed: shape=(224, 224, 3), range=[-99.779, 142.061]
2025-06-12 03:51:56,621 - DEBUG - Detected 1 valid faces
2025-06-12 03:51:56,622 - DEBUG - Processing batch of 1 faces, shape: (1, 224, 224, 3)
2025-06-12 03:51:56,832 - INFO - Face 0: Lacking_Focus (0.371) | All: [Bored:0.289, Interested:0.340, Lacking_Focus:0.371]
2025-06-12 03:51:56,833 - DEBUG - 📦 Processed frame: 1 faces, 686.7ms
2025-06-12 03:51:56,991 - DEBUG - Image decoded successfully: (240, 320, 3)
2025-06-12 03:51:57,525 - DEBUG - Face preprocessed: shape=(224, 224, 3), range=[-95.779, 135.061]
2025-06-12 03:51:57,526 - DEBUG - Detected 1 valid faces
2025-06-12 03:51:57,527 - DEBUG - Processing batch of 1 faces, shape: (1, 224, 224, 3)
2025-06-12 03:51:57,725 - INFO - Face 0: Interested (0.383) | All: [Bored:0.295, Interested:0.383, Lacking_Focus:0.321]
2025-06-12 03:51:57,726 - DEBUG - 📦 Processed frame: 1 faces, 735.7ms
2025-06-12 03:51:57,830 - DEBUG - Image decoded successfully: (240, 320, 3)
2025-06-12 03:51:58,360 - DEBUG - Face preprocessed: shape=(224, 224, 3), range=[-103.779, 121.061]
2025-06-12 03:51:58,361 - DEBUG - Detected 1 valid faces
2025-06-12 03:51:58,363 - DEBUG - Processing batch of 1 faces, shape: (1, 224, 224, 3)
2025-06-12 03:51:58,580 - INFO - Face 0: Interested (0.377) | All: [Bored:0.292, Interested:0.377, Lacking_Focus:0.331]
2025-06-12 03:51:58,581 - DEBUG - 📦 Processed frame: 1 faces, 751.2ms
2025-06-12 03:51:58,678 - DEBUG - Image decoded successfully: (240, 320, 3)
2025-06-12 03:51:59,263 - DEBUG - Face preprocessed: shape=(224, 224, 3), range=[-110.779, 133.061]
2025-06-12 03:51:59,264 - DEBUG - Detected 1 valid faces
2025-06-12 03:51:59,265 - DEBUG - Processing batch of 1 faces, shape: (1, 224, 224, 3)
2025-06-12 03:51:59,482 - INFO - Face 0: Lacking_Focus (0.442) | All: [Bored:0.141, Interested:0.417, Lacking_Focus:0.442]
2025-06-12 03:51:59,483 - DEBUG - 📦 Processed frame: 1 faces, 805.6ms
2025-06-12 03:51:59,524 - DEBUG - Image decoded successfully: (240, 320, 3)
2025-06-12 03:52:00,073 - DEBUG - Face preprocessed: shape=(224, 224, 3), range=[-102.779, 130.061]
2025-06-12 03:52:00,075 - DEBUG - Detected 1 valid faces
2025-06-12 03:52:00,076 - DEBUG - Processing batch of 1 faces, shape: (1, 224, 224, 3)
2025-06-12 03:52:00,293 - INFO - Face 0: Interested (0.435) | All: [Bored:0.182, Interested:0.435, Lacking_Focus:0.383]
2025-06-12 03:52:00,294 - DEBUG - 📦 Processed frame: 1 faces, 770.8ms
2025-06-12 03:52:00,479 - DEBUG - Image decoded successfully: (240, 320, 3)
2025-06-12 03:52:01,105 - DEBUG - Face preprocessed: shape=(224, 224, 3), range=[-102.779, 140.061]
2025-06-12 03:52:01,106 - DEBUG - Detected 1 valid faces
2025-06-12 03:52:01,108 - DEBUG - Processing batch of 1 faces, shape: (1, 224, 224, 3)
2025-06-12 03:52:01,350 - INFO - Face 0: Interested (0.443) | All: [Bored:0.166, Interested:0.443, Lacking_Focus:0.390]
2025-06-12 03:52:01,351 - DEBUG - 📦 Processed frame: 1 faces, 872.7ms
2025-06-12 03:52:01,423 - DEBUG - Image decoded successfully: (240, 320, 3)
2025-06-12 03:52:01,934 - DEBUG - Face preprocessed: shape=(224, 224, 3), range=[-108.779, 122.061]
2025-06-12 03:52:01,935 - DEBUG - Detected 1 valid faces
2025-06-12 03:52:01,936 - DEBUG - Processing batch of 1 faces, shape: (1, 224, 224, 3)
2025-06-12 03:52:02,152 - INFO - Face 0: Interested (0.487) | All: [Bored:0.177, Interested:0.487, Lacking_Focus:0.336]
2025-06-12 03:52:02,153 - DEBUG - 📦 Processed frame: 1 faces, 730.8ms
2025-06-12 03:52:02,282 - DEBUG - Image decoded successfully: (240, 320, 3)
2025-06-12 03:52:02,754 - DEBUG - Face preprocessed: shape=(224, 224, 3), range=[-107.779, 129.061]
2025-06-12 03:52:02,755 - DEBUG - Detected 1 valid faces
2025-06-12 03:52:02,757 - DEBUG - Processing batch of 1 faces, shape: (1, 224, 224, 3)
2025-06-12 03:52:02,965 - INFO - Face 0: Interested (0.459) | All: [Bored:0.145, Interested:0.459, Lacking_Focus:0.396]
2025-06-12 03:52:02,966 - DEBUG - 📦 Processed frame: 1 faces, 684.5ms
2025-06-12 03:52:03,127 - DEBUG - Image decoded successfully: (240, 320, 3)
2025-06-12 03:52:03,628 - DEBUG - Face preprocessed: shape=(224, 224, 3), range=[-98.779, 133.061]
2025-06-12 03:52:03,629 - DEBUG - Detected 1 valid faces
2025-06-12 03:52:03,631 - DEBUG - Processing batch of 1 faces, shape: (1, 224, 224, 3)
2025-06-12 03:52:03,822 - INFO - Face 0: Interested (0.493) | All: [Bored:0.164, Interested:0.493, Lacking_Focus:0.342]
2025-06-12 03:52:03,823 - DEBUG - 📦 Processed frame: 1 faces, 696.7ms
2025-06-12 03:52:03,858 - DEBUG - Image decoded successfully: (240, 320, 3)
2025-06-12 03:52:04,388 - DEBUG - Face preprocessed: shape=(224, 224, 3), range=[-100.779, 125.061]
2025-06-12 03:52:04,389 - DEBUG - Detected 1 valid faces
2025-06-12 03:52:04,391 - DEBUG - Processing batch of 1 faces, shape: (1, 224, 224, 3)
2025-06-12 03:52:04,601 - INFO - Face 0: Interested (0.462) | All: [Bored:0.188, Interested:0.462, Lacking_Focus:0.350]
2025-06-12 03:52:04,602 - DEBUG - 📦 Processed frame: 1 faces, 744.7ms
2025-06-12 03:52:04,703 - DEBUG - Image decoded successfully: (240, 320, 3)
2025-06-12 03:52:05,185 - DEBUG - Face preprocessed: shape=(224, 224, 3), range=[-107.779, 133.061]
2025-06-12 03:52:05,186 - DEBUG - Detected 1 valid faces
2025-06-12 03:52:05,188 - DEBUG - Processing batch of 1 faces, shape: (1, 224, 224, 3)
2025-06-12 03:52:05,414 - INFO - Face 0: Interested (0.454) | All: [Bored:0.127, Interested:0.454, Lacking_Focus:0.419]
2025-06-12 03:52:05,415 - DEBUG - 📦 Processed frame: 1 faces, 712.6ms
2025-06-12 03:52:05,442 - DEBUG - Image decoded successfully: (240, 320, 3)
2025-06-12 03:52:05,979 - DEBUG - Face preprocessed: shape=(224, 224, 3), range=[-104.680, 124.061]
2025-06-12 03:52:05,980 - DEBUG - Detected 1 valid faces
2025-06-12 03:52:05,983 - DEBUG - Processing batch of 1 faces, shape: (1, 224, 224, 3)
2025-06-12 03:52:06,188 - INFO - Face 0: Lacking_Focus (0.467) | All: [Bored:0.129, Interested:0.404, Lacking_Focus:0.467]
2025-06-12 03:52:06,188 - DEBUG - 📦 Processed frame: 1 faces, 747.1ms
2025-06-12 03:52:06,300 - DEBUG - Image decoded successfully: (240, 320, 3)
2025-06-12 03:52:06,795 - DEBUG - Face preprocessed: shape=(224, 224, 3), range=[-100.779, 132.061]
2025-06-12 03:52:06,795 - DEBUG - Detected 1 valid faces
2025-06-12 03:52:06,797 - DEBUG - Processing batch of 1 faces, shape: (1, 224, 224, 3)
2025-06-12 03:52:07,029 - INFO - Face 0: Interested (0.444) | All: [Bored:0.160, Interested:0.444, Lacking_Focus:0.396]
2025-06-12 03:52:07,030 - DEBUG - 📦 Processed frame: 1 faces, 731.0ms
2025-06-12 03:52:07,145 - DEBUG - Image decoded successfully: (240, 320, 3)
2025-06-12 03:52:07,667 - DEBUG - Face preprocessed: shape=(224, 224, 3), range=[-102.680, 136.061]
2025-06-12 03:52:07,668 - DEBUG - Detected 1 valid faces
2025-06-12 03:52:07,670 - DEBUG - Processing batch of 1 faces, shape: (1, 224, 224, 3)
2025-06-12 03:52:08,062 - INFO - Face 0: Interested (0.464) | All: [Bored:0.154, Interested:0.464, Lacking_Focus:0.381]
2025-06-12 03:52:08,063 - DEBUG - 📦 Processed frame: 1 faces, 918.8ms
2025-06-12 03:52:08,201 - DEBUG - Image decoded successfully: (240, 320, 3)
2025-06-12 03:52:08,648 - DEBUG - Face preprocessed: shape=(224, 224, 3), range=[-98.779, 144.061]
2025-06-12 03:52:08,649 - DEBUG - Detected 1 valid faces
2025-06-12 03:52:08,650 - DEBUG - Processing batch of 1 faces, shape: (1, 224, 224, 3)
2025-06-12 03:52:08,860 - INFO - Face 0: Interested (0.454) | All: [Bored:0.193, Interested:0.454, Lacking_Focus:0.353]
2025-06-12 03:52:08,861 - DEBUG - 📦 Processed frame: 1 faces, 661.0ms
2025-06-12 03:52:08,945 - DEBUG - Image decoded successfully: (240, 320, 3)
2025-06-12 03:52:09,443 - DEBUG - Face preprocessed: shape=(224, 224, 3), range=[-99.680, 136.061]
2025-06-12 03:52:09,444 - DEBUG - Detected 1 valid faces
2025-06-12 03:52:09,445 - DEBUG - Processing batch of 1 faces, shape: (1, 224, 224, 3)
2025-06-12 03:52:09,634 - INFO - Face 0: Lacking_Focus (0.450) | All: [Bored:0.168, Interested:0.382, Lacking_Focus:0.450]
2025-06-12 03:52:09,635 - DEBUG - 📦 Processed frame: 1 faces, 690.4ms
2025-06-12 03:52:09,795 - DEBUG - Image decoded successfully: (240, 320, 3)
2025-06-12 03:52:10,249 - DEBUG - Face preprocessed: shape=(224, 224, 3), range=[-97.779, 137.061]
2025-06-12 03:52:10,250 - DEBUG - Detected 1 valid faces
2025-06-12 03:52:10,251 - DEBUG - Processing batch of 1 faces, shape: (1, 224, 224, 3)
2025-06-12 03:52:10,444 - INFO - Face 0: Lacking_Focus (0.473) | All: [Bored:0.131, Interested:0.396, Lacking_Focus:0.473]
2025-06-12 03:52:10,445 - DEBUG - 📦 Processed frame: 1 faces, 649.8ms
2025-06-12 03:52:10,543 - DEBUG - Image decoded successfully: (240, 320, 3)
2025-06-12 03:52:10,977 - DEBUG - Face preprocessed: shape=(224, 224, 3), range=[-100.680, 133.061]
2025-06-12 03:52:10,978 - DEBUG - Detected 1 valid faces
2025-06-12 03:52:10,979 - DEBUG - Processing batch of 1 faces, shape: (1, 224, 224, 3)
2025-06-12 03:52:11,164 - INFO - Face 0: Lacking_Focus (0.449) | All: [Bored:0.159, Interested:0.391, Lacking_Focus:0.449]
2025-06-12 03:52:11,165 - DEBUG - 📦 Processed frame: 1 faces, 622.5ms
2025-06-12 03:52:11,280 - DEBUG - Image decoded successfully: (240, 320, 3)
2025-06-12 03:52:11,734 - DEBUG - Face preprocessed: shape=(224, 224, 3), range=[-99.779, 128.061]
2025-06-12 03:52:11,735 - DEBUG - Detected 1 valid faces
2025-06-12 03:52:11,736 - DEBUG - Processing batch of 1 faces, shape: (1, 224, 224, 3)
2025-06-12 03:52:11,928 - INFO - Face 0: Interested (0.487) | All: [Bored:0.168, Interested:0.487, Lacking_Focus:0.345]
2025-06-12 03:52:11,930 - DEBUG - 📦 Processed frame: 1 faces, 651.1ms
2025-06-12 03:52:12,022 - DEBUG - Image decoded successfully: (240, 320, 3)
2025-06-12 03:52:12,497 - DEBUG - Face preprocessed: shape=(224, 224, 3), range=[-98.779, 140.061]
2025-06-12 03:52:12,498 - DEBUG - Detected 1 valid faces
2025-06-12 03:52:12,499 - DEBUG - Processing batch of 1 faces, shape: (1, 224, 224, 3)
2025-06-12 03:52:12,689 - INFO - Face 0: Lacking_Focus (0.453) | All: [Bored:0.157, Interested:0.390, Lacking_Focus:0.453]
2025-06-12 03:52:12,690 - DEBUG - 📦 Processed frame: 1 faces, 667.9ms
2025-06-12 03:52:12,764 - DEBUG - Image decoded successfully: (240, 320, 3)
2025-06-12 03:52:13,170 - DEBUG - Face preprocessed: shape=(224, 224, 3), range=[-105.680, 141.061]
2025-06-12 03:52:13,171 - DEBUG - Detected 1 valid faces
2025-06-12 03:52:13,172 - DEBUG - Processing batch of 1 faces, shape: (1, 224, 224, 3)
2025-06-12 03:52:13,339 - INFO - Face 0: Lacking_Focus (0.437) | All: [Bored:0.132, Interested:0.432, Lacking_Focus:0.437]
2025-06-12 03:52:13,340 - DEBUG - 📦 Processed frame: 1 faces, 577.0ms
2025-06-12 03:52:13,400 - DEBUG - Image decoded successfully: (240, 320, 3)
2025-06-12 03:52:13,825 - DEBUG - Face preprocessed: shape=(224, 224, 3), range=[-96.680, 135.061]
2025-06-12 03:52:13,826 - DEBUG - Detected 1 valid faces
2025-06-12 03:52:13,827 - DEBUG - Processing batch of 1 faces, shape: (1, 224, 224, 3)
2025-06-12 03:52:14,011 - INFO - Face 0: Lacking_Focus (0.434) | All: [Bored:0.168, Interested:0.398, Lacking_Focus:0.434]
2025-06-12 03:52:14,012 - DEBUG - 📦 Processed frame: 1 faces, 612.5ms
2025-06-12 03:52:14,152 - DEBUG - Image decoded successfully: (240, 320, 3)
2025-06-12 03:52:14,627 - DEBUG - Face preprocessed: shape=(224, 224, 3), range=[-97.680, 130.061]
2025-06-12 03:52:14,628 - DEBUG - Detected 1 valid faces
2025-06-12 03:52:14,629 - DEBUG - Processing batch of 1 faces, shape: (1, 224, 224, 3)
2025-06-12 03:52:14,814 - INFO - Face 0: Lacking_Focus (0.495) | All: [Bored:0.143, Interested:0.361, Lacking_Focus:0.495]
2025-06-12 03:52:14,815 - DEBUG - 📦 Processed frame: 1 faces, 663.0ms
2025-06-12 03:52:14,879 - DEBUG - Image decoded successfully: (240, 320, 3)
2025-06-12 03:52:15,306 - DEBUG - Face preprocessed: shape=(224, 224, 3), range=[-103.680, 138.061]
2025-06-12 03:52:15,307 - DEBUG - Detected 1 valid faces
2025-06-12 03:52:15,309 - DEBUG - Processing batch of 1 faces, shape: (1, 224, 224, 3)
2025-06-12 03:52:15,482 - INFO - Face 0: Lacking_Focus (0.570) | All: [Bored:0.107, Interested:0.323, Lacking_Focus:0.570]
2025-06-12 03:52:15,483 - DEBUG - 📦 Processed frame: 1 faces, 604.0ms
2025-06-12 03:52:15,636 - DEBUG - Image decoded successfully: (240, 320, 3)
2025-06-12 03:52:16,081 - DEBUG - Face preprocessed: shape=(224, 224, 3), range=[-118.680, 144.061]
2025-06-12 03:52:16,082 - DEBUG - Detected 1 valid faces
2025-06-12 03:52:16,083 - DEBUG - Processing batch of 1 faces, shape: (1, 224, 224, 3)
2025-06-12 03:52:16,264 - INFO - Face 0: Lacking_Focus (0.460) | All: [Bored:0.130, Interested:0.410, Lacking_Focus:0.460]
2025-06-12 03:52:16,265 - DEBUG - 📦 Processed frame: 1 faces, 629.3ms
2025-06-12 03:52:16,373 - DEBUG - Image decoded successfully: (240, 320, 3)
2025-06-12 03:52:16,821 - DEBUG - Face preprocessed: shape=(224, 224, 3), range=[-113.680, 147.061]
2025-06-12 03:52:16,822 - DEBUG - Detected 1 valid faces
2025-06-12 03:52:16,824 - DEBUG - Processing batch of 1 faces, shape: (1, 224, 224, 3)
2025-06-12 03:52:17,017 - INFO - Face 0: Lacking_Focus (0.548) | All: [Bored:0.101, Interested:0.351, Lacking_Focus:0.548]
2025-06-12 03:52:17,018 - DEBUG - 📦 Processed frame: 1 faces, 645.7ms
2025-06-12 03:52:17,108 - DEBUG - Image decoded successfully: (240, 320, 3)
2025-06-12 03:52:17,565 - DEBUG - Face preprocessed: shape=(224, 224, 3), range=[-104.680, 144.061]
2025-06-12 03:52:17,565 - DEBUG - Detected 1 valid faces
2025-06-12 03:52:17,567 - DEBUG - Processing batch of 1 faces, shape: (1, 224, 224, 3)
2025-06-12 03:52:17,748 - INFO - Face 0: Lacking_Focus (0.529) | All: [Bored:0.098, Interested:0.373, Lacking_Focus:0.529]
2025-06-12 03:52:17,749 - DEBUG - 📦 Processed frame: 1 faces, 641.2ms
2025-06-12 03:52:17,855 - DEBUG - Image decoded successfully: (240, 320, 3)
2025-06-12 03:52:18,292 - DEBUG - Face preprocessed: shape=(224, 224, 3), range=[-100.779, 139.061]
2025-06-12 03:52:18,293 - DEBUG - Detected 1 valid faces
2025-06-12 03:52:18,294 - DEBUG - Processing batch of 1 faces, shape: (1, 224, 224, 3)
2025-06-12 03:52:18,480 - INFO - Face 0: Lacking_Focus (0.444) | All: [Bored:0.182, Interested:0.374, Lacking_Focus:0.444]
2025-06-12 03:52:18,481 - DEBUG - 📦 Processed frame: 1 faces, 627.2ms
2025-06-12 03:52:18,600 - DEBUG - Image decoded successfully: (240, 320, 3)
2025-06-12 03:52:19,030 - DEBUG - Face preprocessed: shape=(224, 224, 3), range=[-102.680, 138.061]
2025-06-12 03:52:19,030 - DEBUG - Detected 1 valid faces
2025-06-12 03:52:19,031 - DEBUG - Processing batch of 1 faces, shape: (1, 224, 224, 3)
2025-06-12 03:52:19,206 - INFO - Face 0: Lacking_Focus (0.521) | All: [Bored:0.151, Interested:0.329, Lacking_Focus:0.521]
2025-06-12 03:52:19,207 - DEBUG - 📦 Processed frame: 1 faces, 606.9ms
2025-06-12 03:52:19,234 - DEBUG - Image decoded successfully: (240, 320, 3)
2025-06-12 03:52:19,720 - DEBUG - Face preprocessed: shape=(224, 224, 3), range=[-98.680, 130.061]
2025-06-12 03:52:19,721 - DEBUG - Detected 1 valid faces
2025-06-12 03:52:19,722 - DEBUG - Processing batch of 1 faces, shape: (1, 224, 224, 3)
2025-06-12 03:52:19,892 - INFO - Face 0: Lacking_Focus (0.529) | All: [Bored:0.132, Interested:0.339, Lacking_Focus:0.529]
2025-06-12 03:52:19,893 - DEBUG - 📦 Processed frame: 1 faces, 659.7ms
2025-06-12 03:52:19,976 - DEBUG - Image decoded successfully: (240, 320, 3)
2025-06-12 03:52:20,389 - DEBUG - Face preprocessed: shape=(224, 224, 3), range=[-103.680, 136.061]
2025-06-12 03:52:20,390 - DEBUG - Detected 1 valid faces
2025-06-12 03:52:20,391 - DEBUG - Processing batch of 1 faces, shape: (1, 224, 224, 3)
2025-06-12 03:52:20,570 - INFO - Face 0: Lacking_Focus (0.437) | All: [Bored:0.169, Interested:0.394, Lacking_Focus:0.437]
2025-06-12 03:52:20,571 - DEBUG - 📦 Processed frame: 1 faces, 595.6ms
2025-06-12 03:52:20,611 - DEBUG - Image decoded successfully: (240, 320, 3)
2025-06-12 03:52:21,100 - DEBUG - Face preprocessed: shape=(224, 224, 3), range=[-98.779, 140.061]
2025-06-12 03:52:21,101 - DEBUG - Detected 1 valid faces
2025-06-12 03:52:21,102 - DEBUG - Processing batch of 1 faces, shape: (1, 224, 224, 3)
2025-06-12 03:52:21,278 - INFO - Face 0: Lacking_Focus (0.484) | All: [Bored:0.125, Interested:0.391, Lacking_Focus:0.484]
2025-06-12 03:52:21,279 - DEBUG - 📦 Processed frame: 1 faces, 669.1ms
2025-06-12 03:52:21,356 - DEBUG - Image decoded successfully: (240, 320, 3)
2025-06-12 03:52:21,762 - DEBUG - Face preprocessed: shape=(224, 224, 3), range=[-101.680, 139.061]
2025-06-12 03:52:21,763 - DEBUG - Detected 1 valid faces
2025-06-12 03:52:21,764 - DEBUG - Processing batch of 1 faces, shape: (1, 224, 224, 3)
2025-06-12 03:52:21,950 - INFO - Face 0: Lacking_Focus (0.494) | All: [Bored:0.148, Interested:0.358, Lacking_Focus:0.494]
2025-06-12 03:52:21,951 - DEBUG - 📦 Processed frame: 1 faces, 595.6ms
2025-06-12 03:52:21,989 - DEBUG - Image decoded successfully: (240, 320, 3)
2025-06-12 03:52:22,398 - DEBUG - Face preprocessed: shape=(224, 224, 3), range=[-97.680, 134.061]
2025-06-12 03:52:22,399 - DEBUG - Detected 1 valid faces
2025-06-12 03:52:22,400 - DEBUG - Processing batch of 1 faces, shape: (1, 224, 224, 3)
2025-06-12 03:52:22,575 - INFO - Face 0: Lacking_Focus (0.546) | All: [Bored:0.168, Interested:0.287, Lacking_Focus:0.546]
2025-06-12 03:52:22,577 - DEBUG - 📦 Processed frame: 1 faces, 588.0ms
2025-06-12 03:52:22,730 - DEBUG - Image decoded successfully: (240, 320, 3)
2025-06-12 03:52:23,146 - DEBUG - Face preprocessed: shape=(224, 224, 3), range=[-95.779, 129.061]
2025-06-12 03:52:23,147 - DEBUG - Detected 1 valid faces
2025-06-12 03:52:23,148 - DEBUG - Processing batch of 1 faces, shape: (1, 224, 224, 3)
2025-06-12 03:52:23,325 - INFO - Face 0: Lacking_Focus (0.476) | All: [Bored:0.164, Interested:0.360, Lacking_Focus:0.476]
2025-06-12 03:52:23,326 - DEBUG - 📦 Processed frame: 1 faces, 595.9ms
2025-06-12 03:52:23,363 - DEBUG - Image decoded successfully: (240, 320, 3)
2025-06-12 03:52:23,835 - DEBUG - Face preprocessed: shape=(224, 224, 3), range=[-103.779, 128.320]
2025-06-12 03:52:23,836 - DEBUG - Detected 1 valid faces
2025-06-12 03:52:23,837 - DEBUG - Processing batch of 1 faces, shape: (1, 224, 224, 3)
2025-06-12 03:52:23,265 - INFO - Face 0: Interested (0.415) | All: [Bored:0.174, Interested:0.415, Lacking_Focus:0.411]
2025-06-12 03:52:23,266 - DEBUG - 📦 Processed frame: 1 faces, -96.2ms
2025-06-12 03:52:23,355 - DEBUG - Image decoded successfully: (240, 320, 3)
2025-06-12 03:52:22,860 - DEBUG - Face preprocessed: shape=(224, 224, 3), range=[-99.680, 133.061]
2025-06-12 03:52:22,861 - DEBUG - Detected 1 valid faces
2025-06-12 03:52:22,862 - DEBUG - Processing batch of 1 faces, shape: (1, 224, 224, 3)
2025-06-12 03:52:23,035 - INFO - Face 0: Lacking_Focus (0.484) | All: [Bored:0.161, Interested:0.355, Lacking_Focus:0.484]
2025-06-12 03:52:23,037 - DEBUG - 📦 Processed frame: 1 faces, -317.7ms
2025-06-12 03:52:23,126 - DEBUG - Image decoded successfully: (240, 320, 3)
2025-06-12 03:52:23,581 - DEBUG - Face preprocessed: shape=(224, 224, 3), range=[-95.779, 132.061]
2025-06-12 03:52:23,582 - DEBUG - Detected 1 valid faces
2025-06-12 03:52:23,583 - DEBUG - Processing batch of 1 faces, shape: (1, 224, 224, 3)
2025-06-12 03:52:23,755 - INFO - Face 0: Lacking_Focus (0.529) | All: [Bored:0.115, Interested:0.357, Lacking_Focus:0.529]
2025-06-12 03:52:23,756 - DEBUG - 📦 Processed frame: 1 faces, 630.8ms
2025-06-12 03:52:23,873 - DEBUG - Image decoded successfully: (240, 320, 3)
2025-06-12 03:52:24,314 - DEBUG - Face preprocessed: shape=(224, 224, 3), range=[-98.779, 131.061]
2025-06-12 03:52:24,314 - DEBUG - Detected 1 valid faces
2025-06-12 03:52:24,315 - DEBUG - Processing batch of 1 faces, shape: (1, 224, 224, 3)
2025-06-12 03:52:24,505 - INFO - Face 0: Lacking_Focus (0.472) | All: [Bored:0.165, Interested:0.363, Lacking_Focus:0.472]
2025-06-12 03:52:24,506 - DEBUG - 📦 Processed frame: 1 faces, 633.9ms
2025-06-12 03:52:24,609 - DEBUG - Image decoded successfully: (240, 320, 3)
2025-06-12 03:52:25,021 - DEBUG - Face preprocessed: shape=(224, 224, 3), range=[-103.680, 135.061]
2025-06-12 03:52:25,022 - DEBUG - Detected 1 valid faces
2025-06-12 03:52:25,023 - DEBUG - Processing batch of 1 faces, shape: (1, 224, 224, 3)
2025-06-12 03:52:25,204 - INFO - Face 0: Interested (0.435) | All: [Bored:0.159, Interested:0.435, Lacking_Focus:0.407]
2025-06-12 03:52:25,205 - DEBUG - 📦 Processed frame: 1 faces, 596.2ms
2025-06-12 03:52:25,348 - DEBUG - Image decoded successfully: (240, 320, 3)
2025-06-12 03:52:25,862 - DEBUG - Face preprocessed: shape=(224, 224, 3), range=[-98.779, 140.061]
2025-06-12 03:52:25,863 - DEBUG - Detected 1 valid faces
2025-06-12 03:52:25,864 - DEBUG - Processing batch of 1 faces, shape: (1, 224, 224, 3)
2025-06-12 03:52:26,028 - INFO - Face 0: Lacking_Focus (0.389) | All: [Bored:0.248, Interested:0.363, Lacking_Focus:0.389]
2025-06-12 03:52:26,029 - DEBUG - 📦 Processed frame: 1 faces, 681.3ms
2025-06-12 03:52:26,101 - DEBUG - Image decoded successfully: (240, 320, 3)
2025-06-12 03:52:26,521 - DEBUG - Face preprocessed: shape=(224, 224, 3), range=[-103.680, 134.061]
2025-06-12 03:52:26,522 - DEBUG - Detected 1 valid faces
2025-06-12 03:52:26,523 - DEBUG - Processing batch of 1 faces, shape: (1, 224, 224, 3)
2025-06-12 03:52:26,711 - INFO - Face 0: Lacking_Focus (0.391) | All: [Bored:0.222, Interested:0.387, Lacking_Focus:0.391]
2025-06-12 03:52:26,712 - DEBUG - 📦 Processed frame: 1 faces, 611.4ms
2025-06-12 03:52:26,839 - DEBUG - Image decoded successfully: (240, 320, 3)
2025-06-12 03:52:27,265 - DEBUG - Face preprocessed: shape=(224, 224, 3), range=[-96.680, 146.061]
2025-06-12 03:52:27,266 - DEBUG - Detected 1 valid faces
2025-06-12 03:52:27,267 - DEBUG - Processing batch of 1 faces, shape: (1, 224, 224, 3)
2025-06-12 03:52:27,442 - INFO - Face 0: Interested (0.480) | All: [Bored:0.213, Interested:0.480, Lacking_Focus:0.307]
2025-06-12 03:52:27,443 - DEBUG - 📦 Processed frame: 1 faces, 604.0ms
2025-06-12 03:52:27,470 - DEBUG - Image decoded successfully: (240, 320, 3)
2025-06-12 03:52:27,934 - DEBUG - Face preprocessed: shape=(224, 224, 3), range=[-105.680, 140.061]
2025-06-12 03:52:27,935 - DEBUG - Detected 1 valid faces
2025-06-12 03:52:27,936 - DEBUG - Processing batch of 1 faces, shape: (1, 224, 224, 3)
2025-06-12 03:52:28,095 - INFO - Face 0: Interested (0.438) | All: [Bored:0.195, Interested:0.438, Lacking_Focus:0.367]
2025-06-12 03:52:28,096 - DEBUG - 📦 Processed frame: 1 faces, 626.7ms
2025-06-12 03:52:28,204 - DEBUG - Image decoded successfully: (240, 320, 3)
2025-06-12 03:52:28,634 - DEBUG - Face preprocessed: shape=(224, 224, 3), range=[-100.680, 135.061]
2025-06-12 03:52:28,635 - DEBUG - Detected 1 valid faces
2025-06-12 03:52:28,637 - DEBUG - Processing batch of 1 faces, shape: (1, 224, 224, 3)
2025-06-12 03:52:28,802 - INFO - Face 0: Interested (0.417) | All: [Bored:0.196, Interested:0.417, Lacking_Focus:0.387]
2025-06-12 03:52:28,803 - DEBUG - 📦 Processed frame: 1 faces, 599.6ms
2025-06-12 03:52:28,840 - DEBUG - Image decoded successfully: (240, 320, 3)
2025-06-12 03:52:29,299 - DEBUG - Face preprocessed: shape=(224, 224, 3), range=[-100.680, 141.061]
2025-06-12 03:52:29,300 - DEBUG - Detected 1 valid faces
2025-06-12 03:52:29,301 - DEBUG - Processing batch of 1 faces, shape: (1, 224, 224, 3)
2025-06-12 03:52:29,476 - INFO - Face 0: Interested (0.453) | All: [Bored:0.150, Interested:0.453, Lacking_Focus:0.397]
2025-06-12 03:52:29,477 - DEBUG - 📦 Processed frame: 1 faces, 637.1ms
2025-06-12 03:52:29,592 - DEBUG - Image decoded successfully: (240, 320, 3)
2025-06-12 03:52:30,074 - DEBUG - Face preprocessed: shape=(224, 224, 3), range=[-102.680, 141.061]
2025-06-12 03:52:30,075 - DEBUG - Detected 1 valid faces
2025-06-12 03:52:30,076 - DEBUG - Processing batch of 1 faces, shape: (1, 224, 224, 3)
2025-06-12 03:52:30,234 - INFO - Face 0: Interested (0.419) | All: [Bored:0.191, Interested:0.419, Lacking_Focus:0.391]
2025-06-12 03:52:30,235 - DEBUG - 📦 Processed frame: 1 faces, 643.2ms
2025-06-12 03:52:30,333 - DEBUG - Image decoded successfully: (240, 320, 3)
2025-06-12 03:52:30,785 - DEBUG - Face preprocessed: shape=(224, 224, 3), range=[-101.779, 142.061]
2025-06-12 03:52:30,785 - DEBUG - Detected 1 valid faces
2025-06-12 03:52:30,786 - DEBUG - Processing batch of 1 faces, shape: (1, 224, 224, 3)
2025-06-12 03:52:30,948 - INFO - Face 0: Lacking_Focus (0.469) | All: [Bored:0.151, Interested:0.380, Lacking_Focus:0.469]
2025-06-12 03:52:30,950 - DEBUG - 📦 Processed frame: 1 faces, 617.2ms
2025-06-12 03:52:31,074 - DEBUG - Image decoded successfully: (240, 320, 3)
2025-06-12 03:52:31,550 - DEBUG - Face preprocessed: shape=(224, 224, 3), range=[-102.680, 141.061]
2025-06-12 03:52:31,550 - DEBUG - Detected 1 valid faces
2025-06-12 03:52:31,551 - DEBUG - Processing batch of 1 faces, shape: (1, 224, 224, 3)
2025-06-12 03:52:31,744 - INFO - Face 0: Interested (0.462) | All: [Bored:0.144, Interested:0.462, Lacking_Focus:0.394]
2025-06-12 03:52:31,746 - DEBUG - 📦 Processed frame: 1 faces, 672.4ms
2025-06-12 03:52:31,808 - DEBUG - Image decoded successfully: (240, 320, 3)
2025-06-12 03:52:32,408 - DEBUG - Face preprocessed: shape=(224, 224, 3), range=[-102.680, 143.061]
2025-06-12 03:52:32,409 - DEBUG - Detected 1 valid faces
2025-06-12 03:52:32,411 - DEBUG - Processing batch of 1 faces, shape: (1, 224, 224, 3)
2025-06-12 03:52:32,636 - INFO - Face 0: Interested (0.485) | All: [Bored:0.159, Interested:0.485, Lacking_Focus:0.356]
2025-06-12 03:52:32,638 - DEBUG - 📦 Processed frame: 1 faces, 830.7ms
2025-06-12 03:52:32,765 - DEBUG - Image decoded successfully: (240, 320, 3)
2025-06-12 03:52:33,327 - DEBUG - Face preprocessed: shape=(224, 224, 3), range=[-109.680, 135.061]
2025-06-12 03:52:33,328 - DEBUG - Detected 1 valid faces
2025-06-12 03:52:33,329 - DEBUG - Processing batch of 1 faces, shape: (1, 224, 224, 3)
2025-06-12 03:52:33,504 - INFO - Face 0: Interested (0.482) | All: [Bored:0.155, Interested:0.482, Lacking_Focus:0.363]
2025-06-12 03:52:33,506 - DEBUG - 📦 Processed frame: 1 faces, 741.7ms
2025-06-12 03:52:33,613 - DEBUG - Image decoded successfully: (240, 320, 3)
2025-06-12 03:52:34,130 - DEBUG - Face preprocessed: shape=(224, 224, 3), range=[-118.680, 149.061]
2025-06-12 03:52:34,131 - DEBUG - Detected 1 valid faces
2025-06-12 03:52:34,132 - DEBUG - Processing batch of 1 faces, shape: (1, 224, 224, 3)
2025-06-12 03:52:34,300 - INFO - Face 0: Interested (0.523) | All: [Bored:0.160, Interested:0.523, Lacking_Focus:0.317]
2025-06-12 03:52:34,301 - DEBUG - 📦 Processed frame: 1 faces, 688.1ms
2025-06-12 03:52:34,460 - DEBUG - Image decoded successfully: (240, 320, 3)
2025-06-12 03:52:35,041 - DEBUG - Face preprocessed: shape=(224, 224, 3), range=[-101.779, 136.061]
2025-06-12 03:52:35,041 - DEBUG - Detected 1 valid faces
2025-06-12 03:52:35,043 - DEBUG - Processing batch of 1 faces, shape: (1, 224, 224, 3)
2025-06-12 03:52:35,253 - INFO - Face 0: Lacking_Focus (0.423) | All: [Bored:0.186, Interested:0.391, Lacking_Focus:0.423]
2025-06-12 03:52:35,256 - DEBUG - 📦 Processed frame: 1 faces, 796.5ms
2025-06-12 03:52:35,320 - DEBUG - Image decoded successfully: (240, 320, 3)
2025-06-12 03:52:35,771 - DEBUG - Face preprocessed: shape=(224, 224, 3), range=[-93.680, 139.061]
2025-06-12 03:52:35,772 - DEBUG - Detected 1 valid faces
2025-06-12 03:52:35,773 - DEBUG - Processing batch of 1 faces, shape: (1, 224, 224, 3)
2025-06-12 03:52:35,964 - INFO - Face 0: Interested (0.444) | All: [Bored:0.189, Interested:0.444, Lacking_Focus:0.367]
2025-06-12 03:52:35,965 - DEBUG - 📦 Processed frame: 1 faces, 645.3ms
2025-06-12 03:52:36,042 - DEBUG - Image decoded successfully: (240, 320, 3)
2025-06-12 03:52:36,487 - DEBUG - Face preprocessed: shape=(224, 224, 3), range=[-95.680, 149.061]
2025-06-12 03:52:36,487 - DEBUG - Detected 1 valid faces
2025-06-12 03:52:36,488 - DEBUG - Processing batch of 1 faces, shape: (1, 224, 224, 3)
2025-06-12 03:52:36,661 - INFO - Face 0: Lacking_Focus (0.441) | All: [Bored:0.191, Interested:0.368, Lacking_Focus:0.441]
2025-06-12 03:52:36,662 - DEBUG - 📦 Processed frame: 1 faces, 620.7ms
2025-06-12 03:52:36,785 - DEBUG - Image decoded successfully: (240, 320, 3)
2025-06-12 03:52:37,284 - DEBUG - Face preprocessed: shape=(224, 224, 3), range=[-92.680, 150.061]
2025-06-12 03:52:37,285 - DEBUG - Detected 1 valid faces
2025-06-12 03:52:37,286 - DEBUG - Processing batch of 1 faces, shape: (1, 224, 224, 3)
2025-06-12 03:52:37,460 - INFO - Face 0: Lacking_Focus (0.397) | All: [Bored:0.215, Interested:0.388, Lacking_Focus:0.397]
2025-06-12 03:52:37,460 - DEBUG - 📦 Processed frame: 1 faces, 675.5ms
2025-06-12 03:52:37,466 - INFO - ❌ Client disconnected
2025-06-12 03:52:37,467 - INFO - Disconnect reason: disconnect
2025-06-12 03:52:37,522 - INFO - ✅ Client connected
2025-06-12 03:52:38,927 - DEBUG - Image decoded successfully: (240, 320, 3)
2025-06-12 03:52:39,323 - DEBUG - Face preprocessed: shape=(224, 224, 3), range=[-98.680, 150.061]
2025-06-12 03:52:39,323 - DEBUG - Detected 1 valid faces
2025-06-12 03:52:39,324 - DEBUG - Processing batch of 1 faces, shape: (1, 224, 224, 3)
2025-06-12 03:52:39,489 - INFO - Face 0: Lacking_Focus (0.460) | All: [Bored:0.160, Interested:0.380, Lacking_Focus:0.460]
2025-06-12 03:52:39,490 - DEBUG - 📦 Processed frame: 1 faces, 564.4ms
2025-06-12 03:52:39,618 - DEBUG - Image decoded successfully: (240, 320, 3)
2025-06-12 03:52:40,036 - DEBUG - Face preprocessed: shape=(224, 224, 3), range=[-93.680, 147.061]
2025-06-12 03:52:40,037 - DEBUG - Detected 1 valid faces
2025-06-12 03:52:40,038 - DEBUG - Processing batch of 1 faces, shape: (1, 224, 224, 3)
2025-06-12 03:52:40,203 - INFO - Face 0: Interested (0.420) | All: [Bored:0.241, Interested:0.420, Lacking_Focus:0.339]
2025-06-12 03:52:40,204 - DEBUG - 📦 Processed frame: 1 faces, 586.2ms
2025-06-12 03:52:40,302 - DEBUG - Image decoded successfully: (240, 320, 3)
2025-06-12 03:52:40,757 - DEBUG - Face preprocessed: shape=(224, 224, 3), range=[-99.680, 144.061]
2025-06-12 03:52:40,758 - DEBUG - Detected 1 valid faces
2025-06-12 03:52:40,759 - DEBUG - Processing batch of 1 faces, shape: (1, 224, 224, 3)
2025-06-12 03:52:40,938 - INFO - Face 0: Interested (0.401) | All: [Bored:0.203, Interested:0.401, Lacking_Focus:0.396]
2025-06-12 03:52:40,939 - DEBUG - 📦 Processed frame: 1 faces, 637.8ms
2025-06-12 03:52:41,044 - DEBUG - Image decoded successfully: (240, 320, 3)
2025-06-12 03:52:41,508 - DEBUG - Face preprocessed: shape=(224, 224, 3), range=[-97.680, 140.061]
2025-06-12 03:52:41,509 - DEBUG - Detected 1 valid faces
2025-06-12 03:52:41,510 - DEBUG - Processing batch of 1 faces, shape: (1, 224, 224, 3)
2025-06-12 03:52:41,685 - INFO - Face 0: Interested (0.522) | All: [Bored:0.181, Interested:0.522, Lacking_Focus:0.296]
2025-06-12 03:52:41,687 - DEBUG - 📦 Processed frame: 1 faces, 643.2ms
2025-06-12 03:52:41,828 - DEBUG - Image decoded successfully: (240, 320, 3)
2025-06-12 03:52:42,237 - DEBUG - Face preprocessed: shape=(224, 224, 3), range=[-98.680, 130.061]
2025-06-12 03:52:42,238 - DEBUG - Detected 1 valid faces
2025-06-12 03:52:42,239 - DEBUG - Processing batch of 1 faces, shape: (1, 224, 224, 3)
2025-06-12 03:52:42,437 - INFO - Face 0: Interested (0.459) | All: [Bored:0.152, Interested:0.459, Lacking_Focus:0.389]
2025-06-12 03:52:42,438 - DEBUG - 📦 Processed frame: 1 faces, 610.6ms
2025-06-12 03:52:42,532 - DEBUG - Image decoded successfully: (240, 320, 3)
2025-06-12 03:52:42,988 - DEBUG - Face preprocessed: shape=(224, 224, 3), range=[-100.680, 129.061]
2025-06-12 03:52:42,989 - DEBUG - Detected 1 valid faces
2025-06-12 03:52:42,990 - DEBUG - Processing batch of 1 faces, shape: (1, 224, 224, 3)
2025-06-12 03:52:43,205 - INFO - Face 0: Interested (0.425) | All: [Bored:0.167, Interested:0.425, Lacking_Focus:0.408]
2025-06-12 03:52:43,207 - DEBUG - 📦 Processed frame: 1 faces, 674.9ms
2025-06-12 03:52:43,276 - DEBUG - Image decoded successfully: (240, 320, 3)
2025-06-12 03:52:43,757 - DEBUG - Face preprocessed: shape=(224, 224, 3), range=[-103.680, 129.061]
2025-06-12 03:52:43,758 - DEBUG - Detected 1 valid faces
2025-06-12 03:52:43,759 - DEBUG - Processing batch of 1 faces, shape: (1, 224, 224, 3)
2025-06-12 03:52:43,973 - INFO - Face 0: Lacking_Focus (0.420) | All: [Bored:0.169, Interested:0.411, Lacking_Focus:0.420]
2025-06-12 03:52:43,974 - DEBUG - 📦 Processed frame: 1 faces, 698.8ms
2025-06-12 03:52:44,121 - DEBUG - Image decoded successfully: (240, 320, 3)
2025-06-12 03:52:44,623 - DEBUG - Face preprocessed: shape=(224, 224, 3), range=[-102.680, 127.061]
2025-06-12 03:52:44,625 - DEBUG - Detected 1 valid faces
2025-06-12 03:52:44,626 - DEBUG - Processing batch of 1 faces, shape: (1, 224, 224, 3)
2025-06-12 03:52:44,844 - INFO - Face 0: Lacking_Focus (0.394) | All: [Bored:0.242, Interested:0.363, Lacking_Focus:0.394]
2025-06-12 03:52:44,845 - DEBUG - 📦 Processed frame: 1 faces, 724.2ms
2025-06-12 03:52:44,975 - DEBUG - Image decoded successfully: (240, 320, 3)
2025-06-12 03:52:45,502 - DEBUG - Face preprocessed: shape=(224, 224, 3), range=[-101.680, 133.061]
2025-06-12 03:52:45,503 - DEBUG - Detected 1 valid faces
2025-06-12 03:52:45,504 - DEBUG - Processing batch of 1 faces, shape: (1, 224, 224, 3)
2025-06-12 03:52:45,716 - INFO - Face 0: Interested (0.419) | All: [Bored:0.203, Interested:0.419, Lacking_Focus:0.378]
2025-06-12 03:52:45,717 - DEBUG - 📦 Processed frame: 1 faces, 742.6ms
2025-06-12 03:52:45,814 - DEBUG - Image decoded successfully: (240, 320, 3)
2025-06-12 03:52:46,290 - DEBUG - Face preprocessed: shape=(224, 224, 3), range=[-103.680, 139.061]
2025-06-12 03:52:46,291 - DEBUG - Detected 1 valid faces
2025-06-12 03:52:46,292 - DEBUG - Processing batch of 1 faces, shape: (1, 224, 224, 3)
2025-06-12 03:52:46,504 - INFO - Face 0: Lacking_Focus (0.356) | All: [Bored:0.327, Interested:0.317, Lacking_Focus:0.356]
2025-06-12 03:52:46,505 - DEBUG - 📦 Processed frame: 1 faces, 692.0ms
2025-06-12 03:52:46,569 - DEBUG - Image decoded successfully: (240, 320, 3)
2025-06-12 03:52:47,033 - DEBUG - Face preprocessed: shape=(224, 224, 3), range=[-101.680, 141.061]
2025-06-12 03:52:47,034 - DEBUG - Detected 1 valid faces
2025-06-12 03:52:47,035 - DEBUG - Processing batch of 1 faces, shape: (1, 224, 224, 3)
2025-06-12 03:52:47,250 - INFO - Face 0: Lacking_Focus (0.352) | All: [Bored:0.300, Interested:0.348, Lacking_Focus:0.352]
2025-06-12 03:52:47,251 - DEBUG - 📦 Processed frame: 1 faces, 683.3ms
2025-06-12 03:52:47,405 - DEBUG - Image decoded successfully: (240, 320, 3)
2025-06-12 03:52:47,844 - DEBUG - Face preprocessed: shape=(224, 224, 3), range=[-100.680, 141.061]
2025-06-12 03:52:47,844 - DEBUG - Detected 1 valid faces
2025-06-12 03:52:47,846 - DEBUG - Processing batch of 1 faces, shape: (1, 224, 224, 3)
2025-06-12 03:52:48,044 - INFO - Face 0: Lacking_Focus (0.407) | All: [Bored:0.222, Interested:0.371, Lacking_Focus:0.407]
2025-06-12 03:52:48,045 - DEBUG - 📦 Processed frame: 1 faces, 640.5ms
2025-06-12 03:52:48,156 - DEBUG - Image decoded successfully: (240, 320, 3)
2025-06-12 03:52:48,621 - DEBUG - Face preprocessed: shape=(224, 224, 3), range=[-103.779, 135.061]
2025-06-12 03:52:48,622 - DEBUG - Detected 1 valid faces
2025-06-12 03:52:48,623 - DEBUG - Processing batch of 1 faces, shape: (1, 224, 224, 3)
2025-06-12 03:52:48,815 - INFO - Face 0: Lacking_Focus (0.478) | All: [Bored:0.231, Interested:0.291, Lacking_Focus:0.478]
2025-06-12 03:52:48,816 - DEBUG - 📦 Processed frame: 1 faces, 660.6ms
2025-06-12 03:52:48,991 - DEBUG - Image decoded successfully: (240, 320, 3)
2025-06-12 03:52:49,406 - DEBUG - Face preprocessed: shape=(224, 224, 3), range=[-104.680, 128.061]
2025-06-12 03:52:49,407 - DEBUG - Detected 1 valid faces
2025-06-12 03:52:49,407 - DEBUG - Processing batch of 1 faces, shape: (1, 224, 224, 3)
2025-06-12 03:52:49,578 - INFO - Face 0: Lacking_Focus (0.408) | All: [Bored:0.256, Interested:0.336, Lacking_Focus:0.408]
2025-06-12 03:52:49,579 - DEBUG - 📦 Processed frame: 1 faces, 587.9ms
2025-06-12 03:52:49,625 - DEBUG - Image decoded successfully: (240, 320, 3)
2025-06-12 03:52:50,074 - DEBUG - Face preprocessed: shape=(224, 224, 3), range=[-104.680, 133.061]
2025-06-12 03:52:50,075 - DEBUG - Detected 1 valid faces
2025-06-12 03:52:50,076 - DEBUG - Processing batch of 1 faces, shape: (1, 224, 224, 3)
2025-06-12 03:52:50,251 - INFO - Face 0: Lacking_Focus (0.402) | All: [Bored:0.256, Interested:0.343, Lacking_Focus:0.402]
2025-06-12 03:52:50,252 - DEBUG - 📦 Processed frame: 1 faces, 627.5ms
2025-06-12 03:52:50,377 - DEBUG - Image decoded successfully: (240, 320, 3)
2025-06-12 03:52:50,776 - DEBUG - Face preprocessed: shape=(224, 224, 3), range=[-98.680, 130.061]
2025-06-12 03:52:50,777 - DEBUG - Detected 1 valid faces
2025-06-12 03:52:50,778 - DEBUG - Processing batch of 1 faces, shape: (1, 224, 224, 3)
2025-06-12 03:52:50,943 - INFO - Face 0: Lacking_Focus (0.418) | All: [Bored:0.224, Interested:0.358, Lacking_Focus:0.418]
2025-06-12 03:52:50,944 - DEBUG - 📦 Processed frame: 1 faces, 567.3ms
2025-06-12 03:52:51,008 - DEBUG - Image decoded successfully: (240, 320, 3)
2025-06-12 03:52:51,416 - DEBUG - Face preprocessed: shape=(224, 224, 3), range=[-105.680, 130.061]
2025-06-12 03:52:51,416 - DEBUG - Detected 1 valid faces
2025-06-12 03:52:51,417 - DEBUG - Processing batch of 1 faces, shape: (1, 224, 224, 3)
2025-06-12 03:52:51,594 - INFO - Face 0: Interested (0.368) | All: [Bored:0.275, Interested:0.368, Lacking_Focus:0.357]
2025-06-12 03:52:51,595 - DEBUG - 📦 Processed frame: 1 faces, 587.6ms
2025-06-12 03:52:51,747 - DEBUG - Image decoded successfully: (240, 320, 3)
2025-06-12 03:52:52,192 - DEBUG - Face preprocessed: shape=(224, 224, 3), range=[-104.680, 125.061]
2025-06-12 03:52:52,192 - DEBUG - Detected 1 valid faces
2025-06-12 03:52:52,193 - DEBUG - Processing batch of 1 faces, shape: (1, 224, 224, 3)
2025-06-12 03:52:51,663 - INFO - Face 0: Lacking_Focus (0.426) | All: [Bored:0.230, Interested:0.344, Lacking_Focus:0.426]
2025-06-12 03:52:51,664 - DEBUG - 📦 Processed frame: 1 faces, -82.3ms
2025-06-12 03:52:50,870 - DEBUG - Image decoded successfully: (240, 320, 3)
2025-06-12 03:52:51,343 - DEBUG - Face preprocessed: shape=(224, 224, 3), range=[-103.680, 127.061]
2025-06-12 03:52:51,344 - DEBUG - Detected 1 valid faces
2025-06-12 03:52:51,345 - DEBUG - Processing batch of 1 faces, shape: (1, 224, 224, 3)
2025-06-12 03:52:51,508 - INFO - Face 0: Lacking_Focus (0.463) | All: [Bored:0.206, Interested:0.331, Lacking_Focus:0.463]
2025-06-12 03:52:51,509 - DEBUG - 📦 Processed frame: 1 faces, 639.6ms
2025-06-12 03:52:51,601 - DEBUG - Image decoded successfully: (240, 320, 3)
2025-06-12 03:52:52,014 - DEBUG - Face preprocessed: shape=(224, 224, 3), range=[-109.680, 130.061]
2025-06-12 03:52:52,015 - DEBUG - Detected 1 valid faces
2025-06-12 03:52:52,016 - DEBUG - Processing batch of 1 faces, shape: (1, 224, 224, 3)
2025-06-12 03:52:52,179 - INFO - Face 0: Interested (0.370) | All: [Bored:0.271, Interested:0.370, Lacking_Focus:0.358]
2025-06-12 03:52:52,180 - DEBUG - 📦 Processed frame: 1 faces, 579.9ms
2025-06-12 03:52:52,250 - DEBUG - Image decoded successfully: (240, 320, 3)
2025-06-12 03:52:52,655 - DEBUG - Face preprocessed: shape=(224, 224, 3), range=[-100.680, 135.061]
2025-06-12 03:52:52,656 - DEBUG - Detected 1 valid faces
2025-06-12 03:52:52,657 - DEBUG - Processing batch of 1 faces, shape: (1, 224, 224, 3)
2025-06-12 03:52:52,850 - INFO - Face 0: Lacking_Focus (0.368) | All: [Bored:0.289, Interested:0.343, Lacking_Focus:0.368]
2025-06-12 03:52:52,851 - DEBUG - 📦 Processed frame: 1 faces, 601.8ms
2025-06-12 03:52:52,976 - DEBUG - Image decoded successfully: (240, 320, 3)
2025-06-12 03:52:53,422 - DEBUG - Face preprocessed: shape=(224, 224, 3), range=[-100.779, 122.061]
2025-06-12 03:52:53,423 - DEBUG - Detected 1 valid faces
2025-06-12 03:52:53,424 - DEBUG - Processing batch of 1 faces, shape: (1, 224, 224, 3)
2025-06-12 03:52:53,580 - INFO - Face 0: Lacking_Focus (0.409) | All: [Bored:0.249, Interested:0.343, Lacking_Focus:0.409]
2025-06-12 03:52:53,581 - DEBUG - 📦 Processed frame: 1 faces, 605.4ms
2025-06-12 03:52:53,610 - DEBUG - Image decoded successfully: (240, 320, 3)
2025-06-12 03:52:54,014 - DEBUG - Face preprocessed: shape=(224, 224, 3), range=[-94.779, 126.061]
2025-06-12 03:52:54,014 - DEBUG - Detected 1 valid faces
2025-06-12 03:52:54,015 - DEBUG - Processing batch of 1 faces, shape: (1, 224, 224, 3)
2025-06-12 03:52:54,180 - INFO - Face 0: Lacking_Focus (0.478) | All: [Bored:0.134, Interested:0.388, Lacking_Focus:0.478]
2025-06-12 03:52:54,181 - DEBUG - 📦 Processed frame: 1 faces, 571.5ms
2025-06-12 03:52:54,248 - DEBUG - Image decoded successfully: (240, 320, 3)
2025-06-12 03:52:54,660 - DEBUG - Face preprocessed: shape=(224, 224, 3), range=[-93.680, 140.061]
2025-06-12 03:52:54,660 - DEBUG - Detected 1 valid faces
2025-06-12 03:52:54,662 - DEBUG - Processing batch of 1 faces, shape: (1, 224, 224, 3)
2025-06-12 03:52:54,828 - INFO - Face 0: Lacking_Focus (0.501) | All: [Bored:0.189, Interested:0.310, Lacking_Focus:0.501]
2025-06-12 03:52:54,829 - DEBUG - 📦 Processed frame: 1 faces, 581.0ms
2025-06-12 03:52:54,897 - DEBUG - Image decoded successfully: (240, 320, 3)
2025-06-12 03:52:55,285 - DEBUG - Face preprocessed: shape=(224, 224, 3), range=[-98.779, 142.061]
2025-06-12 03:52:55,286 - DEBUG - Detected 1 valid faces
2025-06-12 03:52:55,288 - DEBUG - Processing batch of 1 faces, shape: (1, 224, 224, 3)
2025-06-12 03:52:55,473 - INFO - Face 0: Lacking_Focus (0.480) | All: [Bored:0.264, Interested:0.255, Lacking_Focus:0.480]
2025-06-12 03:52:55,474 - DEBUG - 📦 Processed frame: 1 faces, 577.7ms
2025-06-12 03:52:55,622 - DEBUG - Image decoded successfully: (240, 320, 3)
2025-06-12 03:52:56,051 - DEBUG - Face preprocessed: shape=(224, 224, 3), range=[-100.680, 151.061]
2025-06-12 03:52:56,052 - DEBUG - Detected 1 valid faces
2025-06-12 03:52:56,053 - DEBUG - Processing batch of 1 faces, shape: (1, 224, 224, 3)
2025-06-12 03:52:56,267 - INFO - Face 0: Lacking_Focus (0.434) | All: [Bored:0.150, Interested:0.416, Lacking_Focus:0.434]
2025-06-12 03:52:56,268 - DEBUG - 📦 Processed frame: 1 faces, 646.5ms
2025-06-12 03:52:56,375 - DEBUG - Image decoded successfully: (240, 320, 3)
2025-06-12 03:52:56,765 - DEBUG - Face preprocessed: shape=(224, 224, 3), range=[-100.680, 144.061]
2025-06-12 03:52:56,766 - DEBUG - Detected 1 valid faces
2025-06-12 03:52:56,767 - DEBUG - Processing batch of 1 faces, shape: (1, 224, 224, 3)
2025-06-12 03:52:56,927 - INFO - Face 0: Lacking_Focus (0.387) | All: [Bored:0.245, Interested:0.368, Lacking_Focus:0.387]
2025-06-12 03:52:56,928 - DEBUG - 📦 Processed frame: 1 faces, 553.7ms
2025-06-12 03:52:56,997 - DEBUG - Image decoded successfully: (240, 320, 3)
2025-06-12 03:52:57,457 - DEBUG - Face preprocessed: shape=(224, 224, 3), range=[-99.680, 149.061]
2025-06-12 03:52:57,458 - DEBUG - Detected 1 valid faces
2025-06-12 03:52:57,459 - DEBUG - Processing batch of 1 faces, shape: (1, 224, 224, 3)
2025-06-12 03:52:57,633 - INFO - Face 0: Lacking_Focus (0.445) | All: [Bored:0.153, Interested:0.403, Lacking_Focus:0.445]
2025-06-12 03:52:57,634 - DEBUG - 📦 Processed frame: 1 faces, 638.1ms
2025-06-12 03:52:57,733 - DEBUG - Image decoded successfully: (240, 320, 3)
2025-06-12 03:52:58,159 - DEBUG - Face preprocessed: shape=(224, 224, 3), range=[-99.680, 151.061]
2025-06-12 03:52:58,159 - DEBUG - Detected 1 valid faces
2025-06-12 03:52:58,160 - DEBUG - Processing batch of 1 faces, shape: (1, 224, 224, 3)
2025-06-12 03:52:58,321 - INFO - Face 0: Lacking_Focus (0.447) | All: [Bored:0.167, Interested:0.386, Lacking_Focus:0.447]
2025-06-12 03:52:58,322 - DEBUG - 📦 Processed frame: 1 faces, 590.0ms
2025-06-12 03:52:58,490 - DEBUG - Image decoded successfully: (240, 320, 3)
2025-06-12 03:52:58,899 - DEBUG - Face preprocessed: shape=(224, 224, 3), range=[-98.680, 151.061]
2025-06-12 03:52:58,900 - DEBUG - Detected 1 valid faces
2025-06-12 03:52:58,901 - DEBUG - Processing batch of 1 faces, shape: (1, 224, 224, 3)
2025-06-12 03:52:59,067 - INFO - Face 0: Lacking_Focus (0.557) | All: [Bored:0.125, Interested:0.318, Lacking_Focus:0.557]
2025-06-12 03:52:59,068 - DEBUG - 📦 Processed frame: 1 faces, 578.4ms
2025-06-12 03:52:59,110 - DEBUG - Image decoded successfully: (240, 320, 3)
2025-06-12 03:52:59,536 - DEBUG - Face preprocessed: shape=(224, 224, 3), range=[-95.680, 151.061]
2025-06-12 03:52:59,537 - DEBUG - Detected 1 valid faces
2025-06-12 03:52:59,538 - DEBUG - Processing batch of 1 faces, shape: (1, 224, 224, 3)
2025-06-12 03:52:59,714 - INFO - Face 0: Lacking_Focus (0.518) | All: [Bored:0.112, Interested:0.369, Lacking_Focus:0.518]
2025-06-12 03:52:59,715 - DEBUG - 📦 Processed frame: 1 faces, 605.9ms
2025-06-12 03:52:59,861 - DEBUG - Image decoded successfully: (240, 320, 3)
2025-06-12 03:53:00,310 - DEBUG - Face preprocessed: shape=(224, 224, 3), range=[-103.680, 143.061]
2025-06-12 03:53:00,311 - DEBUG - Detected 1 valid faces
2025-06-12 03:53:00,312 - DEBUG - Processing batch of 1 faces, shape: (1, 224, 224, 3)
2025-06-12 03:53:00,479 - INFO - Face 0: Lacking_Focus (0.456) | All: [Bored:0.185, Interested:0.359, Lacking_Focus:0.456]
2025-06-12 03:53:00,480 - DEBUG - 📦 Processed frame: 1 faces, 619.3ms
2025-06-12 03:53:00,597 - DEBUG - Image decoded successfully: (240, 320, 3)
2025-06-12 03:53:00,941 - DEBUG - Face preprocessed: shape=(224, 224, 3), range=[-102.680, 146.061]
2025-06-12 03:53:00,942 - DEBUG - Detected 1 valid faces
2025-06-12 03:53:00,943 - DEBUG - Processing batch of 1 faces, shape: (1, 224, 224, 3)
2025-06-12 03:53:01,101 - INFO - Face 0: Lacking_Focus (0.448) | All: [Bored:0.140, Interested:0.412, Lacking_Focus:0.448]
2025-06-12 03:53:01,102 - DEBUG - 📦 Processed frame: 1 faces, 505.7ms
2025-06-12 03:53:01,234 - DEBUG - Image decoded successfully: (240, 320, 3)
2025-06-12 03:53:01,676 - DEBUG - Face preprocessed: shape=(224, 224, 3), range=[-105.680, 144.061]
2025-06-12 03:53:01,676 - DEBUG - Detected 1 valid faces
2025-06-12 03:53:01,677 - DEBUG - Processing batch of 1 faces, shape: (1, 224, 224, 3)
2025-06-12 03:53:01,848 - INFO - Face 0: Interested (0.444) | All: [Bored:0.211, Interested:0.444, Lacking_Focus:0.345]
2025-06-12 03:53:01,849 - DEBUG - 📦 Processed frame: 1 faces, 615.7ms
2025-06-12 03:53:01,874 - DEBUG - Image decoded successfully: (240, 320, 3)
2025-06-12 03:53:02,292 - DEBUG - Face preprocessed: shape=(224, 224, 3), range=[-101.779, 145.061]
2025-06-12 03:53:02,293 - DEBUG - Detected 1 valid faces
2025-06-12 03:53:02,294 - DEBUG - Processing batch of 1 faces, shape: (1, 224, 224, 3)
2025-06-12 03:53:02,453 - INFO - Face 0: Lacking_Focus (0.420) | All: [Bored:0.164, Interested:0.416, Lacking_Focus:0.420]
2025-06-12 03:53:02,454 - DEBUG - 📦 Processed frame: 1 faces, 580.6ms
2025-06-12 03:53:02,610 - DEBUG - Image decoded successfully: (240, 320, 3)
2025-06-12 03:53:03,029 - DEBUG - Face preprocessed: shape=(224, 224, 3), range=[-98.680, 146.061]
2025-06-12 03:53:03,031 - DEBUG - Detected 1 valid faces
2025-06-12 03:53:03,032 - DEBUG - Processing batch of 1 faces, shape: (1, 224, 224, 3)
2025-06-12 03:53:03,191 - INFO - Face 0: Interested (0.405) | All: [Bored:0.219, Interested:0.405, Lacking_Focus:0.376]
2025-06-12 03:53:03,192 - DEBUG - 📦 Processed frame: 1 faces, 582.0ms
2025-06-12 03:53:03,252 - DEBUG - Image decoded successfully: (240, 320, 3)
2025-06-12 03:53:03,692 - DEBUG - Face preprocessed: shape=(224, 224, 3), range=[-100.680, 139.061]
2025-06-12 03:53:03,693 - DEBUG - Detected 1 valid faces
2025-06-12 03:53:03,694 - DEBUG - Processing batch of 1 faces, shape: (1, 224, 224, 3)
2025-06-12 03:53:03,856 - INFO - Face 0: Lacking_Focus (0.414) | All: [Bored:0.173, Interested:0.413, Lacking_Focus:0.414]
2025-06-12 03:53:03,857 - DEBUG - 📦 Processed frame: 1 faces, 604.9ms
2025-06-12 03:53:03,985 - DEBUG - Image decoded successfully: (240, 320, 3)
2025-06-12 03:53:04,406 - DEBUG - Face preprocessed: shape=(224, 224, 3), range=[-120.680, 144.061]
2025-06-12 03:53:04,406 - DEBUG - Detected 1 valid faces
2025-06-12 03:53:04,407 - DEBUG - Processing batch of 1 faces, shape: (1, 224, 224, 3)
2025-06-12 03:53:04,582 - INFO - Face 0: Lacking_Focus (0.415) | All: [Bored:0.175, Interested:0.410, Lacking_Focus:0.415]
2025-06-12 03:53:04,583 - DEBUG - 📦 Processed frame: 1 faces, 598.5ms
2025-06-12 03:53:04,621 - DEBUG - Image decoded successfully: (240, 320, 3)
2025-06-12 03:53:04,998 - DEBUG - Face preprocessed: shape=(224, 224, 3), range=[-112.680, 139.061]
2025-06-12 03:53:04,999 - DEBUG - Detected 1 valid faces
2025-06-12 03:53:05,000 - DEBUG - Processing batch of 1 faces, shape: (1, 224, 224, 3)
2025-06-12 03:53:05,153 - INFO - Face 0: Interested (0.445) | All: [Bored:0.142, Interested:0.445, Lacking_Focus:0.413]
2025-06-12 03:53:05,154 - DEBUG - 📦 Processed frame: 1 faces, 533.3ms
2025-06-12 03:53:05,263 - DEBUG - Image decoded successfully: (240, 320, 3)
2025-06-12 03:53:05,634 - DEBUG - Face preprocessed: shape=(224, 224, 3), range=[-99.779, 136.061]
2025-06-12 03:53:05,635 - DEBUG - Detected 1 valid faces
2025-06-12 03:53:05,636 - DEBUG - Processing batch of 1 faces, shape: (1, 224, 224, 3)
2025-06-12 03:53:05,800 - INFO - Face 0: Lacking_Focus (0.440) | All: [Bored:0.145, Interested:0.415, Lacking_Focus:0.440]
2025-06-12 03:53:05,802 - DEBUG - 📦 Processed frame: 1 faces, 539.0ms
2025-06-12 03:53:05,904 - DEBUG - Image decoded successfully: (240, 320, 3)
2025-06-12 03:53:06,299 - DEBUG - Face preprocessed: shape=(224, 224, 3), range=[-104.779, 145.061]
2025-06-12 03:53:06,300 - DEBUG - Detected 1 valid faces
2025-06-12 03:53:06,301 - DEBUG - Processing batch of 1 faces, shape: (1, 224, 224, 3)
2025-06-12 03:53:06,463 - INFO - Face 0: Interested (0.429) | All: [Bored:0.146, Interested:0.429, Lacking_Focus:0.425]
2025-06-12 03:53:06,464 - DEBUG - 📦 Processed frame: 1 faces, 560.3ms
2025-06-12 03:53:06,532 - DEBUG - Image decoded successfully: (240, 320, 3)
2025-06-12 03:53:06,947 - DEBUG - Face preprocessed: shape=(224, 224, 3), range=[-98.779, 149.061]
2025-06-12 03:53:06,947 - DEBUG - Detected 1 valid faces
2025-06-12 03:53:06,948 - DEBUG - Processing batch of 1 faces, shape: (1, 224, 224, 3)
2025-06-12 03:53:07,109 - INFO - Face 0: Lacking_Focus (0.433) | All: [Bored:0.137, Interested:0.430, Lacking_Focus:0.433]
2025-06-12 03:53:07,110 - DEBUG - 📦 Processed frame: 1 faces, 579.0ms
2025-06-12 03:53:07,183 - DEBUG - Image decoded successfully: (240, 320, 3)
2025-06-12 03:53:07,641 - DEBUG - Face preprocessed: shape=(224, 224, 3), range=[-93.779, 143.061]
2025-06-12 03:53:07,641 - DEBUG - Detected 1 valid faces
2025-06-12 03:53:07,643 - DEBUG - Processing batch of 1 faces, shape: (1, 224, 224, 3)
2025-06-12 03:53:07,806 - INFO - Face 0: Interested (0.430) | All: [Bored:0.163, Interested:0.430, Lacking_Focus:0.407]
2025-06-12 03:53:07,807 - DEBUG - 📦 Processed frame: 1 faces, 625.2ms
2025-06-12 03:53:07,923 - DEBUG - Image decoded successfully: (240, 320, 3)
2025-06-12 03:53:08,334 - DEBUG - Face preprocessed: shape=(224, 224, 3), range=[-96.680, 137.061]
2025-06-12 03:53:08,335 - DEBUG - Detected 1 valid faces
2025-06-12 03:53:08,336 - DEBUG - Processing batch of 1 faces, shape: (1, 224, 224, 3)
2025-06-12 03:53:08,498 - INFO - Face 0: Lacking_Focus (0.500) | All: [Bored:0.176, Interested:0.324, Lacking_Focus:0.500]
2025-06-12 03:53:08,499 - DEBUG - 📦 Processed frame: 1 faces, 576.1ms
2025-06-12 03:53:08,548 - DEBUG - Image decoded successfully: (240, 320, 3)
2025-06-12 03:53:08,959 - DEBUG - Face preprocessed: shape=(224, 224, 3), range=[-96.680, 140.061]
2025-06-12 03:53:08,960 - DEBUG - Detected 1 valid faces
2025-06-12 03:53:08,961 - DEBUG - Processing batch of 1 faces, shape: (1, 224, 224, 3)
2025-06-12 03:53:09,137 - INFO - Face 0: Lacking_Focus (0.445) | All: [Bored:0.166, Interested:0.389, Lacking_Focus:0.445]
2025-06-12 03:53:09,138 - DEBUG - 📦 Processed frame: 1 faces, 590.7ms
2025-06-12 03:53:09,300 - DEBUG - Image decoded successfully: (240, 320, 3)
2025-06-12 03:53:09,723 - DEBUG - Face preprocessed: shape=(224, 224, 3), range=[-98.779, 137.061]
2025-06-12 03:53:09,724 - DEBUG - Detected 1 valid faces
2025-06-12 03:53:09,725 - DEBUG - Processing batch of 1 faces, shape: (1, 224, 224, 3)
2025-06-12 03:53:09,891 - INFO - Face 0: Lacking_Focus (0.463) | All: [Bored:0.158, Interested:0.378, Lacking_Focus:0.463]
2025-06-12 03:53:09,892 - DEBUG - 📦 Processed frame: 1 faces, 593.0ms
2025-06-12 03:53:09,932 - DEBUG - Image decoded successfully: (240, 320, 3)
2025-06-12 03:53:10,358 - DEBUG - Face preprocessed: shape=(224, 224, 3), range=[-97.779, 138.061]
2025-06-12 03:53:10,359 - DEBUG - Detected 1 valid faces
2025-06-12 03:53:10,360 - DEBUG - Processing batch of 1 faces, shape: (1, 224, 224, 3)
2025-06-12 03:53:10,552 - INFO - Face 0: Lacking_Focus (0.456) | All: [Bored:0.160, Interested:0.384, Lacking_Focus:0.456]
2025-06-12 03:53:10,554 - DEBUG - 📦 Processed frame: 1 faces, 622.1ms
2025-06-12 03:53:10,681 - DEBUG - Image decoded successfully: (240, 320, 3)
2025-06-12 03:53:11,109 - DEBUG - Face preprocessed: shape=(224, 224, 3), range=[-94.779, 139.061]
2025-06-12 03:53:11,110 - DEBUG - Detected 1 valid faces
2025-06-12 03:53:11,112 - DEBUG - Processing batch of 1 faces, shape: (1, 224, 224, 3)
2025-06-12 03:53:11,292 - INFO - Face 0: Lacking_Focus (0.449) | All: [Bored:0.122, Interested:0.429, Lacking_Focus:0.449]
2025-06-12 03:53:11,293 - DEBUG - 📦 Processed frame: 1 faces, 612.6ms
2025-06-12 03:53:11,417 - DEBUG - Image decoded successfully: (240, 320, 3)
2025-06-12 03:53:11,827 - DEBUG - Face preprocessed: shape=(224, 224, 3), range=[-96.680, 143.061]
2025-06-12 03:53:11,828 - DEBUG - Detected 1 valid faces
2025-06-12 03:53:11,830 - DEBUG - Processing batch of 1 faces, shape: (1, 224, 224, 3)
2025-06-12 03:53:12,032 - INFO - Face 0: Interested (0.428) | All: [Bored:0.154, Interested:0.428, Lacking_Focus:0.418]
2025-06-12 03:53:12,033 - DEBUG - 📦 Processed frame: 1 faces, 616.8ms
2025-06-12 03:53:12,165 - DEBUG - Image decoded successfully: (240, 320, 3)
2025-06-12 03:53:12,654 - DEBUG - Face preprocessed: shape=(224, 224, 3), range=[-102.680, 139.061]
2025-06-12 03:53:12,655 - DEBUG - Detected 1 valid faces
2025-06-12 03:53:12,657 - DEBUG - Processing batch of 1 faces, shape: (1, 224, 224, 3)
2025-06-12 03:53:12,960 - INFO - Face 0: Interested (0.420) | All: [Bored:0.172, Interested:0.420, Lacking_Focus:0.408]
2025-06-12 03:53:12,962 - DEBUG - 📦 Processed frame: 1 faces, 796.8ms
2025-06-12 03:53:13,012 - DEBUG - Image decoded successfully: (240, 320, 3)
2025-06-12 03:53:13,575 - DEBUG - Face preprocessed: shape=(224, 224, 3), range=[-94.680, 148.061]
2025-06-12 03:53:13,576 - DEBUG - Detected 1 valid faces
2025-06-12 03:53:13,578 - DEBUG - Processing batch of 1 faces, shape: (1, 224, 224, 3)
2025-06-12 03:53:13,915 - INFO - Face 0: Lacking_Focus (0.486) | All: [Bored:0.146, Interested:0.368, Lacking_Focus:0.486]
2025-06-12 03:53:13,917 - DEBUG - 📦 Processed frame: 1 faces, 905.8ms
2025-06-12 03:53:14,071 - DEBUG - Image decoded successfully: (240, 320, 3)
2025-06-12 03:53:14,503 - DEBUG - Face preprocessed: shape=(224, 224, 3), range=[-93.680, 140.061]
2025-06-12 03:53:14,503 - DEBUG - Detected 1 valid faces
2025-06-12 03:53:14,505 - DEBUG - Processing batch of 1 faces, shape: (1, 224, 224, 3)
2025-06-12 03:53:14,808 - INFO - Face 0: Lacking_Focus (0.449) | All: [Bored:0.223, Interested:0.328, Lacking_Focus:0.449]
2025-06-12 03:53:14,810 - DEBUG - 📦 Processed frame: 1 faces, 739.3ms
2025-06-12 03:53:14,916 - DEBUG - Image decoded successfully: (240, 320, 3)
2025-06-12 03:53:15,367 - DEBUG - Face preprocessed: shape=(224, 224, 3), range=[-100.680, 137.061]
2025-06-12 03:53:15,368 - DEBUG - Detected 1 valid faces
2025-06-12 03:53:15,369 - DEBUG - Processing batch of 1 faces, shape: (1, 224, 224, 3)
2025-06-12 03:53:15,540 - INFO - Face 0: Lacking_Focus (0.451) | All: [Bored:0.201, Interested:0.348, Lacking_Focus:0.451]
2025-06-12 03:53:15,541 - DEBUG - 📦 Processed frame: 1 faces, 625.3ms
2025-06-12 03:53:15,658 - DEBUG - Image decoded successfully: (240, 320, 3)
2025-06-12 03:53:16,182 - DEBUG - Face preprocessed: shape=(224, 224, 3), range=[-110.680, 139.061]
2025-06-12 03:53:16,182 - DEBUG - Detected 1 valid faces
2025-06-12 03:53:16,184 - DEBUG - Processing batch of 1 faces, shape: (1, 224, 224, 3)
2025-06-12 03:53:16,457 - INFO - Face 0: Lacking_Focus (0.466) | All: [Bored:0.165, Interested:0.370, Lacking_Focus:0.466]
2025-06-12 03:53:16,458 - DEBUG - 📦 Processed frame: 1 faces, 801.0ms
2025-06-12 03:53:16,519 - DEBUG - Image decoded successfully: (240, 320, 3)
2025-06-12 03:53:16,994 - DEBUG - Face preprocessed: shape=(224, 224, 3), range=[-102.680, 146.061]
2025-06-12 03:53:16,995 - DEBUG - Detected 1 valid faces
2025-06-12 03:53:16,996 - DEBUG - Processing batch of 1 faces, shape: (1, 224, 224, 3)
2025-06-12 03:53:17,197 - INFO - Face 0: Lacking_Focus (0.506) | All: [Bored:0.134, Interested:0.359, Lacking_Focus:0.506]
2025-06-12 03:53:17,198 - DEBUG - 📦 Processed frame: 1 faces, 679.8ms
2025-06-12 03:53:17,363 - DEBUG - Image decoded successfully: (240, 320, 3)
2025-06-12 03:53:17,799 - DEBUG - Face preprocessed: shape=(224, 224, 3), range=[-98.680, 133.061]
2025-06-12 03:53:17,800 - DEBUG - Detected 1 valid faces
2025-06-12 03:53:17,801 - DEBUG - Processing batch of 1 faces, shape: (1, 224, 224, 3)
2025-06-12 03:53:17,971 - INFO - Face 0: Lacking_Focus (0.436) | All: [Bored:0.195, Interested:0.368, Lacking_Focus:0.436]
2025-06-12 03:53:17,972 - DEBUG - 📦 Processed frame: 1 faces, 609.4ms
2025-06-12 03:53:17,994 - DEBUG - Image decoded successfully: (240, 320, 3)
2025-06-12 03:53:18,491 - DEBUG - Face preprocessed: shape=(224, 224, 3), range=[-93.680, 138.061]
2025-06-12 03:53:18,492 - DEBUG - Detected 1 valid faces
2025-06-12 03:53:18,493 - DEBUG - Processing batch of 1 faces, shape: (1, 224, 224, 3)
2025-06-12 03:53:18,859 - INFO - Face 0: Lacking_Focus (0.448) | All: [Bored:0.167, Interested:0.386, Lacking_Focus:0.448]
2025-06-12 03:53:18,861 - DEBUG - 📦 Processed frame: 1 faces, 866.8ms
2025-06-12 03:53:18,944 - DEBUG - Image decoded successfully: (240, 320, 3)
2025-06-12 03:53:19,422 - DEBUG - Face preprocessed: shape=(224, 224, 3), range=[-96.680, 140.061]
2025-06-12 03:53:19,423 - DEBUG - Detected 1 valid faces
2025-06-12 03:53:19,425 - DEBUG - Processing batch of 1 faces, shape: (1, 224, 224, 3)
2025-06-12 03:53:19,636 - INFO - Face 0: Lacking_Focus (0.462) | All: [Bored:0.145, Interested:0.393, Lacking_Focus:0.462]
2025-06-12 03:53:19,637 - DEBUG - 📦 Processed frame: 1 faces, 693.9ms
2025-06-12 03:53:19,691 - DEBUG - Image decoded successfully: (240, 320, 3)
2025-06-12 03:53:20,132 - DEBUG - Face preprocessed: shape=(224, 224, 3), range=[-101.779, 135.061]
2025-06-12 03:53:20,133 - DEBUG - Detected 1 valid faces
2025-06-12 03:53:20,134 - DEBUG - Processing batch of 1 faces, shape: (1, 224, 224, 3)
2025-06-12 03:53:20,310 - INFO - Face 0: Lacking_Focus (0.474) | All: [Bored:0.159, Interested:0.367, Lacking_Focus:0.474]
2025-06-12 03:53:20,310 - DEBUG - 📦 Processed frame: 1 faces, 619.7ms
2025-06-12 03:53:20,434 - DEBUG - Image decoded successfully: (240, 320, 3)
2025-06-12 03:53:19,140 - DEBUG - Face preprocessed: shape=(224, 224, 3), range=[-104.680, 143.061]
2025-06-12 03:53:19,141 - DEBUG - Detected 1 valid faces
2025-06-12 03:53:19,142 - DEBUG - Processing batch of 1 faces, shape: (1, 224, 224, 3)
2025-06-12 03:53:19,303 - INFO - Face 0: Lacking_Focus (0.492) | All: [Bored:0.149, Interested:0.359, Lacking_Focus:0.492]
2025-06-12 03:53:19,304 - DEBUG - 📦 Processed frame: 1 faces, -1129.1ms
2025-06-12 03:53:19,387 - DEBUG - Image decoded successfully: (240, 320, 3)
2025-06-12 03:53:19,782 - DEBUG - Face preprocessed: shape=(224, 224, 3), range=[-102.779, 127.061]
2025-06-12 03:53:19,783 - DEBUG - Detected 1 valid faces
2025-06-12 03:53:19,784 - DEBUG - Processing batch of 1 faces, shape: (1, 224, 224, 3)
2025-06-12 03:53:19,952 - INFO - Face 0: Interested (0.413) | All: [Bored:0.179, Interested:0.413, Lacking_Focus:0.409]
2025-06-12 03:53:19,953 - DEBUG - 📦 Processed frame: 1 faces, 566.5ms
2025-06-12 03:53:20,118 - DEBUG - Image decoded successfully: (240, 320, 3)
2025-06-12 03:53:20,503 - DEBUG - Face preprocessed: shape=(224, 224, 3), range=[-102.680, 133.061]
2025-06-12 03:53:20,504 - DEBUG - Detected 1 valid faces
2025-06-12 03:53:20,505 - DEBUG - Processing batch of 1 faces, shape: (1, 224, 224, 3)
2025-06-12 03:53:20,705 - INFO - Face 0: Interested (0.448) | All: [Bored:0.169, Interested:0.448, Lacking_Focus:0.383]
2025-06-12 03:53:20,706 - DEBUG - 📦 Processed frame: 1 faces, 589.2ms
2025-06-12 03:53:23,378 - INFO - ❌ Client disconnected
2025-06-12 03:53:23,379 - INFO - Disconnect reason: disconnect
2025-06-12 03:54:52,597 - INFO - ✅ Client connected
2025-06-12 03:55:18,452 - DEBUG - Image decoded successfully: (240, 320, 3)
2025-06-12 03:55:19,197 - DEBUG - Face preprocessed: shape=(224, 224, 3), range=[-111.680, 125.061]
2025-06-12 03:55:19,199 - DEBUG - Detected 1 valid faces
2025-06-12 03:55:19,202 - DEBUG - Processing batch of 1 faces, shape: (1, 224, 224, 3)
2025-06-12 03:55:19,492 - INFO - Face 0: Interested (0.455) | All: [Bored:0.193, Interested:0.455, Lacking_Focus:0.352]
2025-06-12 03:55:19,493 - DEBUG - 📦 Processed frame: 1 faces, 1041.4ms
2025-06-12 03:55:19,670 - DEBUG - Image decoded successfully: (240, 320, 3)
2025-06-12 03:55:20,467 - DEBUG - Face preprocessed: shape=(224, 224, 3), range=[-97.680, 132.061]
2025-06-12 03:55:20,470 - DEBUG - Detected 1 valid faces
2025-06-12 03:55:20,476 - DEBUG - Processing batch of 1 faces, shape: (1, 224, 224, 3)
2025-06-12 03:55:20,810 - INFO - Face 0: Lacking_Focus (0.444) | All: [Bored:0.168, Interested:0.387, Lacking_Focus:0.444]
2025-06-12 03:55:20,811 - DEBUG - 📦 Processed frame: 1 faces, 1142.1ms
2025-06-12 03:55:20,890 - DEBUG - Image decoded successfully: (240, 320, 3)
2025-06-12 03:55:21,721 - DEBUG - Face preprocessed: shape=(224, 224, 3), range=[-104.680, 137.061]
2025-06-12 03:55:21,723 - DEBUG - Detected 1 valid faces
2025-06-12 03:55:21,724 - DEBUG - Processing batch of 1 faces, shape: (1, 224, 224, 3)
2025-06-12 03:55:22,007 - INFO - Face 0: Lacking_Focus (0.427) | All: [Bored:0.162, Interested:0.411, Lacking_Focus:0.427]
2025-06-12 03:55:22,009 - DEBUG - 📦 Processed frame: 1 faces, 1119.3ms
2025-06-12 03:55:22,160 - DEBUG - Image decoded successfully: (240, 320, 3)
2025-06-12 03:55:23,211 - DEBUG - Face preprocessed: shape=(224, 224, 3), range=[-110.680, 136.061]
2025-06-12 03:55:23,213 - DEBUG - Detected 1 valid faces
2025-06-12 03:55:23,219 - DEBUG - Processing batch of 1 faces, shape: (1, 224, 224, 3)
2025-06-12 03:55:23,471 - INFO - Face 0: Lacking_Focus (0.524) | All: [Bored:0.188, Interested:0.288, Lacking_Focus:0.524]
2025-06-12 03:55:23,472 - DEBUG - 📦 Processed frame: 1 faces, 1312.4ms
2025-06-12 03:55:23,635 - DEBUG - Image decoded successfully: (240, 320, 3)
2025-06-12 03:55:24,437 - DEBUG - Face preprocessed: shape=(224, 224, 3), range=[-120.680, 134.061]
2025-06-12 03:55:24,438 - DEBUG - Detected 1 valid faces
2025-06-12 03:55:24,444 - DEBUG - Processing batch of 1 faces, shape: (1, 224, 224, 3)
2025-06-12 03:55:24,799 - INFO - Face 0: Lacking_Focus (0.438) | All: [Bored:0.170, Interested:0.392, Lacking_Focus:0.438]
2025-06-12 03:55:24,801 - DEBUG - 📦 Processed frame: 1 faces, 1165.7ms
2025-06-12 03:55:25,018 - DEBUG - Image decoded successfully: (240, 320, 3)
2025-06-12 03:55:25,944 - DEBUG - Face preprocessed: shape=(224, 224, 3), range=[-103.680, 136.061]
2025-06-12 03:55:25,946 - DEBUG - Detected 1 valid faces
2025-06-12 03:55:25,959 - DEBUG - Processing batch of 1 faces, shape: (1, 224, 224, 3)
2025-06-12 03:55:26,438 - INFO - Face 0: Lacking_Focus (0.489) | All: [Bored:0.182, Interested:0.328, Lacking_Focus:0.489]
2025-06-12 03:55:26,440 - DEBUG - 📦 Processed frame: 1 faces, 1422.4ms
2025-06-12 03:55:26,608 - DEBUG - Image decoded successfully: (240, 320, 3)
2025-06-12 03:55:27,678 - DEBUG - Face preprocessed: shape=(224, 224, 3), range=[-107.680, 134.061]
2025-06-12 03:55:27,681 - DEBUG - Detected 1 valid faces
2025-06-12 03:55:27,692 - DEBUG - Processing batch of 1 faces, shape: (1, 224, 224, 3)
2025-06-12 03:55:28,133 - INFO - Face 0: Interested (0.388) | All: [Bored:0.227, Interested:0.388, Lacking_Focus:0.384]
2025-06-12 03:55:28,138 - DEBUG - 📦 Processed frame: 1 faces, 1530.2ms
2025-06-12 03:55:28,321 - DEBUG - Image decoded successfully: (240, 320, 3)
2025-06-12 03:55:29,357 - DEBUG - Face preprocessed: shape=(224, 224, 3), range=[-108.680, 132.061]
2025-06-12 03:55:29,363 - DEBUG - Detected 1 valid faces
2025-06-12 03:55:29,370 - DEBUG - Processing batch of 1 faces, shape: (1, 224, 224, 3)
2025-06-12 03:55:29,781 - INFO - Face 0: Lacking_Focus (0.435) | All: [Bored:0.147, Interested:0.418, Lacking_Focus:0.435]
2025-06-12 03:55:29,783 - DEBUG - 📦 Processed frame: 1 faces, 1462.6ms
2025-06-12 03:55:29,893 - DEBUG - Image decoded successfully: (240, 320, 3)
2025-06-12 03:55:30,887 - DEBUG - Face preprocessed: shape=(224, 224, 3), range=[-101.779, 132.061]
2025-06-12 03:55:30,890 - DEBUG - Detected 1 valid faces
2025-06-12 03:55:30,897 - DEBUG - Processing batch of 1 faces, shape: (1, 224, 224, 3)
2025-06-12 03:55:31,220 - INFO - Face 0: Interested (0.425) | All: [Bored:0.156, Interested:0.425, Lacking_Focus:0.418]
2025-06-12 03:55:31,221 - DEBUG - 📦 Processed frame: 1 faces, 1329.0ms
2025-06-12 03:55:31,375 - DEBUG - Image decoded successfully: (240, 320, 3)
2025-06-12 03:55:32,338 - DEBUG - Face preprocessed: shape=(224, 224, 3), range=[-103.680, 136.061]
2025-06-12 03:55:32,341 - DEBUG - Detected 1 valid faces
2025-06-12 03:55:32,348 - DEBUG - Processing batch of 1 faces, shape: (1, 224, 224, 3)
2025-06-12 03:55:32,686 - INFO - Face 0: Interested (0.486) | All: [Bored:0.168, Interested:0.486, Lacking_Focus:0.346]
2025-06-12 03:55:32,687 - DEBUG - 📦 Processed frame: 1 faces, 1311.8ms
2025-06-12 03:55:32,856 - DEBUG - Image decoded successfully: (240, 320, 3)
2025-06-12 03:55:34,309 - DEBUG - Face preprocessed: shape=(224, 224, 3), range=[-92.779, 150.061]
2025-06-12 03:55:34,312 - DEBUG - Detected 1 valid faces
2025-06-12 03:55:34,323 - DEBUG - Processing batch of 1 faces, shape: (1, 224, 224, 3)
2025-06-12 03:55:35,019 - INFO - Face 0: Lacking_Focus (0.441) | All: [Bored:0.222, Interested:0.337, Lacking_Focus:0.441]
2025-06-12 03:55:35,021 - DEBUG - 📦 Processed frame: 1 faces, 2165.8ms
2025-06-12 03:55:35,205 - DEBUG - Image decoded successfully: (240, 320, 3)
2025-06-12 03:55:36,459 - DEBUG - Face preprocessed: shape=(224, 224, 3), range=[-101.779, 151.061]
2025-06-12 03:55:36,462 - DEBUG - Detected 1 valid faces
2025-06-12 03:55:36,472 - DEBUG - Processing batch of 1 faces, shape: (1, 224, 224, 3)
2025-06-12 03:55:36,917 - INFO - Face 0: Lacking_Focus (0.469) | All: [Bored:0.180, Interested:0.351, Lacking_Focus:0.469]
2025-06-12 03:55:36,918 - DEBUG - 📦 Processed frame: 1 faces, 1716.7ms
2025-06-12 03:55:36,982 - DEBUG - Image decoded successfully: (240, 320, 3)
2025-06-12 03:55:37,882 - DEBUG - Face preprocessed: shape=(224, 224, 3), range=[-104.779, 151.061]
2025-06-12 03:55:37,884 - DEBUG - Detected 1 valid faces
2025-06-12 03:55:37,892 - DEBUG - Processing batch of 1 faces, shape: (1, 224, 224, 3)
2025-06-12 03:55:38,134 - INFO - Face 0: Lacking_Focus (0.492) | All: [Bored:0.197, Interested:0.311, Lacking_Focus:0.492]
2025-06-12 03:55:38,135 - DEBUG - 📦 Processed frame: 1 faces, 1153.5ms
2025-06-12 03:55:38,190 - DEBUG - Image decoded successfully: (240, 320, 3)
2025-06-12 03:55:38,854 - DEBUG - Face preprocessed: shape=(224, 224, 3), range=[-103.779, 151.061]
2025-06-12 03:55:38,855 - DEBUG - Detected 1 valid faces
2025-06-12 03:55:38,858 - DEBUG - Processing batch of 1 faces, shape: (1, 224, 224, 3)
2025-06-12 03:55:39,199 - INFO - Face 0: Lacking_Focus (0.413) | All: [Bored:0.212, Interested:0.375, Lacking_Focus:0.413]
2025-06-12 03:55:39,200 - DEBUG - 📦 Processed frame: 1 faces, 1010.8ms
2025-06-12 03:55:39,276 - DEBUG - Image decoded successfully: (240, 320, 3)
2025-06-12 03:55:40,200 - DEBUG - Face preprocessed: shape=(224, 224, 3), range=[-101.680, 151.061]
2025-06-12 03:55:40,200 - DEBUG - Detected 1 valid faces
2025-06-12 03:55:40,202 - DEBUG - Processing batch of 1 faces, shape: (1, 224, 224, 3)
2025-06-12 03:55:40,433 - INFO - Face 0: Interested (0.420) | All: [Bored:0.187, Interested:0.420, Lacking_Focus:0.393]
2025-06-12 03:55:40,435 - DEBUG - 📦 Processed frame: 1 faces, 1158.9ms
2025-06-12 03:55:40,494 - DEBUG - Image decoded successfully: (240, 320, 3)
2025-06-12 03:55:41,330 - DEBUG - Face preprocessed: shape=(224, 224, 3), range=[-101.779, 151.061]
2025-06-12 03:55:41,332 - DEBUG - Detected 1 valid faces
2025-06-12 03:55:41,334 - DEBUG - Processing batch of 1 faces, shape: (1, 224, 224, 3)
2025-06-12 03:55:41,674 - INFO - Face 0: Lacking_Focus (0.500) | All: [Bored:0.153, Interested:0.347, Lacking_Focus:0.500]
2025-06-12 03:55:41,675 - DEBUG - 📦 Processed frame: 1 faces, 1181.5ms
2025-06-12 03:55:41,741 - DEBUG - Image decoded successfully: (240, 320, 3)
2025-06-12 03:55:40,735 - DEBUG - Face preprocessed: shape=(224, 224, 3), range=[-100.779, 149.061]
2025-06-12 03:55:40,736 - DEBUG - Detected 1 valid faces
2025-06-12 03:55:40,739 - DEBUG - Processing batch of 1 faces, shape: (1, 224, 224, 3)
2025-06-12 03:55:41,072 - INFO - Face 0: Lacking_Focus (0.435) | All: [Bored:0.178, Interested:0.387, Lacking_Focus:0.435]
2025-06-12 03:55:41,073 - DEBUG - 📦 Processed frame: 1 faces, -666.7ms
2025-06-12 03:55:41,135 - DEBUG - Image decoded successfully: (240, 320, 3)
2025-06-12 03:55:41,958 - DEBUG - Face preprocessed: shape=(224, 224, 3), range=[-99.779, 148.061]
2025-06-12 03:55:41,959 - DEBUG - Detected 1 valid faces
2025-06-12 03:55:41,962 - DEBUG - Processing batch of 1 faces, shape: (1, 224, 224, 3)
2025-06-12 03:55:42,331 - INFO - Face 0: Interested (0.432) | All: [Bored:0.192, Interested:0.432, Lacking_Focus:0.377]
2025-06-12 03:55:42,332 - DEBUG - 📦 Processed frame: 1 faces, 1197.3ms
2025-06-12 03:55:42,401 - DEBUG - Image decoded successfully: (240, 320, 3)
2025-06-12 03:55:43,170 - DEBUG - Face preprocessed: shape=(224, 224, 3), range=[-97.779, 150.061]
2025-06-12 03:55:43,172 - DEBUG - Detected 1 valid faces
2025-06-12 03:55:43,175 - DEBUG - Processing batch of 1 faces, shape: (1, 224, 224, 3)
2025-06-12 03:55:43,537 - INFO - Face 0: Interested (0.460) | All: [Bored:0.161, Interested:0.460, Lacking_Focus:0.379]
2025-06-12 03:55:43,538 - DEBUG - 📦 Processed frame: 1 faces, 1138.1ms
2025-06-12 03:55:43,600 - DEBUG - Image decoded successfully: (240, 320, 3)
2025-06-12 03:55:44,298 - DEBUG - Face preprocessed: shape=(224, 224, 3), range=[-97.680, 151.061]
2025-06-12 03:55:44,299 - DEBUG - Detected 1 valid faces
2025-06-12 03:55:44,302 - DEBUG - Processing batch of 1 faces, shape: (1, 224, 224, 3)
2025-06-12 03:55:44,750 - INFO - Face 0: Interested (0.411) | All: [Bored:0.225, Interested:0.411, Lacking_Focus:0.364]
2025-06-12 03:55:44,751 - DEBUG - 📦 Processed frame: 1 faces, 1151.0ms
2025-06-12 03:55:44,814 - DEBUG - Image decoded successfully: (240, 320, 3)
2025-06-12 03:55:45,649 - DEBUG - Face preprocessed: shape=(224, 224, 3), range=[-101.779, 149.061]
2025-06-12 03:55:45,650 - DEBUG - Detected 1 valid faces
2025-06-12 03:55:45,651 - DEBUG - Processing batch of 1 faces, shape: (1, 224, 224, 3)
2025-06-12 03:55:46,045 - INFO - Face 0: Interested (0.455) | All: [Bored:0.142, Interested:0.455, Lacking_Focus:0.403]
2025-06-12 03:55:46,046 - DEBUG - 📦 Processed frame: 1 faces, 1232.2ms
2025-06-12 03:55:46,110 - DEBUG - Image decoded successfully: (240, 320, 3)
2025-06-12 03:55:46,800 - DEBUG - Face preprocessed: shape=(224, 224, 3), range=[-100.680, 151.061]
2025-06-12 03:55:46,801 - DEBUG - Detected 1 valid faces
2025-06-12 03:55:46,804 - DEBUG - Processing batch of 1 faces, shape: (1, 224, 224, 3)
2025-06-12 03:55:47,159 - INFO - Face 0: Lacking_Focus (0.426) | All: [Bored:0.165, Interested:0.409, Lacking_Focus:0.426]
2025-06-12 03:55:47,160 - DEBUG - 📦 Processed frame: 1 faces, 1050.8ms
2025-06-12 03:55:47,220 - DEBUG - Image decoded successfully: (240, 320, 3)
2025-06-12 03:55:47,928 - DEBUG - Face preprocessed: shape=(224, 224, 3), range=[-97.779, 150.061]
2025-06-12 03:55:47,929 - DEBUG - Detected 1 valid faces
2025-06-12 03:55:47,931 - DEBUG - Processing batch of 1 faces, shape: (1, 224, 224, 3)
2025-06-12 03:55:48,305 - INFO - Face 0: Lacking_Focus (0.476) | All: [Bored:0.162, Interested:0.362, Lacking_Focus:0.476]
2025-06-12 03:55:48,306 - DEBUG - 📦 Processed frame: 1 faces, 1086.0ms
2025-06-12 03:55:48,371 - DEBUG - Image decoded successfully: (240, 320, 3)
2025-06-12 03:55:49,191 - DEBUG - Face preprocessed: shape=(224, 224, 3), range=[-102.779, 151.061]
2025-06-12 03:55:49,193 - DEBUG - Detected 1 valid faces
2025-06-12 03:55:49,197 - DEBUG - Processing batch of 1 faces, shape: (1, 224, 224, 3)
2025-06-12 03:55:49,560 - INFO - Face 0: Lacking_Focus (0.432) | All: [Bored:0.151, Interested:0.417, Lacking_Focus:0.432]
2025-06-12 03:55:49,562 - DEBUG - 📦 Processed frame: 1 faces, 1191.0ms
2025-06-12 03:55:49,620 - DEBUG - Image decoded successfully: (240, 320, 3)
2025-06-12 03:55:50,425 - DEBUG - Face preprocessed: shape=(224, 224, 3), range=[-99.779, 150.061]
2025-06-12 03:55:50,427 - DEBUG - Detected 1 valid faces
2025-06-12 03:55:50,429 - DEBUG - Processing batch of 1 faces, shape: (1, 224, 224, 3)
2025-06-12 03:55:50,772 - INFO - Face 0: Lacking_Focus (0.521) | All: [Bored:0.156, Interested:0.323, Lacking_Focus:0.521]
2025-06-12 03:55:50,773 - DEBUG - 📦 Processed frame: 1 faces, 1153.7ms
2025-06-12 03:55:50,832 - DEBUG - Image decoded successfully: (240, 320, 3)
2025-06-12 03:55:51,542 - DEBUG - Face preprocessed: shape=(224, 224, 3), range=[-97.939, 128.061]
2025-06-12 03:55:51,543 - DEBUG - Detected 1 valid faces
2025-06-12 03:55:51,545 - DEBUG - Processing batch of 1 faces, shape: (1, 224, 224, 3)
2025-06-12 03:55:51,927 - INFO - Face 0: Interested (0.474) | All: [Bored:0.123, Interested:0.474, Lacking_Focus:0.402]
2025-06-12 03:55:51,928 - DEBUG - 📦 Processed frame: 1 faces, 1096.6ms
2025-06-12 03:55:51,994 - DEBUG - Image decoded successfully: (240, 320, 3)
2025-06-12 03:55:52,797 - DEBUG - Face preprocessed: shape=(224, 224, 3), range=[-94.779, 149.061]
2025-06-12 03:55:52,798 - DEBUG - Detected 1 valid faces
2025-06-12 03:55:52,801 - DEBUG - Processing batch of 1 faces, shape: (1, 224, 224, 3)
2025-06-12 03:55:53,127 - INFO - Face 0: Interested (0.464) | All: [Bored:0.144, Interested:0.464, Lacking_Focus:0.391]
2025-06-12 03:55:53,128 - DEBUG - 📦 Processed frame: 1 faces, 1135.1ms
2025-06-12 03:55:53,138 - INFO - ❌ Client disconnected
2025-06-12 03:55:53,139 - INFO - Disconnect reason: disconnect
2025-06-12 03:55:53,197 - INFO - ✅ Client connected
2025-06-12 03:55:54,177 - DEBUG - Image decoded successfully: (240, 320, 3)
2025-06-12 03:55:54,952 - DEBUG - Face preprocessed: shape=(224, 224, 3), range=[-97.779, 135.061]
2025-06-12 03:55:54,953 - DEBUG - Detected 1 valid faces
2025-06-12 03:55:54,956 - DEBUG - Processing batch of 1 faces, shape: (1, 224, 224, 3)
2025-06-12 03:55:55,296 - INFO - Face 0: Lacking_Focus (0.425) | All: [Bored:0.186, Interested:0.390, Lacking_Focus:0.425]
2025-06-12 03:55:55,297 - DEBUG - 📦 Processed frame: 1 faces, 1120.3ms
2025-06-12 03:55:55,461 - DEBUG - Image decoded successfully: (240, 320, 3)
2025-06-12 03:55:56,203 - DEBUG - Face preprocessed: shape=(224, 224, 3), range=[-99.680, 129.061]
2025-06-12 03:55:56,204 - DEBUG - Detected 1 valid faces
2025-06-12 03:55:56,207 - DEBUG - Processing batch of 1 faces, shape: (1, 224, 224, 3)
2025-06-12 03:55:56,600 - INFO - Face 0: Lacking_Focus (0.507) | All: [Bored:0.152, Interested:0.341, Lacking_Focus:0.507]
2025-06-12 03:55:56,601 - DEBUG - 📦 Processed frame: 1 faces, 1140.5ms
2025-06-12 03:55:56,731 - DEBUG - Image decoded successfully: (240, 320, 3)
2025-06-12 03:55:57,407 - DEBUG - Face preprocessed: shape=(224, 224, 3), range=[-100.680, 127.061]
2025-06-12 03:55:57,408 - DEBUG - Detected 1 valid faces
2025-06-12 03:55:57,411 - DEBUG - Processing batch of 1 faces, shape: (1, 224, 224, 3)
2025-06-12 03:55:57,799 - INFO - Face 0: Lacking_Focus (0.413) | All: [Bored:0.206, Interested:0.381, Lacking_Focus:0.413]
2025-06-12 03:55:57,800 - DEBUG - 📦 Processed frame: 1 faces, 1069.2ms
2025-06-12 03:55:57,889 - DEBUG - Image decoded successfully: (240, 320, 3)
2025-06-12 03:55:58,630 - DEBUG - Face preprocessed: shape=(224, 224, 3), range=[-108.680, 133.061]
2025-06-12 03:55:58,635 - DEBUG - Detected 1 valid faces
2025-06-12 03:55:58,637 - DEBUG - Processing batch of 1 faces, shape: (1, 224, 224, 3)
2025-06-12 03:55:59,016 - INFO - Face 0: Lacking_Focus (0.464) | All: [Bored:0.179, Interested:0.356, Lacking_Focus:0.464]
2025-06-12 03:55:59,017 - DEBUG - 📦 Processed frame: 1 faces, 1128.1ms
2025-06-12 03:55:59,164 - DEBUG - Image decoded successfully: (240, 320, 3)
2025-06-12 03:55:59,892 - DEBUG - Face preprocessed: shape=(224, 224, 3), range=[-96.779, 134.061]
2025-06-12 03:55:59,896 - DEBUG - Detected 1 valid faces
2025-06-12 03:55:59,904 - DEBUG - Processing batch of 1 faces, shape: (1, 224, 224, 3)
2025-06-12 03:56:00,319 - INFO - Face 0: Lacking_Focus (0.447) | All: [Bored:0.188, Interested:0.365, Lacking_Focus:0.447]
2025-06-12 03:56:00,320 - DEBUG - 📦 Processed frame: 1 faces, 1156.6ms
2025-06-12 03:56:00,471 - DEBUG - Image decoded successfully: (240, 320, 3)
2025-06-12 03:56:01,322 - DEBUG - Face preprocessed: shape=(224, 224, 3), range=[-104.680, 133.061]
2025-06-12 03:56:01,323 - DEBUG - Detected 1 valid faces
2025-06-12 03:56:01,327 - DEBUG - Processing batch of 1 faces, shape: (1, 224, 224, 3)
2025-06-12 03:56:01,601 - INFO - Face 0: Interested (0.410) | All: [Bored:0.236, Interested:0.410, Lacking_Focus:0.353]
2025-06-12 03:56:01,602 - DEBUG - 📦 Processed frame: 1 faces, 1131.8ms
2025-06-12 03:56:01,711 - DEBUG - Image decoded successfully: (240, 320, 3)
2025-06-12 03:56:02,383 - DEBUG - Face preprocessed: shape=(224, 224, 3), range=[-105.680, 133.061]
2025-06-12 03:56:02,385 - DEBUG - Detected 1 valid faces
2025-06-12 03:56:02,390 - DEBUG - Processing batch of 1 faces, shape: (1, 224, 224, 3)
2025-06-12 03:56:02,712 - INFO - Face 0: Lacking_Focus (0.422) | All: [Bored:0.191, Interested:0.387, Lacking_Focus:0.422]
2025-06-12 03:56:02,713 - DEBUG - 📦 Processed frame: 1 faces, 1002.6ms
2025-06-12 03:56:02,874 - DEBUG - Image decoded successfully: (240, 320, 3)
2025-06-12 03:56:03,571 - DEBUG - Face preprocessed: shape=(224, 224, 3), range=[-107.779, 133.061]
2025-06-12 03:56:03,573 - DEBUG - Detected 1 valid faces
2025-06-12 03:56:03,580 - DEBUG - Processing batch of 1 faces, shape: (1, 224, 224, 3)
2025-06-12 03:56:03,965 - INFO - Face 0: Lacking_Focus (0.451) | All: [Bored:0.147, Interested:0.402, Lacking_Focus:0.451]
2025-06-12 03:56:03,966 - DEBUG - 📦 Processed frame: 1 faces, 1092.4ms
2025-06-12 03:56:04,049 - DEBUG - Image decoded successfully: (240, 320, 3)
2025-06-12 03:56:04,973 - DEBUG - Face preprocessed: shape=(224, 224, 3), range=[-95.680, 140.061]
2025-06-12 03:56:04,975 - DEBUG - Detected 1 valid faces
2025-06-12 03:56:04,984 - DEBUG - Processing batch of 1 faces, shape: (1, 224, 224, 3)
2025-06-12 03:56:05,416 - INFO - Face 0: Interested (0.412) | All: [Bored:0.220, Interested:0.412, Lacking_Focus:0.369]
2025-06-12 03:56:05,418 - DEBUG - 📦 Processed frame: 1 faces, 1368.9ms
2025-06-12 03:56:05,539 - DEBUG - Image decoded successfully: (240, 320, 3)
2025-06-12 03:56:06,494 - DEBUG - Face preprocessed: shape=(224, 224, 3), range=[-111.680, 134.061]
2025-06-12 03:56:06,496 - DEBUG - Detected 1 valid faces
2025-06-12 03:56:06,503 - DEBUG - Processing batch of 1 faces, shape: (1, 224, 224, 3)
2025-06-12 03:56:06,884 - INFO - Face 0: Interested (0.447) | All: [Bored:0.141, Interested:0.447, Lacking_Focus:0.412]
2025-06-12 03:56:06,885 - DEBUG - 📦 Processed frame: 1 faces, 1346.3ms
2025-06-12 03:56:07,015 - DEBUG - Image decoded successfully: (240, 320, 3)
2025-06-12 03:56:07,923 - DEBUG - Face preprocessed: shape=(224, 224, 3), range=[-102.779, 139.061]
2025-06-12 03:56:07,926 - DEBUG - Detected 1 valid faces
2025-06-12 03:56:07,932 - DEBUG - Processing batch of 1 faces, shape: (1, 224, 224, 3)
2025-06-12 03:56:08,341 - INFO - Face 0: Interested (0.465) | All: [Bored:0.146, Interested:0.465, Lacking_Focus:0.389]
2025-06-12 03:56:08,342 - DEBUG - 📦 Processed frame: 1 faces, 1327.7ms
2025-06-12 03:56:08,500 - DEBUG - Image decoded successfully: (240, 320, 3)
2025-06-12 03:56:09,373 - DEBUG - Face preprocessed: shape=(224, 224, 3), range=[-107.680, 150.061]
2025-06-12 03:56:09,377 - DEBUG - Detected 1 valid faces
2025-06-12 03:56:09,385 - DEBUG - Processing batch of 1 faces, shape: (1, 224, 224, 3)
2025-06-12 03:56:09,760 - INFO - Face 0: Lacking_Focus (0.511) | All: [Bored:0.183, Interested:0.306, Lacking_Focus:0.511]
2025-06-12 03:56:09,763 - DEBUG - 📦 Processed frame: 1 faces, 1262.4ms
2025-06-12 03:56:09,872 - DEBUG - Image decoded successfully: (240, 320, 3)
2025-06-12 03:56:09,335 - DEBUG - Face preprocessed: shape=(224, 224, 3), range=[-116.680, 151.061]
2025-06-12 03:56:09,337 - DEBUG - Detected 1 valid faces
2025-06-12 03:56:09,339 - DEBUG - Processing batch of 1 faces, shape: (1, 224, 224, 3)
2025-06-12 03:56:09,693 - INFO - Face 0: Lacking_Focus (0.467) | All: [Bored:0.194, Interested:0.339, Lacking_Focus:0.467]
2025-06-12 03:56:09,695 - DEBUG - 📦 Processed frame: 1 faces, -176.3ms
2025-06-12 03:56:09,839 - DEBUG - Image decoded successfully: (240, 320, 3)
2025-06-12 03:56:10,926 - DEBUG - Face preprocessed: shape=(224, 224, 3), range=[-114.680, 148.061]
2025-06-12 03:56:10,928 - DEBUG - Detected 1 valid faces
2025-06-12 03:56:10,931 - DEBUG - Processing batch of 1 faces, shape: (1, 224, 224, 3)
2025-06-12 03:56:11,380 - INFO - Face 0: Lacking_Focus (0.489) | All: [Bored:0.166, Interested:0.345, Lacking_Focus:0.489]
2025-06-12 03:56:11,382 - DEBUG - 📦 Processed frame: 1 faces, 1543.4ms
2025-06-12 03:56:11,537 - DEBUG - Image decoded successfully: (240, 320, 3)
2025-06-12 03:56:12,594 - DEBUG - Face preprocessed: shape=(224, 224, 3), range=[-100.680, 139.061]
2025-06-12 03:56:12,596 - DEBUG - Detected 1 valid faces
2025-06-12 03:56:12,605 - DEBUG - Processing batch of 1 faces, shape: (1, 224, 224, 3)
2025-06-12 03:56:13,004 - INFO - Face 0: Lacking_Focus (0.506) | All: [Bored:0.131, Interested:0.363, Lacking_Focus:0.506]
2025-06-12 03:56:13,005 - DEBUG - 📦 Processed frame: 1 faces, 1468.3ms
2025-06-12 03:56:13,123 - DEBUG - Image decoded successfully: (240, 320, 3)
2025-06-12 03:56:14,065 - DEBUG - Face preprocessed: shape=(224, 224, 3), range=[-99.680, 137.061]
2025-06-12 03:56:14,067 - DEBUG - Detected 1 valid faces
2025-06-12 03:56:14,070 - DEBUG - Processing batch of 1 faces, shape: (1, 224, 224, 3)
2025-06-12 03:56:14,369 - INFO - Face 0: Lacking_Focus (0.532) | All: [Bored:0.113, Interested:0.355, Lacking_Focus:0.532]
2025-06-12 03:56:14,370 - DEBUG - 📦 Processed frame: 1 faces, 1248.2ms
2025-06-12 03:56:14,502 - DEBUG - Image decoded successfully: (240, 320, 3)
2025-06-12 03:56:15,335 - DEBUG - Face preprocessed: shape=(224, 224, 3), range=[-115.680, 141.061]
2025-06-12 03:56:15,337 - DEBUG - Detected 1 valid faces
2025-06-12 03:56:15,342 - DEBUG - Processing batch of 1 faces, shape: (1, 224, 224, 3)
2025-06-12 03:56:15,638 - INFO - Face 0: Lacking_Focus (0.476) | All: [Bored:0.135, Interested:0.388, Lacking_Focus:0.476]
2025-06-12 03:56:15,640 - DEBUG - 📦 Processed frame: 1 faces, 1137.9ms
2025-06-12 03:56:15,782 - DEBUG - Image decoded successfully: (240, 320, 3)
2025-06-12 03:56:16,599 - DEBUG - Face preprocessed: shape=(224, 224, 3), range=[-107.680, 145.061]
2025-06-12 03:56:16,603 - DEBUG - Detected 1 valid faces
2025-06-12 03:56:16,604 - DEBUG - Processing batch of 1 faces, shape: (1, 224, 224, 3)
2025-06-12 03:56:16,873 - INFO - Face 0: Lacking_Focus (0.476) | All: [Bored:0.113, Interested:0.411, Lacking_Focus:0.476]
2025-06-12 03:56:16,875 - DEBUG - 📦 Processed frame: 1 faces, 1093.4ms
2025-06-12 03:56:17,059 - DEBUG - Image decoded successfully: (240, 320, 3)
2025-06-12 03:56:17,950 - DEBUG - Face preprocessed: shape=(224, 224, 3), range=[-95.680, 141.061]
2025-06-12 03:56:17,951 - DEBUG - Detected 1 valid faces
2025-06-12 03:56:17,956 - DEBUG - Processing batch of 1 faces, shape: (1, 224, 224, 3)
2025-06-12 03:56:18,212 - INFO - Face 0: Lacking_Focus (0.549) | All: [Bored:0.121, Interested:0.330, Lacking_Focus:0.549]
2025-06-12 03:56:18,213 - DEBUG - 📦 Processed frame: 1 faces, 1155.1ms
2025-06-12 03:56:18,313 - DEBUG - Image decoded successfully: (240, 320, 3)
2025-06-12 03:56:19,028 - DEBUG - Face preprocessed: shape=(224, 224, 3), range=[-105.680, 139.061]
2025-06-12 03:56:19,031 - DEBUG - Detected 1 valid faces
2025-06-12 03:56:19,034 - DEBUG - Processing batch of 1 faces, shape: (1, 224, 224, 3)
2025-06-12 03:56:19,330 - INFO - Face 0: Lacking_Focus (0.576) | All: [Bored:0.096, Interested:0.328, Lacking_Focus:0.576]
2025-06-12 03:56:19,331 - DEBUG - 📦 Processed frame: 1 faces, 1018.7ms
2025-06-12 03:56:19,492 - DEBUG - Image decoded successfully: (240, 320, 3)
2025-06-12 03:56:20,426 - DEBUG - Face preprocessed: shape=(224, 224, 3), range=[-103.680, 146.061]
2025-06-12 03:56:20,426 - DEBUG - Detected 1 valid faces
2025-06-12 03:56:20,427 - DEBUG - Processing batch of 1 faces, shape: (1, 224, 224, 3)
2025-06-12 03:56:20,771 - INFO - Face 0: Lacking_Focus (0.510) | All: [Bored:0.134, Interested:0.356, Lacking_Focus:0.510]
2025-06-12 03:56:20,772 - DEBUG - 📦 Processed frame: 1 faces, 1280.2ms
2025-06-12 03:56:20,939 - DEBUG - Image decoded successfully: (240, 320, 3)
2025-06-12 03:56:21,711 - DEBUG - Face preprocessed: shape=(224, 224, 3), range=[-108.680, 131.320]
2025-06-12 03:56:21,712 - DEBUG - Detected 1 valid faces
2025-06-12 03:56:21,715 - DEBUG - Processing batch of 1 faces, shape: (1, 224, 224, 3)
2025-06-12 03:56:22,040 - INFO - Face 0: Lacking_Focus (0.494) | All: [Bored:0.109, Interested:0.397, Lacking_Focus:0.494]
2025-06-12 03:56:22,041 - DEBUG - 📦 Processed frame: 1 faces, 1102.6ms
2025-06-12 03:56:22,131 - DEBUG - Image decoded successfully: (240, 320, 3)
2025-06-12 03:56:22,886 - DEBUG - Face preprocessed: shape=(224, 224, 3), range=[-104.779, 136.061]
2025-06-12 03:56:22,891 - DEBUG - Detected 1 valid faces
2025-06-12 03:56:22,898 - DEBUG - Processing batch of 1 faces, shape: (1, 224, 224, 3)
2025-06-12 03:56:23,210 - INFO - Face 0: Interested (0.472) | All: [Bored:0.134, Interested:0.472, Lacking_Focus:0.394]
2025-06-12 03:56:23,214 - DEBUG - 📦 Processed frame: 1 faces, 1082.9ms
2025-06-12 03:56:23,297 - DEBUG - Image decoded successfully: (240, 320, 3)
2025-06-12 03:56:24,094 - DEBUG - Face preprocessed: shape=(224, 224, 3), range=[-101.680, 146.061]
2025-06-12 03:56:24,097 - DEBUG - Detected 1 valid faces
2025-06-12 03:56:24,105 - DEBUG - Processing batch of 1 faces, shape: (1, 224, 224, 3)
2025-06-12 03:56:24,498 - INFO - Face 0: Lacking_Focus (0.425) | All: [Bored:0.176, Interested:0.398, Lacking_Focus:0.425]
2025-06-12 03:56:24,500 - DEBUG - 📦 Processed frame: 1 faces, 1202.7ms
2025-06-12 03:56:24,683 - DEBUG - Image decoded successfully: (240, 320, 3)
2025-06-12 03:56:25,614 - DEBUG - Face preprocessed: shape=(224, 224, 3), range=[-108.779, 139.061]
2025-06-12 03:56:25,615 - DEBUG - Detected 1 valid faces
2025-06-12 03:56:25,618 - DEBUG - Processing batch of 1 faces, shape: (1, 224, 224, 3)
2025-06-12 03:56:25,915 - INFO - Face 0: Lacking_Focus (0.419) | All: [Bored:0.178, Interested:0.403, Lacking_Focus:0.419]
2025-06-12 03:56:25,916 - DEBUG - 📦 Processed frame: 1 faces, 1233.6ms
2025-06-12 03:56:26,054 - DEBUG - Image decoded successfully: (240, 320, 3)
2025-06-12 03:56:27,010 - DEBUG - Face preprocessed: shape=(224, 224, 3), range=[-121.680, 133.061]
2025-06-12 03:56:27,013 - DEBUG - Detected 1 valid faces
2025-06-12 03:56:27,016 - DEBUG - Processing batch of 1 faces, shape: (1, 224, 224, 3)
2025-06-12 03:56:27,256 - INFO - Face 0: Lacking_Focus (0.506) | All: [Bored:0.135, Interested:0.359, Lacking_Focus:0.506]
2025-06-12 03:56:27,257 - DEBUG - 📦 Processed frame: 1 faces, 1203.1ms
2025-06-12 03:56:27,426 - DEBUG - Image decoded successfully: (240, 320, 3)
2025-06-12 03:56:28,264 - DEBUG - Face preprocessed: shape=(224, 224, 3), range=[-97.779, 137.061]
2025-06-12 03:56:28,265 - DEBUG - Detected 1 valid faces
2025-06-12 03:56:28,269 - DEBUG - Processing batch of 1 faces, shape: (1, 224, 224, 3)
2025-06-12 03:56:28,533 - INFO - Face 0: Lacking_Focus (0.495) | All: [Bored:0.164, Interested:0.341, Lacking_Focus:0.495]
2025-06-12 03:56:28,534 - DEBUG - 📦 Processed frame: 1 faces, 1107.9ms
2025-06-12 03:56:28,702 - DEBUG - Image decoded successfully: (240, 320, 3)
2025-06-12 03:56:29,491 - DEBUG - Face preprocessed: shape=(224, 224, 3), range=[-93.779, 151.061]
2025-06-12 03:56:29,495 - DEBUG - Detected 1 valid faces
2025-06-12 03:56:29,503 - DEBUG - Processing batch of 1 faces, shape: (1, 224, 224, 3)
2025-06-12 03:56:29,805 - INFO - Face 0: Lacking_Focus (0.617) | All: [Bored:0.155, Interested:0.228, Lacking_Focus:0.617]
2025-06-12 03:56:29,806 - DEBUG - 📦 Processed frame: 1 faces, 1104.7ms
2025-06-12 03:56:29,975 - DEBUG - Image decoded successfully: (240, 320, 3)
2025-06-12 03:56:30,883 - DEBUG - Face preprocessed: shape=(224, 224, 3), range=[-97.680, 143.061]
2025-06-12 03:56:30,885 - DEBUG - Detected 1 valid faces
2025-06-12 03:56:30,895 - DEBUG - Processing batch of 1 faces, shape: (1, 224, 224, 3)
2025-06-12 03:56:31,201 - INFO - Face 0: Lacking_Focus (0.673) | All: [Bored:0.145, Interested:0.182, Lacking_Focus:0.673]
2025-06-12 03:56:31,203 - DEBUG - 📦 Processed frame: 1 faces, 1228.4ms
2025-06-12 03:56:31,346 - DEBUG - Image decoded successfully: (240, 320, 3)
2025-06-12 03:56:31,995 - DEBUG - Face preprocessed: shape=(224, 224, 3), range=[-99.680, 150.061]
2025-06-12 03:56:31,997 - DEBUG - Detected 1 valid faces
2025-06-12 03:56:32,006 - DEBUG - Processing batch of 1 faces, shape: (1, 224, 224, 3)
2025-06-12 03:56:32,273 - INFO - Face 0: Lacking_Focus (0.595) | All: [Bored:0.103, Interested:0.303, Lacking_Focus:0.595]
2025-06-12 03:56:32,274 - DEBUG - 📦 Processed frame: 1 faces, 928.5ms
2025-06-12 03:56:32,450 - DEBUG - Image decoded successfully: (240, 320, 3)
2025-06-12 03:56:33,245 - DEBUG - Face preprocessed: shape=(224, 224, 3), range=[-93.779, 151.061]
2025-06-12 03:56:33,248 - DEBUG - Detected 1 valid faces
2025-06-12 03:56:33,254 - DEBUG - Processing batch of 1 faces, shape: (1, 224, 224, 3)
2025-06-12 03:56:33,550 - INFO - Face 0: Lacking_Focus (0.665) | All: [Bored:0.116, Interested:0.219, Lacking_Focus:0.665]
2025-06-12 03:56:33,551 - DEBUG - 📦 Processed frame: 1 faces, 1102.2ms
2025-06-12 03:56:33,688 - DEBUG - Image decoded successfully: (240, 320, 3)
2025-06-12 03:56:34,486 - DEBUG - Face preprocessed: shape=(224, 224, 3), range=[-99.779, 151.061]
2025-06-12 03:56:34,489 - DEBUG - Detected 1 valid faces
2025-06-12 03:56:34,507 - DEBUG - Processing batch of 1 faces, shape: (1, 224, 224, 3)
2025-06-12 03:56:35,073 - INFO - Face 0: Lacking_Focus (0.434) | All: [Bored:0.167, Interested:0.399, Lacking_Focus:0.434]
2025-06-12 03:56:35,075 - DEBUG - 📦 Processed frame: 1 faces, 1386.8ms
2025-06-12 03:56:35,303 - DEBUG - Image decoded successfully: (240, 320, 3)
2025-06-12 03:56:36,330 - DEBUG - Face preprocessed: shape=(224, 224, 3), range=[-101.779, 151.061]
2025-06-12 03:56:36,333 - DEBUG - Detected 1 valid faces
2025-06-12 03:56:36,335 - DEBUG - Processing batch of 1 faces, shape: (1, 224, 224, 3)
2025-06-12 03:56:36,767 - INFO - Face 0: Lacking_Focus (0.443) | All: [Bored:0.125, Interested:0.431, Lacking_Focus:0.443]
2025-06-12 03:56:36,769 - DEBUG - 📦 Processed frame: 1 faces, 1466.6ms
2025-06-12 03:56:36,869 - DEBUG - Image decoded successfully: (240, 320, 3)
2025-06-12 03:56:37,505 - DEBUG - Face preprocessed: shape=(224, 224, 3), range=[-100.939, 148.061]
2025-06-12 03:56:37,506 - DEBUG - Detected 1 valid faces
2025-06-12 03:56:37,509 - DEBUG - Processing batch of 1 faces, shape: (1, 224, 224, 3)
2025-06-12 03:56:37,791 - INFO - Face 0: Lacking_Focus (0.460) | All: [Bored:0.138, Interested:0.401, Lacking_Focus:0.460]
2025-06-12 03:56:37,792 - DEBUG - 📦 Processed frame: 1 faces, 924.1ms
2025-06-12 03:56:37,819 - DEBUG - Image decoded successfully: (240, 320, 3)
2025-06-12 03:56:38,780 - DEBUG - Face preprocessed: shape=(224, 224, 3), range=[-98.779, 151.061]
2025-06-12 03:56:38,783 - DEBUG - Detected 1 valid faces
2025-06-12 03:56:38,787 - DEBUG - Processing batch of 1 faces, shape: (1, 224, 224, 3)
2025-06-12 03:56:37,452 - INFO - Face 0: Lacking_Focus (0.445) | All: [Bored:0.130, Interested:0.425, Lacking_Focus:0.445]
2025-06-12 03:56:37,453 - DEBUG - 📦 Processed frame: 1 faces, -365.1ms
2025-06-12 03:56:37,544 - DEBUG - Image decoded successfully: (240, 320, 3)
2025-06-12 03:56:38,552 - DEBUG - Face preprocessed: shape=(224, 224, 3), range=[-99.779, 151.061]
2025-06-12 03:56:38,554 - DEBUG - Detected 1 valid faces
2025-06-12 03:56:38,560 - DEBUG - Processing batch of 1 faces, shape: (1, 224, 224, 3)
2025-06-12 03:56:38,867 - INFO - Face 0: Lacking_Focus (0.435) | All: [Bored:0.150, Interested:0.415, Lacking_Focus:0.435]
2025-06-12 03:56:38,868 - DEBUG - 📦 Processed frame: 1 faces, 1324.1ms
2025-06-12 03:56:39,023 - DEBUG - Image decoded successfully: (240, 320, 3)
2025-06-12 03:56:40,034 - DEBUG - Face preprocessed: shape=(224, 224, 3), range=[-97.779, 151.061]
2025-06-12 03:56:40,035 - DEBUG - Detected 1 valid faces
2025-06-12 03:56:40,039 - DEBUG - Processing batch of 1 faces, shape: (1, 224, 224, 3)
2025-06-12 03:56:40,442 - INFO - Face 0: Lacking_Focus (0.443) | All: [Bored:0.120, Interested:0.437, Lacking_Focus:0.443]
2025-06-12 03:56:40,444 - DEBUG - 📦 Processed frame: 1 faces, 1421.3ms
2025-06-12 03:56:40,611 - DEBUG - Image decoded successfully: (240, 320, 3)
2025-06-12 03:56:41,581 - DEBUG - Face preprocessed: shape=(224, 224, 3), range=[-102.680, 145.061]
2025-06-12 03:56:41,584 - DEBUG - Detected 1 valid faces
2025-06-12 03:56:41,587 - DEBUG - Processing batch of 1 faces, shape: (1, 224, 224, 3)
2025-06-12 03:56:41,865 - INFO - Face 0: Interested (0.409) | All: [Bored:0.267, Interested:0.409, Lacking_Focus:0.324]
2025-06-12 03:56:41,866 - DEBUG - 📦 Processed frame: 1 faces, 1254.9ms
2025-06-12 03:56:41,992 - DEBUG - Image decoded successfully: (240, 320, 3)
2025-06-12 03:56:42,917 - DEBUG - Face preprocessed: shape=(224, 224, 3), range=[-102.680, 151.061]
2025-06-12 03:56:42,919 - DEBUG - Detected 1 valid faces
2025-06-12 03:56:42,923 - DEBUG - Processing batch of 1 faces, shape: (1, 224, 224, 3)
2025-06-12 03:56:43,281 - INFO - Face 0: Lacking_Focus (0.507) | All: [Bored:0.171, Interested:0.322, Lacking_Focus:0.507]
2025-06-12 03:56:43,282 - DEBUG - 📦 Processed frame: 1 faces, 1290.5ms
2025-06-12 03:56:43,472 - DEBUG - Image decoded successfully: (240, 320, 3)
2025-06-12 03:56:44,283 - DEBUG - Face preprocessed: shape=(224, 224, 3), range=[-102.680, 151.061]
2025-06-12 03:56:44,284 - DEBUG - Detected 1 valid faces
2025-06-12 03:56:44,292 - DEBUG - Processing batch of 1 faces, shape: (1, 224, 224, 3)
2025-06-12 03:56:44,716 - INFO - Face 0: Interested (0.425) | All: [Bored:0.230, Interested:0.425, Lacking_Focus:0.345]
2025-06-12 03:56:44,720 - DEBUG - 📦 Processed frame: 1 faces, 1248.1ms
2025-06-12 03:56:44,966 - DEBUG - Image decoded successfully: (240, 320, 3)
2025-06-12 03:56:45,976 - DEBUG - Face preprocessed: shape=(224, 224, 3), range=[-101.680, 149.061]
2025-06-12 03:56:45,977 - DEBUG - Detected 1 valid faces
2025-06-12 03:56:45,980 - DEBUG - Processing batch of 1 faces, shape: (1, 224, 224, 3)
2025-06-12 03:56:46,352 - INFO - Face 0: Interested (0.446) | All: [Bored:0.151, Interested:0.446, Lacking_Focus:0.403]
2025-06-12 03:56:46,353 - DEBUG - 📦 Processed frame: 1 faces, 1387.7ms
2025-06-12 03:56:46,444 - DEBUG - Image decoded successfully: (240, 320, 3)
2025-06-12 03:56:47,067 - DEBUG - Face preprocessed: shape=(224, 224, 3), range=[-105.680, 151.061]
2025-06-12 03:56:47,069 - DEBUG - Detected 1 valid faces
2025-06-12 03:56:47,072 - DEBUG - Processing batch of 1 faces, shape: (1, 224, 224, 3)
2025-06-12 03:56:47,449 - INFO - Face 0: Lacking_Focus (0.442) | All: [Bored:0.138, Interested:0.420, Lacking_Focus:0.442]
2025-06-12 03:56:47,450 - DEBUG - 📦 Processed frame: 1 faces, 1006.3ms
2025-06-12 03:56:47,615 - DEBUG - Image decoded successfully: (240, 320, 3)
2025-06-12 03:56:48,410 - DEBUG - Face preprocessed: shape=(224, 224, 3), range=[-105.680, 150.061]
2025-06-12 03:56:48,410 - DEBUG - Detected 1 valid faces
2025-06-12 03:56:48,412 - DEBUG - Processing batch of 1 faces, shape: (1, 224, 224, 3)
2025-06-12 03:56:48,721 - INFO - Face 0: Lacking_Focus (0.477) | All: [Bored:0.129, Interested:0.395, Lacking_Focus:0.477]
2025-06-12 03:56:48,723 - DEBUG - 📦 Processed frame: 1 faces, 1107.8ms
2025-06-12 03:56:48,877 - DEBUG - Image decoded successfully: (240, 320, 3)
2025-06-12 03:56:49,686 - DEBUG - Face preprocessed: shape=(224, 224, 3), range=[-104.680, 147.061]
2025-06-12 03:56:49,688 - DEBUG - Detected 1 valid faces
2025-06-12 03:56:49,691 - DEBUG - Processing batch of 1 faces, shape: (1, 224, 224, 3)
2025-06-12 03:56:49,948 - INFO - Face 0: Interested (0.445) | All: [Bored:0.133, Interested:0.445, Lacking_Focus:0.422]
2025-06-12 03:56:49,949 - DEBUG - 📦 Processed frame: 1 faces, 1072.8ms
2025-06-12 03:56:50,046 - DEBUG - Image decoded successfully: (240, 320, 3)
2025-06-12 03:56:50,674 - DEBUG - Face preprocessed: shape=(224, 224, 3), range=[-108.680, 151.061]
2025-06-12 03:56:50,676 - DEBUG - Detected 1 valid faces
2025-06-12 03:56:50,684 - DEBUG - Processing batch of 1 faces, shape: (1, 224, 224, 3)
2025-06-12 03:56:50,994 - INFO - Face 0: Interested (0.479) | All: [Bored:0.116, Interested:0.479, Lacking_Focus:0.405]
2025-06-12 03:56:50,996 - DEBUG - 📦 Processed frame: 1 faces, 950.6ms
2025-06-12 03:56:51,113 - DEBUG - Image decoded successfully: (240, 320, 3)
2025-06-12 03:56:51,824 - DEBUG - Face preprocessed: shape=(224, 224, 3), range=[-108.680, 150.061]
2025-06-12 03:56:51,825 - DEBUG - Detected 1 valid faces
2025-06-12 03:56:51,827 - DEBUG - Processing batch of 1 faces, shape: (1, 224, 224, 3)
2025-06-12 03:56:52,151 - INFO - Face 0: Interested (0.463) | All: [Bored:0.115, Interested:0.463, Lacking_Focus:0.422]
2025-06-12 03:56:52,152 - DEBUG - 📦 Processed frame: 1 faces, 1039.8ms
2025-06-12 03:56:52,266 - DEBUG - Image decoded successfully: (240, 320, 3)
2025-06-12 03:56:52,840 - DEBUG - Face preprocessed: shape=(224, 224, 3), range=[-108.680, 149.061]
2025-06-12 03:56:52,841 - DEBUG - Detected 1 valid faces
2025-06-12 03:56:52,842 - DEBUG - Processing batch of 1 faces, shape: (1, 224, 224, 3)
2025-06-12 03:56:53,136 - INFO - Face 0: Interested (0.444) | All: [Bored:0.136, Interested:0.444, Lacking_Focus:0.420]
2025-06-12 03:56:53,137 - DEBUG - 📦 Processed frame: 1 faces, 871.5ms
2025-06-12 03:56:53,144 - INFO - ❌ Client disconnected
2025-06-12 03:56:53,145 - INFO - Disconnect reason: disconnect
2025-06-12 03:56:53,160 - INFO - ✅ Client connected
2025-06-12 03:56:54,486 - DEBUG - Image decoded successfully: (240, 320, 3)
2025-06-12 03:56:55,296 - DEBUG - Face preprocessed: shape=(224, 224, 3), range=[-106.680, 149.061]
2025-06-12 03:56:55,298 - DEBUG - Detected 1 valid faces
2025-06-12 03:56:55,301 - DEBUG - Processing batch of 1 faces, shape: (1, 224, 224, 3)
2025-06-12 03:56:55,674 - INFO - Face 0: Interested (0.452) | All: [Bored:0.148, Interested:0.452, Lacking_Focus:0.399]
2025-06-12 03:56:55,675 - DEBUG - 📦 Processed frame: 1 faces, 1188.9ms
2025-06-12 03:56:55,771 - DEBUG - Image decoded successfully: (240, 320, 3)
2025-06-12 03:56:56,563 - DEBUG - Face preprocessed: shape=(224, 224, 3), range=[-106.680, 150.061]
2025-06-12 03:56:56,565 - DEBUG - Detected 1 valid faces
2025-06-12 03:56:56,569 - DEBUG - Processing batch of 1 faces, shape: (1, 224, 224, 3)
2025-06-12 03:56:56,968 - INFO - Face 0: Interested (0.506) | All: [Bored:0.136, Interested:0.506, Lacking_Focus:0.358]
2025-06-12 03:56:56,969 - DEBUG - 📦 Processed frame: 1 faces, 1198.4ms
2025-06-12 03:56:57,142 - DEBUG - Image decoded successfully: (240, 320, 3)
2025-06-12 03:56:58,063 - DEBUG - Face preprocessed: shape=(224, 224, 3), range=[-103.680, 151.061]
2025-06-12 03:56:58,065 - DEBUG - Detected 1 valid faces
2025-06-12 03:56:58,072 - DEBUG - Processing batch of 1 faces, shape: (1, 224, 224, 3)
2025-06-12 03:56:58,344 - INFO - Face 0: Interested (0.484) | All: [Bored:0.130, Interested:0.484, Lacking_Focus:0.386]
2025-06-12 03:56:58,345 - DEBUG - 📦 Processed frame: 1 faces, 1203.3ms
2025-06-12 03:56:58,416 - DEBUG - Image decoded successfully: (240, 320, 3)
2025-06-12 03:56:59,074 - DEBUG - Face preprocessed: shape=(224, 224, 3), range=[-100.680, 151.061]
2025-06-12 03:56:59,075 - DEBUG - Detected 1 valid faces
2025-06-12 03:56:59,077 - DEBUG - Processing batch of 1 faces, shape: (1, 224, 224, 3)
2025-06-12 03:56:59,456 - INFO - Face 0: Lacking_Focus (0.400) | All: [Bored:0.205, Interested:0.395, Lacking_Focus:0.400]
2025-06-12 03:56:59,457 - DEBUG - 📦 Processed frame: 1 faces, 1041.2ms
2025-06-12 03:56:59,586 - DEBUG - Image decoded successfully: (240, 320, 3)
2025-06-12 03:57:00,351 - DEBUG - Face preprocessed: shape=(224, 224, 3), range=[-99.680, 151.061]
2025-06-12 03:57:00,353 - DEBUG - Detected 1 valid faces
2025-06-12 03:57:00,360 - DEBUG - Processing batch of 1 faces, shape: (1, 224, 224, 3)
2025-06-12 03:57:00,735 - INFO - Face 0: Lacking_Focus (0.436) | All: [Bored:0.157, Interested:0.407, Lacking_Focus:0.436]
2025-06-12 03:57:00,736 - DEBUG - 📦 Processed frame: 1 faces, 1150.2ms
2025-06-12 03:57:00,865 - DEBUG - Image decoded successfully: (240, 320, 3)
2025-06-12 03:57:01,623 - DEBUG - Face preprocessed: shape=(224, 224, 3), range=[-103.680, 148.061]
2025-06-12 03:57:01,623 - DEBUG - Detected 1 valid faces
2025-06-12 03:57:01,625 - DEBUG - Processing batch of 1 faces, shape: (1, 224, 224, 3)
2025-06-12 03:57:01,961 - INFO - Face 0: Interested (0.447) | All: [Bored:0.121, Interested:0.447, Lacking_Focus:0.431]
2025-06-12 03:57:01,962 - DEBUG - 📦 Processed frame: 1 faces, 1097.8ms
2025-06-12 03:57:02,136 - DEBUG - Image decoded successfully: (240, 320, 3)
2025-06-12 03:57:02,942 - DEBUG - Face preprocessed: shape=(224, 224, 3), range=[-102.680, 147.061]
2025-06-12 03:57:02,943 - DEBUG - Detected 1 valid faces
2025-06-12 03:57:02,947 - DEBUG - Processing batch of 1 faces, shape: (1, 224, 224, 3)
2025-06-12 03:57:03,276 - INFO - Face 0: Lacking_Focus (0.514) | All: [Bored:0.140, Interested:0.346, Lacking_Focus:0.514]
2025-06-12 03:57:03,278 - DEBUG - 📦 Processed frame: 1 faces, 1142.0ms
2025-06-12 03:57:03,403 - DEBUG - Image decoded successfully: (240, 320, 3)
2025-06-12 03:57:04,066 - DEBUG - Face preprocessed: shape=(224, 224, 3), range=[-99.680, 139.061]
2025-06-12 03:57:04,068 - DEBUG - Detected 1 valid faces
2025-06-12 03:57:04,071 - DEBUG - Processing batch of 1 faces, shape: (1, 224, 224, 3)
2025-06-12 03:57:04,413 - INFO - Face 0: Lacking_Focus (0.537) | All: [Bored:0.153, Interested:0.310, Lacking_Focus:0.537]
2025-06-12 03:57:04,415 - DEBUG - 📦 Processed frame: 1 faces, 1011.6ms
2025-06-12 03:57:04,580 - DEBUG - Image decoded successfully: (240, 320, 3)
2025-06-12 03:57:05,218 - DEBUG - Face preprocessed: shape=(224, 224, 3), range=[-97.680, 142.061]
2025-06-12 03:57:05,220 - DEBUG - Detected 1 valid faces
2025-06-12 03:57:05,222 - DEBUG - Processing batch of 1 faces, shape: (1, 224, 224, 3)
2025-06-12 03:57:05,595 - INFO - Face 0: Interested (0.463) | All: [Bored:0.190, Interested:0.463, Lacking_Focus:0.346]
2025-06-12 03:57:05,596 - DEBUG - 📦 Processed frame: 1 faces, 1016.8ms
2025-06-12 03:57:05,735 - DEBUG - Image decoded successfully: (240, 320, 3)
2025-06-12 03:57:06,414 - DEBUG - Face preprocessed: shape=(224, 224, 3), range=[-93.680, 138.061]
2025-06-12 03:57:06,416 - DEBUG - Detected 1 valid faces
2025-06-12 03:57:06,422 - DEBUG - Processing batch of 1 faces, shape: (1, 224, 224, 3)
2025-06-12 03:57:06,800 - INFO - Face 0: Interested (0.558) | All: [Bored:0.112, Interested:0.558, Lacking_Focus:0.330]
2025-06-12 03:57:06,802 - DEBUG - 📦 Processed frame: 1 faces, 1066.9ms
2025-06-12 03:57:06,903 - DEBUG - Image decoded successfully: (240, 320, 3)
2025-06-12 03:57:05,876 - DEBUG - Face preprocessed: shape=(224, 224, 3), range=[-89.779, 134.061]
2025-06-12 03:57:05,877 - DEBUG - Detected 1 valid faces
2025-06-12 03:57:05,879 - DEBUG - Processing batch of 1 faces, shape: (1, 224, 224, 3)
2025-06-12 03:57:06,238 - INFO - Face 0: Lacking_Focus (0.438) | All: [Bored:0.315, Interested:0.246, Lacking_Focus:0.438]
2025-06-12 03:57:06,239 - DEBUG - 📦 Processed frame: 1 faces, -664.0ms
2025-06-12 03:57:06,367 - DEBUG - Image decoded successfully: (240, 320, 3)
2025-06-12 03:57:06,994 - DEBUG - Face preprocessed: shape=(224, 224, 3), range=[-104.680, 150.061]
2025-06-12 03:57:06,995 - DEBUG - Detected 1 valid faces
2025-06-12 03:57:06,999 - DEBUG - Processing batch of 1 faces, shape: (1, 224, 224, 3)
2025-06-12 03:57:07,368 - INFO - Face 0: Lacking_Focus (0.455) | All: [Bored:0.170, Interested:0.376, Lacking_Focus:0.455]
2025-06-12 03:57:07,369 - DEBUG - 📦 Processed frame: 1 faces, 1002.9ms
2025-06-12 03:57:07,533 - DEBUG - Image decoded successfully: (240, 320, 3)
2025-06-12 03:57:08,277 - DEBUG - Face preprocessed: shape=(224, 224, 3), range=[-107.779, 137.061]
2025-06-12 03:57:08,279 - DEBUG - Detected 1 valid faces
2025-06-12 03:57:08,289 - DEBUG - Processing batch of 1 faces, shape: (1, 224, 224, 3)
2025-06-12 03:57:08,685 - INFO - Face 0: Lacking_Focus (0.598) | All: [Bored:0.122, Interested:0.280, Lacking_Focus:0.598]
2025-06-12 03:57:08,686 - DEBUG - 📦 Processed frame: 1 faces, 1153.7ms
2025-06-12 03:57:08,800 - DEBUG - Image decoded successfully: (240, 320, 3)
2025-06-12 03:57:09,510 - DEBUG - Face preprocessed: shape=(224, 224, 3), range=[-111.680, 145.061]
2025-06-12 03:57:09,511 - DEBUG - Detected 1 valid faces
2025-06-12 03:57:09,513 - DEBUG - Processing batch of 1 faces, shape: (1, 224, 224, 3)
2025-06-12 03:57:09,867 - INFO - Face 0: Interested (0.441) | All: [Bored:0.119, Interested:0.441, Lacking_Focus:0.440]
2025-06-12 03:57:09,868 - DEBUG - 📦 Processed frame: 1 faces, 1069.2ms
2025-06-12 03:57:09,966 - DEBUG - Image decoded successfully: (240, 320, 3)
2025-06-12 03:57:10,768 - DEBUG - Face preprocessed: shape=(224, 224, 3), range=[-102.680, 151.061]
2025-06-12 03:57:10,769 - DEBUG - Detected 1 valid faces
2025-06-12 03:57:10,771 - DEBUG - Processing batch of 1 faces, shape: (1, 224, 224, 3)
2025-06-12 03:57:11,117 - INFO - Face 0: Interested (0.468) | All: [Bored:0.129, Interested:0.468, Lacking_Focus:0.402]
2025-06-12 03:57:11,118 - DEBUG - 📦 Processed frame: 1 faces, 1152.3ms
2025-06-12 03:57:11,239 - DEBUG - Image decoded successfully: (240, 320, 3)
2025-06-12 03:57:12,128 - DEBUG - Face preprocessed: shape=(224, 224, 3), range=[-107.680, 143.061]
2025-06-12 03:57:12,131 - DEBUG - Detected 1 valid faces
2025-06-12 03:57:12,134 - DEBUG - Processing batch of 1 faces, shape: (1, 224, 224, 3)
2025-06-12 03:57:12,481 - INFO - Face 0: Lacking_Focus (0.431) | All: [Bored:0.146, Interested:0.423, Lacking_Focus:0.431]
2025-06-12 03:57:12,482 - DEBUG - 📦 Processed frame: 1 faces, 1242.5ms
2025-06-12 03:57:12,627 - DEBUG - Image decoded successfully: (240, 320, 3)
2025-06-12 03:57:13,323 - DEBUG - Face preprocessed: shape=(224, 224, 3), range=[-94.939, 151.061]
2025-06-12 03:57:13,328 - DEBUG - Detected 1 valid faces
2025-06-12 03:57:13,332 - DEBUG - Processing batch of 1 faces, shape: (1, 224, 224, 3)
2025-06-12 03:57:13,757 - INFO - Face 0: Interested (0.463) | All: [Bored:0.120, Interested:0.463, Lacking_Focus:0.417]
2025-06-12 03:57:13,758 - DEBUG - 📦 Processed frame: 1 faces, 1132.1ms
2025-06-12 03:57:13,884 - DEBUG - Image decoded successfully: (240, 320, 3)
2025-06-12 03:57:14,599 - DEBUG - Face preprocessed: shape=(224, 224, 3), range=[-106.680, 147.061]
2025-06-12 03:57:14,600 - DEBUG - Detected 1 valid faces
2025-06-12 03:57:14,607 - DEBUG - Processing batch of 1 faces, shape: (1, 224, 224, 3)
2025-06-12 03:57:14,931 - INFO - Face 0: Lacking_Focus (0.488) | All: [Bored:0.152, Interested:0.360, Lacking_Focus:0.488]
2025-06-12 03:57:14,932 - DEBUG - 📦 Processed frame: 1 faces, 1048.3ms
2025-06-12 03:57:15,062 - DEBUG - Image decoded successfully: (240, 320, 3)
2025-06-12 03:57:15,712 - DEBUG - Face preprocessed: shape=(224, 224, 3), range=[-120.680, 146.061]
2025-06-12 03:57:15,715 - DEBUG - Detected 1 valid faces
2025-06-12 03:57:15,722 - DEBUG - Processing batch of 1 faces, shape: (1, 224, 224, 3)
2025-06-12 03:57:16,092 - INFO - Face 0: Lacking_Focus (0.469) | All: [Bored:0.148, Interested:0.383, Lacking_Focus:0.469]
2025-06-12 03:57:16,093 - DEBUG - 📦 Processed frame: 1 faces, 1031.2ms
2025-06-12 03:57:16,221 - DEBUG - Image decoded successfully: (240, 320, 3)
2025-06-12 03:57:17,024 - DEBUG - Face preprocessed: shape=(224, 224, 3), range=[-111.680, 150.061]
2025-06-12 03:57:17,025 - DEBUG - Detected 1 valid faces
2025-06-12 03:57:17,027 - DEBUG - Processing batch of 1 faces, shape: (1, 224, 224, 3)
2025-06-12 03:57:17,371 - INFO - Face 0: Lacking_Focus (0.439) | All: [Bored:0.139, Interested:0.422, Lacking_Focus:0.439]
2025-06-12 03:57:17,373 - DEBUG - 📦 Processed frame: 1 faces, 1151.7ms
2025-06-12 03:57:17,489 - DEBUG - Image decoded successfully: (240, 320, 3)
2025-06-12 03:57:18,209 - DEBUG - Face preprocessed: shape=(224, 224, 3), range=[-106.680, 151.061]
2025-06-12 03:57:18,210 - DEBUG - Detected 1 valid faces
2025-06-12 03:57:18,211 - DEBUG - Processing batch of 1 faces, shape: (1, 224, 224, 3)
2025-06-12 03:57:18,539 - INFO - Face 0: Lacking_Focus (0.481) | All: [Bored:0.101, Interested:0.418, Lacking_Focus:0.481]
2025-06-12 03:57:18,540 - DEBUG - 📦 Processed frame: 1 faces, 1051.6ms
2025-06-12 03:57:18,654 - DEBUG - Image decoded successfully: (240, 320, 3)
2025-06-12 03:57:19,277 - DEBUG - Face preprocessed: shape=(224, 224, 3), range=[-99.680, 151.061]
2025-06-12 03:57:19,278 - DEBUG - Detected 1 valid faces
2025-06-12 03:57:19,281 - DEBUG - Processing batch of 1 faces, shape: (1, 224, 224, 3)
2025-06-12 03:57:19,616 - INFO - Face 0: Lacking_Focus (0.467) | All: [Bored:0.141, Interested:0.392, Lacking_Focus:0.467]
2025-06-12 03:57:19,617 - DEBUG - 📦 Processed frame: 1 faces, 963.9ms
2025-06-12 03:57:19,716 - DEBUG - Image decoded successfully: (240, 320, 3)
2025-06-12 03:57:20,495 - DEBUG - Face preprocessed: shape=(224, 224, 3), range=[-103.680, 151.061]
2025-06-12 03:57:20,496 - DEBUG - Detected 1 valid faces
2025-06-12 03:57:20,497 - DEBUG - Processing batch of 1 faces, shape: (1, 224, 224, 3)
2025-06-12 03:57:20,869 - INFO - Face 0: Lacking_Focus (0.494) | All: [Bored:0.105, Interested:0.401, Lacking_Focus:0.494]
2025-06-12 03:57:20,870 - DEBUG - 📦 Processed frame: 1 faces, 1154.7ms
2025-06-12 03:57:21,064 - DEBUG - Image decoded successfully: (240, 320, 3)
2025-06-12 03:57:21,766 - DEBUG - Face preprocessed: shape=(224, 224, 3), range=[-115.680, 151.061]
2025-06-12 03:57:21,767 - DEBUG - Detected 1 valid faces
2025-06-12 03:57:21,769 - DEBUG - Processing batch of 1 faces, shape: (1, 224, 224, 3)
2025-06-12 03:57:22,171 - INFO - Face 0: Interested (0.468) | All: [Bored:0.136, Interested:0.468, Lacking_Focus:0.396]
2025-06-12 03:57:22,172 - DEBUG - 📦 Processed frame: 1 faces, 1108.7ms
2025-06-12 03:57:22,371 - DEBUG - Image decoded successfully: (240, 320, 3)
2025-06-12 03:57:23,083 - DEBUG - Face preprocessed: shape=(224, 224, 3), range=[-102.680, 147.061]
2025-06-12 03:57:23,086 - DEBUG - Detected 1 valid faces
2025-06-12 03:57:23,097 - DEBUG - Processing batch of 1 faces, shape: (1, 224, 224, 3)
2025-06-12 03:57:23,565 - INFO - Face 0: Lacking_Focus (0.513) | All: [Bored:0.249, Interested:0.238, Lacking_Focus:0.513]
2025-06-12 03:57:23,566 - DEBUG - 📦 Processed frame: 1 faces, 1196.0ms
2025-06-12 03:57:23,748 - DEBUG - Image decoded successfully: (240, 320, 3)
2025-06-12 03:57:24,489 - DEBUG - Face preprocessed: shape=(224, 224, 3), range=[-100.680, 150.061]
2025-06-12 03:57:24,491 - DEBUG - Detected 1 valid faces
2025-06-12 03:57:24,497 - DEBUG - Processing batch of 1 faces, shape: (1, 224, 224, 3)
2025-06-12 03:57:24,821 - INFO - Face 0: Lacking_Focus (0.507) | All: [Bored:0.115, Interested:0.378, Lacking_Focus:0.507]
2025-06-12 03:57:24,822 - DEBUG - 📦 Processed frame: 1 faces, 1074.1ms
2025-06-12 03:57:24,904 - DEBUG - Image decoded successfully: (240, 320, 3)
2025-06-12 03:57:25,694 - DEBUG - Face preprocessed: shape=(224, 224, 3), range=[-97.680, 150.061]
2025-06-12 03:57:25,696 - DEBUG - Detected 1 valid faces
2025-06-12 03:57:25,700 - DEBUG - Processing batch of 1 faces, shape: (1, 224, 224, 3)
2025-06-12 03:57:26,037 - INFO - Face 0: Lacking_Focus (0.523) | All: [Bored:0.139, Interested:0.338, Lacking_Focus:0.523]
2025-06-12 03:57:26,038 - DEBUG - 📦 Processed frame: 1 faces, 1134.6ms
2025-06-12 03:57:26,173 - DEBUG - Image decoded successfully: (240, 320, 3)
2025-06-12 03:57:26,941 - DEBUG - Face preprocessed: shape=(224, 224, 3), range=[-101.680, 151.061]
2025-06-12 03:57:26,946 - DEBUG - Detected 1 valid faces
2025-06-12 03:57:26,949 - DEBUG - Processing batch of 1 faces, shape: (1, 224, 224, 3)
2025-06-12 03:57:27,410 - INFO - Face 0: Lacking_Focus (0.448) | All: [Bored:0.178, Interested:0.374, Lacking_Focus:0.448]
2025-06-12 03:57:27,411 - DEBUG - 📦 Processed frame: 1 faces, 1237.8ms
2025-06-12 03:57:27,553 - DEBUG - Image decoded successfully: (240, 320, 3)
2025-06-12 03:57:28,213 - DEBUG - Face preprocessed: shape=(224, 224, 3), range=[-102.779, 151.061]
2025-06-12 03:57:28,222 - DEBUG - Detected 1 valid faces
2025-06-12 03:57:28,230 - DEBUG - Processing batch of 1 faces, shape: (1, 224, 224, 3)
2025-06-12 03:57:28,585 - INFO - Face 0: Lacking_Focus (0.515) | All: [Bored:0.151, Interested:0.334, Lacking_Focus:0.515]
2025-06-12 03:57:28,587 - DEBUG - 📦 Processed frame: 1 faces, 1033.9ms
2025-06-12 03:57:28,724 - DEBUG - Image decoded successfully: (240, 320, 3)
2025-06-12 03:57:29,519 - DEBUG - Face preprocessed: shape=(224, 224, 3), range=[-100.779, 151.061]
2025-06-12 03:57:29,521 - DEBUG - Detected 1 valid faces
2025-06-12 03:57:29,525 - DEBUG - Processing batch of 1 faces, shape: (1, 224, 224, 3)
2025-06-12 03:57:29,861 - INFO - Face 0: Lacking_Focus (0.468) | All: [Bored:0.166, Interested:0.366, Lacking_Focus:0.468]
2025-06-12 03:57:29,862 - DEBUG - 📦 Processed frame: 1 faces, 1138.1ms
2025-06-12 03:57:30,000 - DEBUG - Image decoded successfully: (240, 320, 3)
2025-06-12 03:57:30,630 - DEBUG - Face preprocessed: shape=(224, 224, 3), range=[-93.779, 151.061]
2025-06-12 03:57:30,631 - DEBUG - Detected 1 valid faces
2025-06-12 03:57:30,638 - DEBUG - Processing batch of 1 faces, shape: (1, 224, 224, 3)
2025-06-12 03:57:30,996 - INFO - Face 0: Lacking_Focus (0.526) | All: [Bored:0.162, Interested:0.312, Lacking_Focus:0.526]
2025-06-12 03:57:30,997 - DEBUG - 📦 Processed frame: 1 faces, 997.6ms
2025-06-12 03:57:31,165 - DEBUG - Image decoded successfully: (240, 320, 3)
2025-06-12 03:57:31,904 - DEBUG - Face preprocessed: shape=(224, 224, 3), range=[-100.680, 151.061]
2025-06-12 03:57:31,905 - DEBUG - Detected 1 valid faces
2025-06-12 03:57:31,908 - DEBUG - Processing batch of 1 faces, shape: (1, 224, 224, 3)
2025-06-12 03:57:32,232 - INFO - Face 0: Lacking_Focus (0.489) | All: [Bored:0.117, Interested:0.394, Lacking_Focus:0.489]
2025-06-12 03:57:32,233 - DEBUG - 📦 Processed frame: 1 faces, 1068.6ms
2025-06-12 03:57:32,318 - DEBUG - Image decoded successfully: (240, 320, 3)
2025-06-12 03:57:32,956 - DEBUG - Face preprocessed: shape=(224, 224, 3), range=[-96.779, 150.061]
2025-06-12 03:57:32,957 - DEBUG - Detected 1 valid faces
2025-06-12 03:57:32,958 - DEBUG - Processing batch of 1 faces, shape: (1, 224, 224, 3)
2025-06-12 03:57:33,305 - INFO - Face 0: Lacking_Focus (0.504) | All: [Bored:0.143, Interested:0.353, Lacking_Focus:0.504]
2025-06-12 03:57:33,306 - DEBUG - 📦 Processed frame: 1 faces, 988.5ms
2025-06-12 03:57:33,385 - DEBUG - Image decoded successfully: (240, 320, 3)
2025-06-12 03:57:34,145 - DEBUG - Face preprocessed: shape=(224, 224, 3), range=[-102.680, 151.061]
2025-06-12 03:57:34,146 - DEBUG - Detected 1 valid faces
2025-06-12 03:57:34,149 - DEBUG - Processing batch of 1 faces, shape: (1, 224, 224, 3)
2025-06-12 03:57:34,578 - INFO - Face 0: Lacking_Focus (0.490) | All: [Bored:0.139, Interested:0.372, Lacking_Focus:0.490]
2025-06-12 03:57:34,579 - DEBUG - 📦 Processed frame: 1 faces, 1194.5ms
2025-06-12 03:57:34,659 - DEBUG - Image decoded successfully: (240, 320, 3)
2025-06-12 03:57:34,101 - DEBUG - Face preprocessed: shape=(224, 224, 3), range=[-97.779, 150.061]
2025-06-12 03:57:34,105 - DEBUG - Detected 1 valid faces
2025-06-12 03:57:34,115 - DEBUG - Processing batch of 1 faces, shape: (1, 224, 224, 3)
2025-06-12 03:57:34,698 - INFO - Face 0: Lacking_Focus (0.526) | All: [Bored:0.177, Interested:0.296, Lacking_Focus:0.526]
2025-06-12 03:57:34,701 - DEBUG - 📦 Processed frame: 1 faces, 41.9ms
2025-06-12 03:57:34,892 - DEBUG - Image decoded successfully: (240, 320, 3)
2025-06-12 03:57:35,942 - DEBUG - Face preprocessed: shape=(224, 224, 3), range=[-101.680, 147.061]
2025-06-12 03:57:35,944 - DEBUG - Detected 1 valid faces
2025-06-12 03:57:35,950 - DEBUG - Processing batch of 1 faces, shape: (1, 224, 224, 3)
2025-06-12 03:57:36,327 - INFO - Face 0: Lacking_Focus (0.506) | All: [Bored:0.129, Interested:0.365, Lacking_Focus:0.506]
2025-06-12 03:57:36,328 - DEBUG - 📦 Processed frame: 1 faces, 1437.6ms
2025-06-12 03:57:36,466 - DEBUG - Image decoded successfully: (240, 320, 3)
2025-06-12 03:57:37,354 - DEBUG - Face preprocessed: shape=(224, 224, 3), range=[-94.680, 149.061]
2025-06-12 03:57:37,354 - DEBUG - Detected 1 valid faces
2025-06-12 03:57:37,357 - DEBUG - Processing batch of 1 faces, shape: (1, 224, 224, 3)
2025-06-12 03:57:37,632 - INFO - Face 0: Lacking_Focus (0.471) | All: [Bored:0.155, Interested:0.374, Lacking_Focus:0.471]
2025-06-12 03:57:37,634 - DEBUG - 📦 Processed frame: 1 faces, 1168.4ms
2025-06-12 03:57:37,736 - DEBUG - Image decoded successfully: (240, 320, 3)
2025-06-12 03:57:38,537 - DEBUG - Face preprocessed: shape=(224, 224, 3), range=[-103.680, 149.061]
2025-06-12 03:57:38,541 - DEBUG - Detected 1 valid faces
2025-06-12 03:57:38,545 - DEBUG - Processing batch of 1 faces, shape: (1, 224, 224, 3)
2025-06-12 03:57:38,840 - INFO - Face 0: Lacking_Focus (0.537) | All: [Bored:0.145, Interested:0.318, Lacking_Focus:0.537]
2025-06-12 03:57:38,841 - DEBUG - 📦 Processed frame: 1 faces, 1106.2ms
2025-06-12 03:57:39,009 - DEBUG - Image decoded successfully: (240, 320, 3)
2025-06-12 03:57:39,638 - DEBUG - Face preprocessed: shape=(224, 224, 3), range=[-109.680, 151.061]
2025-06-12 03:57:39,640 - DEBUG - Detected 1 valid faces
2025-06-12 03:57:39,646 - DEBUG - Processing batch of 1 faces, shape: (1, 224, 224, 3)
2025-06-12 03:57:39,929 - INFO - Face 0: Lacking_Focus (0.565) | All: [Bored:0.128, Interested:0.307, Lacking_Focus:0.565]
2025-06-12 03:57:39,930 - DEBUG - 📦 Processed frame: 1 faces, 922.2ms
2025-06-12 03:57:40,065 - DEBUG - Image decoded successfully: (240, 320, 3)
2025-06-12 03:57:40,786 - DEBUG - Face preprocessed: shape=(224, 224, 3), range=[-103.680, 151.061]
2025-06-12 03:57:40,789 - DEBUG - Detected 1 valid faces
2025-06-12 03:57:40,792 - DEBUG - Processing batch of 1 faces, shape: (1, 224, 224, 3)
2025-06-12 03:57:41,174 - INFO - Face 0: Lacking_Focus (0.424) | All: [Bored:0.158, Interested:0.418, Lacking_Focus:0.424]
2025-06-12 03:57:41,176 - DEBUG - 📦 Processed frame: 1 faces, 1111.2ms
2025-06-12 03:57:41,349 - DEBUG - Image decoded successfully: (240, 320, 3)
2025-06-12 03:57:42,392 - DEBUG - Face preprocessed: shape=(224, 224, 3), range=[-96.680, 106.061]
2025-06-12 03:57:42,398 - DEBUG - Detected 1 valid faces
2025-06-12 03:57:42,409 - DEBUG - Processing batch of 1 faces, shape: (1, 224, 224, 3)
2025-06-12 03:57:42,830 - INFO - Face 0: Lacking_Focus (0.402) | All: [Bored:0.374, Interested:0.224, Lacking_Focus:0.402]
2025-06-12 03:57:42,832 - DEBUG - 📦 Processed frame: 1 faces, 1483.9ms
2025-06-12 03:57:45,763 - INFO - ❌ Client disconnected
2025-06-12 03:57:45,764 - INFO - Disconnect reason: disconnect
2025-06-12 03:58:41,980 - INFO - ✅ Face detection model initialized
2025-06-12 03:58:45,625 - INFO - Model output shape: (1, 3)
2025-06-12 03:58:45,626 - INFO - Expected classes: 3
2025-06-12 03:58:45,626 - INFO - Model output classes: 3
2025-06-12 03:58:45,627 - INFO - Test output sum: 1.0000
2025-06-12 03:58:45,627 - INFO - Model appears to output categorical probabilities (softmax)
2025-06-12 03:58:45,628 - INFO - ✅ Emotion model loaded and validated: /app/apps/models/emotion_recognition_model.keras
2025-06-12 03:58:45,628 - INFO - ✅ Using emotion labels: ['Bored', 'Interested', 'Lacking_Focus']
2025-06-12 03:58:54,163 - INFO - ✅ Face detection model initialized
2025-06-12 03:58:58,898 - INFO - Model output shape: (1, 3)
2025-06-12 03:58:58,899 - INFO - Expected classes: 3
2025-06-12 03:58:58,900 - INFO - Model output classes: 3
2025-06-12 03:58:58,901 - INFO - Test output sum: 1.0000
2025-06-12 03:58:58,901 - INFO - Model appears to output categorical probabilities (softmax)
2025-06-12 03:58:58,902 - INFO - ✅ Emotion model loaded and validated: /app/apps/models/emotion_recognition_model.keras
2025-06-12 03:58:58,902 - INFO - ✅ Using emotion labels: ['Bored', 'Interested', 'Lacking_Focus']
2025-06-12 03:59:08,317 - INFO - ✅ Face detection model initialized
2025-06-12 03:59:11,842 - INFO - Model output shape: (1, 3)
2025-06-12 03:59:11,843 - INFO - Expected classes: 3
2025-06-12 03:59:11,844 - INFO - Model output classes: 3
2025-06-12 03:59:11,845 - INFO - Test output sum: 1.0000
2025-06-12 03:59:11,845 - INFO - Model appears to output categorical probabilities (softmax)
2025-06-12 03:59:11,846 - INFO - ✅ Emotion model loaded and validated: /app/apps/models/emotion_recognition_model.keras
2025-06-12 03:59:11,846 - INFO - ✅ Using emotion labels: ['Bored', 'Interested', 'Lacking_Focus']
2025-06-12 03:59:25,914 - INFO - ✅ Client connected
2025-06-12 03:59:28,419 - DEBUG - Image decoded successfully: (240, 320, 3)
2025-06-12 03:59:27,745 - DEBUG - Face preprocessed: shape=(224, 224, 3), range=[-93.779, 151.061]
2025-06-12 03:59:27,746 - DEBUG - Detected 1 valid faces
2025-06-12 03:59:27,752 - DEBUG - Processing batch of 1 faces, shape: (1, 224, 224, 3)
2025-06-12 03:59:28,130 - INFO - Face 0: Bored (0.388) | All: [Bored:0.388, Interested:0.310, Lacking_Focus:0.303]
2025-06-12 03:59:28,131 - DEBUG - 📦 Processed frame: 1 faces, -284.9ms
2025-06-12 03:59:28,325 - DEBUG - Image decoded successfully: (240, 320, 3)
2025-06-12 03:59:29,249 - DEBUG - Face preprocessed: shape=(224, 224, 3), range=[-96.779, 141.061]
2025-06-12 03:59:29,250 - DEBUG - Detected 1 valid faces
2025-06-12 03:59:29,256 - DEBUG - Processing batch of 1 faces, shape: (1, 224, 224, 3)
2025-06-12 03:59:29,522 - INFO - Face 0: Lacking_Focus (0.533) | All: [Bored:0.187, Interested:0.279, Lacking_Focus:0.533]
2025-06-12 03:59:29,523 - DEBUG - 📦 Processed frame: 1 faces, 1198.2ms
2025-06-12 03:59:29,660 - DEBUG - Image decoded successfully: (240, 320, 3)
2025-06-12 03:59:30,496 - DEBUG - Face preprocessed: shape=(224, 224, 3), range=[-93.779, 143.061]
2025-06-12 03:59:30,498 - DEBUG - Detected 1 valid faces
2025-06-12 03:59:30,502 - DEBUG - Processing batch of 1 faces, shape: (1, 224, 224, 3)
2025-06-12 03:59:30,806 - INFO - Face 0: Lacking_Focus (0.591) | All: [Bored:0.210, Interested:0.200, Lacking_Focus:0.591]
2025-06-12 03:59:30,807 - DEBUG - 📦 Processed frame: 1 faces, 1146.7ms
2025-06-12 03:59:30,935 - DEBUG - Image decoded successfully: (240, 320, 3)
2025-06-12 03:59:31,769 - DEBUG - Face preprocessed: shape=(224, 224, 3), range=[-92.779, 149.061]
2025-06-12 03:59:31,769 - DEBUG - Detected 1 valid faces
2025-06-12 03:59:31,771 - DEBUG - Processing batch of 1 faces, shape: (1, 224, 224, 3)
2025-06-12 03:59:32,076 - INFO - Face 0: Lacking_Focus (0.580) | All: [Bored:0.265, Interested:0.155, Lacking_Focus:0.580]
2025-06-12 03:59:32,078 - DEBUG - 📦 Processed frame: 1 faces, 1143.4ms
2025-06-12 03:59:32,205 - DEBUG - Image decoded successfully: (240, 320, 3)
2025-06-12 03:59:33,089 - DEBUG - Face preprocessed: shape=(224, 224, 3), range=[-96.779, 144.061]
2025-06-12 03:59:33,092 - DEBUG - Detected 1 valid faces
2025-06-12 03:59:33,102 - DEBUG - Processing batch of 1 faces, shape: (1, 224, 224, 3)
2025-06-12 03:59:33,468 - INFO - Face 0: Interested (0.481) | All: [Bored:0.223, Interested:0.481, Lacking_Focus:0.296]
2025-06-12 03:59:33,470 - DEBUG - 📦 Processed frame: 1 faces, 1265.3ms
2025-06-12 03:59:33,585 - DEBUG - Image decoded successfully: (240, 320, 3)
2025-06-12 03:59:34,496 - DEBUG - Face preprocessed: shape=(224, 224, 3), range=[-91.680, 150.061]
2025-06-12 03:59:34,501 - DEBUG - Detected 1 valid faces
2025-06-12 03:59:34,510 - DEBUG - Processing batch of 1 faces, shape: (1, 224, 224, 3)
2025-06-12 03:59:35,170 - INFO - Face 0: Lacking_Focus (0.465) | All: [Bored:0.306, Interested:0.228, Lacking_Focus:0.465]
2025-06-12 03:59:35,174 - DEBUG - 📦 Processed frame: 1 faces, 1588.7ms
2025-06-12 03:59:35,419 - DEBUG - Image decoded successfully: (240, 320, 3)
2025-06-12 03:59:36,608 - DEBUG - Face preprocessed: shape=(224, 224, 3), range=[-96.680, 151.061]
2025-06-12 03:59:36,611 - DEBUG - Detected 1 valid faces
2025-06-12 03:59:36,620 - DEBUG - Processing batch of 1 faces, shape: (1, 224, 224, 3)
2025-06-12 03:59:37,161 - INFO - Face 0: Bored (0.474) | All: [Bored:0.474, Interested:0.220, Lacking_Focus:0.305]
2025-06-12 03:59:37,162 - DEBUG - 📦 Processed frame: 1 faces, 1744.3ms
2025-06-12 03:59:37,300 - DEBUG - Image decoded successfully: (240, 320, 3)
2025-06-12 03:59:38,069 - DEBUG - Face preprocessed: shape=(224, 224, 3), range=[-92.779, 145.061]
2025-06-12 03:59:38,071 - DEBUG - Detected 1 valid faces
2025-06-12 03:59:38,072 - DEBUG - Processing batch of 1 faces, shape: (1, 224, 224, 3)
2025-06-12 03:59:38,404 - INFO - Face 0: Lacking_Focus (0.427) | All: [Bored:0.339, Interested:0.233, Lacking_Focus:0.427]
2025-06-12 03:59:38,405 - DEBUG - 📦 Processed frame: 1 faces, 1105.4ms
2025-06-12 03:59:38,557 - DEBUG - Image decoded successfully: (240, 320, 3)
2025-06-12 03:59:39,405 - DEBUG - Face preprocessed: shape=(224, 224, 3), range=[-98.779, 147.061]
2025-06-12 03:59:39,406 - DEBUG - Detected 1 valid faces
2025-06-12 03:59:39,409 - DEBUG - Processing batch of 1 faces, shape: (1, 224, 224, 3)
2025-06-12 03:59:39,673 - INFO - Face 0: Interested (0.351) | All: [Bored:0.308, Interested:0.351, Lacking_Focus:0.341]
2025-06-12 03:59:39,674 - DEBUG - 📦 Processed frame: 1 faces, 1117.5ms
2025-06-12 03:59:39,837 - DEBUG - Image decoded successfully: (240, 320, 3)
2025-06-12 03:59:40,655 - DEBUG - Face preprocessed: shape=(224, 224, 3), range=[-94.680, 145.061]
2025-06-12 03:59:40,657 - DEBUG - Detected 1 valid faces
2025-06-12 03:59:40,668 - DEBUG - Processing batch of 1 faces, shape: (1, 224, 224, 3)
2025-06-12 03:59:40,995 - INFO - Face 0: Lacking_Focus (0.825) | All: [Bored:0.037, Interested:0.138, Lacking_Focus:0.825]
2025-06-12 03:59:40,997 - DEBUG - 📦 Processed frame: 1 faces, 1160.0ms
2025-06-12 03:59:41,101 - DEBUG - Image decoded successfully: (240, 320, 3)
2025-06-12 03:59:41,870 - DEBUG - Face preprocessed: shape=(224, 224, 3), range=[-94.680, 145.061]
2025-06-12 03:59:41,872 - DEBUG - Detected 1 valid faces
2025-06-12 03:59:41,874 - DEBUG - Processing batch of 1 faces, shape: (1, 224, 224, 3)
2025-06-12 03:59:42,143 - INFO - Face 0: Lacking_Focus (0.874) | All: [Bored:0.082, Interested:0.044, Lacking_Focus:0.874]
2025-06-12 03:59:42,144 - DEBUG - 📦 Processed frame: 1 faces, 1044.1ms
2025-06-12 03:59:42,266 - DEBUG - Image decoded successfully: (240, 320, 3)
2025-06-12 03:59:43,013 - DEBUG - Face preprocessed: shape=(224, 224, 3), range=[-99.680, 147.061]
2025-06-12 03:59:43,015 - DEBUG - Detected 1 valid faces
2025-06-12 03:59:43,020 - DEBUG - Processing batch of 1 faces, shape: (1, 224, 224, 3)
2025-06-12 03:59:43,351 - INFO - Face 0: Lacking_Focus (0.778) | All: [Bored:0.063, Interested:0.159, Lacking_Focus:0.778]
2025-06-12 03:59:43,352 - DEBUG - 📦 Processed frame: 1 faces, 1086.9ms
2025-06-12 03:59:43,532 - DEBUG - Image decoded successfully: (240, 320, 3)
2025-06-12 03:59:44,213 - DEBUG - Face preprocessed: shape=(224, 224, 3), range=[-94.680, 145.061]
2025-06-12 03:59:44,214 - DEBUG - Detected 1 valid faces
2025-06-12 03:59:44,216 - DEBUG - Processing batch of 1 faces, shape: (1, 224, 224, 3)
2025-06-12 03:59:44,491 - INFO - Face 0: Lacking_Focus (0.710) | All: [Bored:0.184, Interested:0.106, Lacking_Focus:0.710]
2025-06-12 03:59:44,492 - DEBUG - 📦 Processed frame: 1 faces, 959.9ms
2025-06-12 03:59:44,597 - DEBUG - Image decoded successfully: (240, 320, 3)
2025-06-12 03:59:45,455 - DEBUG - Face preprocessed: shape=(224, 224, 3), range=[-102.680, 140.061]
2025-06-12 03:59:45,457 - DEBUG - Detected 1 valid faces
2025-06-12 03:59:45,459 - DEBUG - Processing batch of 1 faces, shape: (1, 224, 224, 3)
2025-06-12 03:59:45,941 - INFO - Face 0: Lacking_Focus (0.487) | All: [Bored:0.281, Interested:0.232, Lacking_Focus:0.487]
2025-06-12 03:59:45,942 - DEBUG - 📦 Processed frame: 1 faces, 1345.1ms
2025-06-12 03:59:46,081 - DEBUG - Image decoded successfully: (240, 320, 3)
2025-06-12 03:59:46,865 - DEBUG - Face preprocessed: shape=(224, 224, 3), range=[-99.779, 142.061]
2025-06-12 03:59:46,868 - DEBUG - Detected 1 valid faces
2025-06-12 03:59:46,874 - DEBUG - Processing batch of 1 faces, shape: (1, 224, 224, 3)
2025-06-12 03:59:47,195 - INFO - Face 0: Lacking_Focus (0.432) | All: [Bored:0.340, Interested:0.228, Lacking_Focus:0.432]
2025-06-12 03:59:47,196 - DEBUG - 📦 Processed frame: 1 faces, 1115.6ms
2025-06-12 03:59:47,356 - DEBUG - Image decoded successfully: (240, 320, 3)
2025-06-12 03:59:48,234 - DEBUG - Face preprocessed: shape=(224, 224, 3), range=[-97.779, 145.061]
2025-06-12 03:59:48,236 - DEBUG - Detected 1 valid faces
2025-06-12 03:59:48,241 - DEBUG - Processing batch of 1 faces, shape: (1, 224, 224, 3)
2025-06-12 03:59:48,591 - INFO - Face 0: Lacking_Focus (0.732) | All: [Bored:0.186, Interested:0.083, Lacking_Focus:0.732]
2025-06-12 03:59:48,592 - DEBUG - 📦 Processed frame: 1 faces, 1236.2ms
2025-06-12 03:59:48,725 - DEBUG - Image decoded successfully: (240, 320, 3)
2025-06-12 03:59:49,510 - DEBUG - Face preprocessed: shape=(224, 224, 3), range=[-97.779, 149.061]
2025-06-12 03:59:49,511 - DEBUG - Detected 1 valid faces
2025-06-12 03:59:49,515 - DEBUG - Processing batch of 1 faces, shape: (1, 224, 224, 3)
2025-06-12 03:59:49,810 - INFO - Face 0: Lacking_Focus (0.751) | All: [Bored:0.150, Interested:0.099, Lacking_Focus:0.751]
2025-06-12 03:59:49,811 - DEBUG - 📦 Processed frame: 1 faces, 1086.3ms
2025-06-12 03:59:49,894 - DEBUG - Image decoded successfully: (240, 320, 3)
2025-06-12 03:59:50,756 - DEBUG - Face preprocessed: shape=(224, 224, 3), range=[-98.779, 147.061]
2025-06-12 03:59:50,758 - DEBUG - Detected 1 valid faces
2025-06-12 03:59:50,764 - DEBUG - Processing batch of 1 faces, shape: (1, 224, 224, 3)
2025-06-12 03:59:51,164 - INFO - Face 0: Lacking_Focus (0.731) | All: [Bored:0.174, Interested:0.094, Lacking_Focus:0.731]
2025-06-12 03:59:51,165 - DEBUG - 📦 Processed frame: 1 faces, 1271.8ms
2025-06-12 03:59:51,271 - DEBUG - Image decoded successfully: (240, 320, 3)
2025-06-12 03:59:52,213 - DEBUG - Face preprocessed: shape=(224, 224, 3), range=[-92.680, 144.061]
2025-06-12 03:59:52,214 - DEBUG - Detected 1 valid faces
2025-06-12 03:59:52,217 - DEBUG - Processing batch of 1 faces, shape: (1, 224, 224, 3)
2025-06-12 03:59:52,590 - INFO - Face 0: Lacking_Focus (0.577) | All: [Bored:0.282, Interested:0.141, Lacking_Focus:0.577]
2025-06-12 03:59:52,591 - DEBUG - 📦 Processed frame: 1 faces, 1320.7ms
2025-06-12 03:59:52,762 - DEBUG - Image decoded successfully: (240, 320, 3)
2025-06-12 03:59:53,651 - DEBUG - Face preprocessed: shape=(224, 224, 3), range=[-95.680, 148.061]
2025-06-12 03:59:53,654 - DEBUG - Detected 1 valid faces
2025-06-12 03:59:53,666 - DEBUG - Processing batch of 1 faces, shape: (1, 224, 224, 3)
2025-06-12 03:59:53,993 - INFO - Face 0: Lacking_Focus (0.424) | All: [Bored:0.420, Interested:0.156, Lacking_Focus:0.424]
2025-06-12 03:59:53,994 - DEBUG - 📦 Processed frame: 1 faces, 1232.9ms
2025-06-12 03:59:54,136 - DEBUG - Image decoded successfully: (240, 320, 3)
2025-06-12 03:59:55,120 - DEBUG - Face preprocessed: shape=(224, 224, 3), range=[-96.680, 148.061]
2025-06-12 03:59:55,123 - DEBUG - Detected 1 valid faces
2025-06-12 03:59:55,131 - DEBUG - Processing batch of 1 faces, shape: (1, 224, 224, 3)
2025-06-12 03:59:55,578 - INFO - Face 0: Lacking_Focus (0.572) | All: [Bored:0.302, Interested:0.127, Lacking_Focus:0.572]
2025-06-12 03:59:55,580 - DEBUG - 📦 Processed frame: 1 faces, 1444.3ms
2025-06-12 03:59:55,746 - DEBUG - Image decoded successfully: (240, 320, 3)
2025-06-12 03:59:56,738 - DEBUG - Face preprocessed: shape=(224, 224, 3), range=[-97.779, 145.061]
2025-06-12 03:59:56,739 - DEBUG - Detected 1 valid faces
2025-06-12 03:59:56,741 - DEBUG - Processing batch of 1 faces, shape: (1, 224, 224, 3)
2025-06-12 03:59:56,434 - INFO - Face 0: Lacking_Focus (0.657) | All: [Bored:0.191, Interested:0.152, Lacking_Focus:0.657]
2025-06-12 03:59:56,437 - DEBUG - 📦 Processed frame: 1 faces, 692.5ms
2025-06-12 03:59:55,681 - DEBUG - Image decoded successfully: (240, 320, 3)
2025-06-12 03:59:57,153 - DEBUG - Face preprocessed: shape=(224, 224, 3), range=[-97.680, 147.061]
2025-06-12 03:59:57,167 - DEBUG - Detected 1 valid faces
2025-06-12 03:59:57,176 - DEBUG - Processing batch of 1 faces, shape: (1, 224, 224, 3)
2025-06-12 03:59:57,865 - INFO - Face 0: Lacking_Focus (0.715) | All: [Bored:0.172, Interested:0.112, Lacking_Focus:0.715]
2025-06-12 03:59:57,869 - DEBUG - 📦 Processed frame: 1 faces, 2189.3ms
2025-06-12 03:59:58,304 - DEBUG - Image decoded successfully: (240, 320, 3)
2025-06-12 03:59:59,611 - DEBUG - Face preprocessed: shape=(224, 224, 3), range=[-100.779, 148.061]
2025-06-12 03:59:59,614 - DEBUG - Detected 1 valid faces
2025-06-12 03:59:59,627 - DEBUG - Processing batch of 1 faces, shape: (1, 224, 224, 3)
2025-06-12 04:00:00,190 - INFO - Face 0: Lacking_Focus (0.525) | All: [Bored:0.383, Interested:0.092, Lacking_Focus:0.525]
2025-06-12 04:00:00,193 - DEBUG - 📦 Processed frame: 1 faces, 1891.7ms
2025-06-12 04:00:00,434 - DEBUG - Image decoded successfully: (240, 320, 3)
2025-06-12 04:00:01,620 - DEBUG - Face preprocessed: shape=(224, 224, 3), range=[-95.680, 151.061]
2025-06-12 04:00:01,628 - DEBUG - Detected 1 valid faces
2025-06-12 04:00:01,637 - DEBUG - Processing batch of 1 faces, shape: (1, 224, 224, 3)
2025-06-12 04:00:02,421 - INFO - Face 0: Bored (0.490) | All: [Bored:0.490, Interested:0.064, Lacking_Focus:0.447]
2025-06-12 04:00:02,423 - DEBUG - 📦 Processed frame: 1 faces, 1990.9ms
2025-06-12 04:00:02,616 - DEBUG - Image decoded successfully: (240, 320, 3)
2025-06-12 04:00:03,932 - DEBUG - Face preprocessed: shape=(224, 224, 3), range=[-94.680, 147.061]
2025-06-12 04:00:03,933 - DEBUG - Detected 1 valid faces
2025-06-12 04:00:03,941 - DEBUG - Processing batch of 1 faces, shape: (1, 224, 224, 3)
2025-06-12 04:00:04,535 - INFO - Face 0: Lacking_Focus (0.449) | All: [Bored:0.280, Interested:0.271, Lacking_Focus:0.449]
2025-06-12 04:00:04,536 - DEBUG - 📦 Processed frame: 1 faces, 1920.8ms
2025-06-12 04:00:04,657 - DEBUG - Image decoded successfully: (240, 320, 3)
2025-06-12 04:00:05,922 - DEBUG - Face preprocessed: shape=(224, 224, 3), range=[-96.680, 147.061]
2025-06-12 04:00:05,923 - DEBUG - Detected 1 valid faces
2025-06-12 04:00:05,926 - DEBUG - Processing batch of 1 faces, shape: (1, 224, 224, 3)
2025-06-12 04:00:06,482 - INFO - Face 0: Lacking_Focus (0.690) | All: [Bored:0.217, Interested:0.092, Lacking_Focus:0.690]
2025-06-12 04:00:06,483 - DEBUG - 📦 Processed frame: 1 faces, 1826.9ms
2025-06-12 04:00:06,572 - DEBUG - Image decoded successfully: (240, 320, 3)
2025-06-12 04:00:07,555 - DEBUG - Face preprocessed: shape=(224, 224, 3), range=[-95.680, 151.061]
2025-06-12 04:00:07,556 - DEBUG - Detected 1 valid faces
2025-06-12 04:00:07,564 - DEBUG - Processing batch of 1 faces, shape: (1, 224, 224, 3)
2025-06-12 04:00:08,072 - INFO - Face 0: Bored (0.615) | All: [Bored:0.615, Interested:0.184, Lacking_Focus:0.202]
2025-06-12 04:00:08,073 - DEBUG - 📦 Processed frame: 1 faces, 1501.3ms
2025-06-12 04:00:08,142 - DEBUG - Image decoded successfully: (240, 320, 3)
2025-06-12 04:00:09,217 - DEBUG - Face preprocessed: shape=(224, 224, 3), range=[-94.680, 151.061]
2025-06-12 04:00:09,218 - DEBUG - Detected 1 valid faces
2025-06-12 04:00:09,224 - DEBUG - Processing batch of 1 faces, shape: (1, 224, 224, 3)
2025-06-12 04:00:09,553 - INFO - Face 0: Lacking_Focus (0.465) | All: [Bored:0.290, Interested:0.246, Lacking_Focus:0.465]
2025-06-12 04:00:09,554 - DEBUG - 📦 Processed frame: 1 faces, 1412.7ms
2025-06-12 04:00:09,619 - DEBUG - Image decoded successfully: (240, 320, 3)
2025-06-12 04:00:10,665 - DEBUG - Face preprocessed: shape=(224, 224, 3), range=[-95.779, 151.061]
2025-06-12 04:00:10,667 - DEBUG - Detected 1 valid faces
2025-06-12 04:00:10,676 - DEBUG - Processing batch of 1 faces, shape: (1, 224, 224, 3)
2025-06-12 04:00:10,981 - INFO - Face 0: Lacking_Focus (0.436) | All: [Bored:0.419, Interested:0.145, Lacking_Focus:0.436]
2025-06-12 04:00:10,983 - DEBUG - 📦 Processed frame: 1 faces, 1364.5ms
2025-06-12 04:00:11,074 - DEBUG - Image decoded successfully: (240, 320, 3)
2025-06-12 04:00:11,932 - DEBUG - Face preprocessed: shape=(224, 224, 3), range=[-99.779, 148.061]
2025-06-12 04:00:11,934 - DEBUG - Detected 1 valid faces
2025-06-12 04:00:11,937 - DEBUG - Processing batch of 1 faces, shape: (1, 224, 224, 3)
2025-06-12 04:00:12,298 - INFO - Face 0: Bored (0.501) | All: [Bored:0.501, Interested:0.136, Lacking_Focus:0.362]
2025-06-12 04:00:12,299 - DEBUG - 📦 Processed frame: 1 faces, 1225.6ms
2025-06-12 04:00:12,367 - DEBUG - Image decoded successfully: (240, 320, 3)
2025-06-12 04:00:13,486 - DEBUG - Face preprocessed: shape=(224, 224, 3), range=[-104.779, 148.061]
2025-06-12 04:00:13,487 - DEBUG - Detected 1 valid faces
2025-06-12 04:00:13,493 - DEBUG - Processing batch of 1 faces, shape: (1, 224, 224, 3)
2025-06-12 04:00:13,772 - INFO - Face 0: Bored (0.456) | All: [Bored:0.456, Interested:0.273, Lacking_Focus:0.271]
2025-06-12 04:00:13,773 - DEBUG - 📦 Processed frame: 1 faces, 1406.4ms
2025-06-12 04:00:13,836 - DEBUG - Image decoded successfully: (240, 320, 3)
2025-06-12 04:00:14,689 - DEBUG - Face preprocessed: shape=(224, 224, 3), range=[-103.779, 149.061]
2025-06-12 04:00:14,690 - DEBUG - Detected 1 valid faces
2025-06-12 04:00:14,691 - DEBUG - Processing batch of 1 faces, shape: (1, 224, 224, 3)
2025-06-12 04:00:14,952 - INFO - Face 0: Lacking_Focus (0.477) | All: [Bored:0.182, Interested:0.341, Lacking_Focus:0.477]
2025-06-12 04:00:14,953 - DEBUG - 📦 Processed frame: 1 faces, 1117.4ms
2025-06-12 04:00:15,009 - DEBUG - Image decoded successfully: (240, 320, 3)
2025-06-12 04:00:15,834 - DEBUG - Face preprocessed: shape=(224, 224, 3), range=[-98.779, 151.061]
2025-06-12 04:00:15,835 - DEBUG - Detected 1 valid faces
2025-06-12 04:00:15,841 - DEBUG - Processing batch of 1 faces, shape: (1, 224, 224, 3)
2025-06-12 04:00:16,140 - INFO - Face 0: Bored (0.441) | All: [Bored:0.441, Interested:0.300, Lacking_Focus:0.259]
2025-06-12 04:00:16,141 - DEBUG - 📦 Processed frame: 1 faces, 1132.3ms
2025-06-12 04:00:16,200 - DEBUG - Image decoded successfully: (240, 320, 3)
2025-06-12 04:00:17,319 - DEBUG - Face preprocessed: shape=(224, 224, 3), range=[-106.779, 151.061]
2025-06-12 04:00:17,323 - DEBUG - Detected 1 valid faces
2025-06-12 04:00:17,329 - DEBUG - Processing batch of 1 faces, shape: (1, 224, 224, 3)
2025-06-12 04:00:17,732 - INFO - Face 0: Interested (0.373) | All: [Bored:0.280, Interested:0.373, Lacking_Focus:0.347]
2025-06-12 04:00:17,733 - DEBUG - 📦 Processed frame: 1 faces, 1533.7ms
2025-06-12 04:00:17,801 - DEBUG - Image decoded successfully: (240, 320, 3)
2025-06-12 04:00:18,785 - DEBUG - Face preprocessed: shape=(224, 224, 3), range=[-105.779, 151.061]
2025-06-12 04:00:18,787 - DEBUG - Detected 1 valid faces
2025-06-12 04:00:18,791 - DEBUG - Processing batch of 1 faces, shape: (1, 224, 224, 3)
2025-06-12 04:00:19,136 - INFO - Face 0: Bored (0.418) | All: [Bored:0.418, Interested:0.293, Lacking_Focus:0.288]
2025-06-12 04:00:19,137 - DEBUG - 📦 Processed frame: 1 faces, 1336.2ms
2025-06-12 04:00:19,197 - DEBUG - Image decoded successfully: (240, 320, 3)
2025-06-12 04:00:20,198 - DEBUG - Face preprocessed: shape=(224, 224, 3), range=[-98.779, 151.061]
2025-06-12 04:00:20,199 - DEBUG - Detected 1 valid faces
2025-06-12 04:00:20,204 - DEBUG - Processing batch of 1 faces, shape: (1, 224, 224, 3)
2025-06-12 04:00:20,473 - INFO - Face 0: Bored (0.559) | All: [Bored:0.559, Interested:0.197, Lacking_Focus:0.245]
2025-06-12 04:00:20,474 - DEBUG - 📦 Processed frame: 1 faces, 1277.5ms
2025-06-12 04:00:20,534 - DEBUG - Image decoded successfully: (240, 320, 3)
2025-06-12 04:00:21,491 - DEBUG - Face preprocessed: shape=(224, 224, 3), range=[-108.779, 113.061]
2025-06-12 04:00:21,492 - DEBUG - Detected 1 valid faces
2025-06-12 04:00:21,498 - DEBUG - Processing batch of 1 faces, shape: (1, 224, 224, 3)
2025-06-12 04:00:21,786 - INFO - Face 0: Lacking_Focus (0.530) | All: [Bored:0.179, Interested:0.291, Lacking_Focus:0.530]
2025-06-12 04:00:21,787 - DEBUG - 📦 Processed frame: 1 faces, 1252.9ms
2025-06-12 04:00:21,844 - DEBUG - Image decoded successfully: (240, 320, 3)
2025-06-12 04:00:22,683 - DEBUG - Face preprocessed: shape=(224, 224, 3), range=[-96.779, 147.061]
2025-06-12 04:00:22,684 - DEBUG - Detected 1 valid faces
2025-06-12 04:00:22,687 - DEBUG - Processing batch of 1 faces, shape: (1, 224, 224, 3)
2025-06-12 04:00:22,980 - INFO - Face 0: Bored (0.459) | All: [Bored:0.459, Interested:0.091, Lacking_Focus:0.450]
2025-06-12 04:00:22,981 - DEBUG - 📦 Processed frame: 1 faces, 1137.8ms
2025-06-12 04:00:23,038 - DEBUG - Image decoded successfully: (240, 320, 3)
2025-06-12 04:00:23,925 - DEBUG - Face preprocessed: shape=(224, 224, 3), range=[-100.779, 127.061]
2025-06-12 04:00:23,927 - DEBUG - Detected 1 valid faces
2025-06-12 04:00:23,936 - DEBUG - Processing batch of 1 faces, shape: (1, 224, 224, 3)
2025-06-12 04:00:24,225 - INFO - Face 0: Bored (0.483) | All: [Bored:0.483, Interested:0.252, Lacking_Focus:0.264]
2025-06-12 04:00:24,226 - DEBUG - 📦 Processed frame: 1 faces, 1188.5ms
2025-06-12 04:00:24,297 - DEBUG - Image decoded successfully: (240, 320, 3)
2025-06-12 04:00:25,044 - DEBUG - Face preprocessed: shape=(224, 224, 3), range=[-99.680, 123.061]
2025-06-12 04:00:25,046 - DEBUG - Detected 1 valid faces
2025-06-12 04:00:25,050 - DEBUG - Processing batch of 1 faces, shape: (1, 224, 224, 3)
2025-06-12 04:00:25,359 - INFO - Face 0: Bored (0.658) | All: [Bored:0.658, Interested:0.264, Lacking_Focus:0.078]
2025-06-12 04:00:25,360 - DEBUG - 📦 Processed frame: 1 faces, 1063.1ms
2025-06-12 04:00:25,368 - INFO - ❌ Client disconnected
2025-06-12 04:00:25,369 - INFO - Disconnect reason: disconnect
2025-06-12 04:00:25,431 - INFO - ✅ Client connected
2025-06-12 04:00:24,852 - DEBUG - Image decoded successfully: (240, 320, 3)
2025-06-12 04:00:25,800 - DEBUG - Face preprocessed: shape=(224, 224, 3), range=[-102.680, 122.061]
2025-06-12 04:00:25,802 - DEBUG - Detected 1 valid faces
2025-06-12 04:00:25,809 - DEBUG - Processing batch of 1 faces, shape: (1, 224, 224, 3)
2025-06-12 04:00:26,301 - INFO - Face 0: Lacking_Focus (0.402) | All: [Bored:0.392, Interested:0.205, Lacking_Focus:0.402]
2025-06-12 04:00:26,303 - DEBUG - 📦 Processed frame: 1 faces, 1450.9ms
2025-06-12 04:00:26,440 - DEBUG - Image decoded successfully: (240, 320, 3)
2025-06-12 04:00:27,496 - DEBUG - Face preprocessed: shape=(224, 224, 3), range=[-105.779, 119.061]
2025-06-12 04:00:27,499 - DEBUG - Detected 1 valid faces
2025-06-12 04:00:27,507 - DEBUG - Processing batch of 1 faces, shape: (1, 224, 224, 3)
2025-06-12 04:00:27,829 - INFO - Face 0: Bored (0.485) | All: [Bored:0.485, Interested:0.221, Lacking_Focus:0.294]
2025-06-12 04:00:27,830 - DEBUG - 📦 Processed frame: 1 faces, 1390.1ms
2025-06-12 04:00:27,924 - DEBUG - Image decoded successfully: (240, 320, 3)
2025-06-12 04:00:28,825 - DEBUG - Face preprocessed: shape=(224, 224, 3), range=[-96.680, 126.061]
2025-06-12 04:00:28,827 - DEBUG - Detected 1 valid faces
2025-06-12 04:00:28,834 - DEBUG - Processing batch of 1 faces, shape: (1, 224, 224, 3)
2025-06-12 04:00:29,249 - INFO - Face 0: Bored (0.875) | All: [Bored:0.875, Interested:0.097, Lacking_Focus:0.027]
2025-06-12 04:00:29,251 - DEBUG - 📦 Processed frame: 1 faces, 1327.3ms
2025-06-12 04:00:29,506 - DEBUG - Image decoded successfully: (240, 320, 3)
2025-06-12 04:00:30,447 - DEBUG - Face preprocessed: shape=(224, 224, 3), range=[-113.779, 126.061]
2025-06-12 04:00:30,448 - DEBUG - Detected 1 valid faces
2025-06-12 04:00:30,450 - DEBUG - Processing batch of 1 faces, shape: (1, 224, 224, 3)
2025-06-12 04:00:30,785 - INFO - Face 0: Bored (0.502) | All: [Bored:0.502, Interested:0.261, Lacking_Focus:0.237]
2025-06-12 04:00:30,786 - DEBUG - 📦 Processed frame: 1 faces, 1280.8ms
2025-06-12 04:00:30,880 - DEBUG - Image decoded successfully: (240, 320, 3)
2025-06-12 04:00:31,820 - DEBUG - Face preprocessed: shape=(224, 224, 3), range=[-99.779, 128.061]
2025-06-12 04:00:31,827 - DEBUG - Detected 1 valid faces
2025-06-12 04:00:31,836 - DEBUG - Processing batch of 1 faces, shape: (1, 224, 224, 3)
2025-06-12 04:00:32,268 - INFO - Face 0: Bored (0.498) | All: [Bored:0.498, Interested:0.318, Lacking_Focus:0.184]
2025-06-12 04:00:32,269 - DEBUG - 📦 Processed frame: 1 faces, 1389.4ms
2025-06-12 04:00:32,377 - DEBUG - Image decoded successfully: (240, 320, 3)
2025-06-12 04:00:33,433 - DEBUG - Face preprocessed: shape=(224, 224, 3), range=[-110.680, 130.061]
2025-06-12 04:00:33,434 - DEBUG - Detected 1 valid faces
2025-06-12 04:00:33,436 - DEBUG - Processing batch of 1 faces, shape: (1, 224, 224, 3)
2025-06-12 04:00:33,787 - INFO - Face 0: Bored (0.812) | All: [Bored:0.812, Interested:0.088, Lacking_Focus:0.099]
2025-06-12 04:00:33,788 - DEBUG - 📦 Processed frame: 1 faces, 1410.9ms
2025-06-12 04:00:33,950 - DEBUG - Image decoded successfully: (240, 320, 3)
2025-06-12 04:00:34,876 - DEBUG - Face preprocessed: shape=(224, 224, 3), range=[-99.680, 125.061]
2025-06-12 04:00:34,878 - DEBUG - Detected 1 valid faces
2025-06-12 04:00:34,887 - DEBUG - Processing batch of 1 faces, shape: (1, 224, 224, 3)
2025-06-12 04:00:35,494 - INFO - Face 0: Bored (0.631) | All: [Bored:0.631, Interested:0.251, Lacking_Focus:0.118]
2025-06-12 04:00:35,498 - DEBUG - 📦 Processed frame: 1 faces, 1547.6ms
2025-06-12 04:00:35,779 - DEBUG - Image decoded successfully: (240, 320, 3)
2025-06-12 04:00:37,076 - DEBUG - Face preprocessed: shape=(224, 224, 3), range=[-101.779, 123.061]
2025-06-12 04:00:37,080 - DEBUG - Detected 1 valid faces
2025-06-12 04:00:37,083 - DEBUG - Processing batch of 1 faces, shape: (1, 224, 224, 3)
2025-06-12 04:00:37,679 - INFO - Face 0: Bored (0.473) | All: [Bored:0.473, Interested:0.328, Lacking_Focus:0.198]
2025-06-12 04:00:37,680 - DEBUG - 📦 Processed frame: 1 faces, 1905.3ms
2025-06-12 04:00:40,079 - INFO - ❌ Client disconnected
2025-06-12 04:00:40,080 - INFO - Disconnect reason: disconnect
2025-06-12 04:01:20,423 - INFO - ✅ Face detection model initialized
2025-06-12 04:01:23,002 - INFO - Model output shape: (1, 3)
2025-06-12 04:01:23,003 - INFO - Expected classes: 3
2025-06-12 04:01:23,004 - INFO - Model output classes: 3
2025-06-12 04:01:23,004 - INFO - Test output sum: 1.0000
2025-06-12 04:01:23,005 - INFO - Model appears to output categorical probabilities (softmax)
2025-06-12 04:01:23,005 - INFO - ✅ Emotion model loaded and validated: /app/apps/models/emotion_recognition_model.keras
2025-06-12 04:01:23,006 - INFO - ✅ Using emotion labels: ['Bored', 'Interested', 'Lacking_Focus']
2025-06-12 04:01:58,008 - INFO - ✅ Client connected
2025-06-12 04:02:00,042 - DEBUG - Image decoded successfully: (240, 320, 3)
2025-06-12 04:02:01,066 - DEBUG - Face preprocessed: shape=(224, 224, 3), range=[-98.779, 146.061]
2025-06-12 04:02:01,067 - DEBUG - Detected 1 valid faces
2025-06-12 04:02:01,070 - DEBUG - Processing batch of 1 faces, shape: (1, 224, 224, 3)
2025-06-12 04:02:01,480 - INFO - Face 0: Bored (0.608) | Diff: 0.342 | All: [Bored:0.608, Interested:0.266, Lacking_Focus:0.126]
2025-06-12 04:02:01,481 - DEBUG - 📦 Processed frame: 1 faces, 1440.5ms
2025-06-12 04:02:01,690 - DEBUG - Image decoded successfully: (240, 320, 3)
2025-06-12 04:02:02,798 - DEBUG - Face preprocessed: shape=(224, 224, 3), range=[-101.680, 127.061]
2025-06-12 04:02:02,800 - DEBUG - Detected 1 valid faces
2025-06-12 04:02:02,807 - DEBUG - Processing batch of 1 faces, shape: (1, 224, 224, 3)
2025-06-12 04:02:03,128 - INFO - Face 0: Bored (0.437) | Diff: 0.077 | All: [Bored:0.437, Interested:0.204, Lacking_Focus:0.360]
2025-06-12 04:02:03,130 - DEBUG - 📦 Processed frame: 1 faces, 1440.0ms
2025-06-12 04:02:03,224 - DEBUG - Image decoded successfully: (240, 320, 3)
2025-06-12 04:02:04,130 - DEBUG - Face preprocessed: shape=(224, 224, 3), range=[-96.680, 129.061]
2025-06-12 04:02:04,132 - DEBUG - Detected 1 valid faces
2025-06-12 04:02:04,135 - DEBUG - Processing batch of 1 faces, shape: (1, 224, 224, 3)
2025-06-12 04:02:04,418 - INFO - Face 0: Lacking_Focus (0.481) | Diff: 0.194 | All: [Bored:0.287, Interested:0.231, Lacking_Focus:0.481]
2025-06-12 04:02:04,419 - DEBUG - 📦 Processed frame: 1 faces, 1195.3ms
2025-06-12 04:02:04,605 - DEBUG - Image decoded successfully: (240, 320, 3)
2025-06-12 04:02:05,489 - DEBUG - Face preprocessed: shape=(224, 224, 3), range=[-107.779, 118.320]
2025-06-12 04:02:05,490 - DEBUG - Detected 1 valid faces
2025-06-12 04:02:05,492 - DEBUG - Processing batch of 1 faces, shape: (1, 224, 224, 3)
2025-06-12 04:02:05,812 - INFO - Face 0: Interested (0.435) | Diff: 0.052 | All: [Bored:0.382, Interested:0.435, Lacking_Focus:0.183]
2025-06-12 04:02:05,813 - DEBUG - 📦 Processed frame: 1 faces, 1208.3ms
2025-06-12 04:02:05,972 - DEBUG - Image decoded successfully: (240, 320, 3)
2025-06-12 04:02:06,753 - DEBUG - Face preprocessed: shape=(224, 224, 3), range=[-98.680, 120.320]
2025-06-12 04:02:06,755 - DEBUG - Detected 1 valid faces
2025-06-12 04:02:06,757 - DEBUG - Processing batch of 1 faces, shape: (1, 224, 224, 3)
2025-06-12 04:02:07,051 - INFO - Face 0: Interested (0.523) | Diff: 0.247 | All: [Bored:0.201, Interested:0.523, Lacking_Focus:0.276]
2025-06-12 04:02:07,052 - DEBUG - 📦 Processed frame: 1 faces, 1080.0ms
2025-06-12 04:02:07,144 - DEBUG - Image decoded successfully: (240, 320, 3)
2025-06-12 04:02:08,042 - DEBUG - Face preprocessed: shape=(224, 224, 3), range=[-98.779, 112.320]
2025-06-12 04:02:08,045 - DEBUG - Detected 1 valid faces
2025-06-12 04:02:08,051 - DEBUG - Processing batch of 1 faces, shape: (1, 224, 224, 3)
2025-06-12 04:02:08,421 - INFO - Face 0: Bored (0.427) | Diff: 0.136 | All: [Bored:0.427, Interested:0.292, Lacking_Focus:0.281]
2025-06-12 04:02:08,422 - DEBUG - 📦 Processed frame: 1 faces, 1278.4ms
2025-06-12 04:02:08,515 - DEBUG - Image decoded successfully: (240, 320, 3)
2025-06-12 04:02:09,305 - DEBUG - Face preprocessed: shape=(224, 224, 3), range=[-100.680, 116.320]
2025-06-12 04:02:09,305 - DEBUG - Detected 1 valid faces
2025-06-12 04:02:09,307 - DEBUG - Processing batch of 1 faces, shape: (1, 224, 224, 3)
2025-06-12 04:02:09,592 - INFO - Face 0: Interested (0.418) | Diff: 0.055 | All: [Bored:0.363, Interested:0.418, Lacking_Focus:0.219]
2025-06-12 04:02:09,593 - DEBUG - 📦 Processed frame: 1 faces, 1078.0ms
2025-06-12 04:02:09,679 - DEBUG - Image decoded successfully: (240, 320, 3)
2025-06-12 04:02:10,564 - DEBUG - Face preprocessed: shape=(224, 224, 3), range=[-96.779, 119.320]
2025-06-12 04:02:10,565 - DEBUG - Detected 1 valid faces
2025-06-12 04:02:10,566 - DEBUG - Processing batch of 1 faces, shape: (1, 224, 224, 3)
2025-06-12 04:02:10,896 - INFO - Face 0: Interested (0.456) | Diff: 0.172 | All: [Bored:0.284, Interested:0.456, Lacking_Focus:0.260]
2025-06-12 04:02:10,898 - DEBUG - 📦 Processed frame: 1 faces, 1219.0ms
2025-06-12 04:02:11,063 - DEBUG - Image decoded successfully: (240, 320, 3)
2025-06-12 04:02:11,999 - DEBUG - Face preprocessed: shape=(224, 224, 3), range=[-101.680, 114.320]
2025-06-12 04:02:12,001 - DEBUG - Detected 1 valid faces
2025-06-12 04:02:12,004 - DEBUG - Processing batch of 1 faces, shape: (1, 224, 224, 3)
2025-06-12 04:02:12,285 - INFO - Face 0: Bored (0.519) | Diff: 0.139 | All: [Bored:0.519, Interested:0.381, Lacking_Focus:0.100]
2025-06-12 04:02:12,286 - DEBUG - 📦 Processed frame: 1 faces, 1222.8ms
2025-06-12 04:02:12,438 - DEBUG - Image decoded successfully: (240, 320, 3)
2025-06-12 04:02:13,505 - DEBUG - Face preprocessed: shape=(224, 224, 3), range=[-98.779, 119.320]
2025-06-12 04:02:13,506 - DEBUG - Detected 1 valid faces
2025-06-12 04:02:13,509 - DEBUG - Processing batch of 1 faces, shape: (1, 224, 224, 3)
2025-06-12 04:02:13,838 - INFO - Face 0: Interested (0.423) | Diff: 0.051 | All: [Bored:0.372, Interested:0.423, Lacking_Focus:0.205]
2025-06-12 04:02:13,839 - DEBUG - 📦 Processed frame: 1 faces, 1401.5ms
2025-06-12 04:02:13,924 - DEBUG - Image decoded successfully: (240, 320, 3)
2025-06-12 04:02:14,770 - DEBUG - Face preprocessed: shape=(224, 224, 3), range=[-104.680, 119.320]
2025-06-12 04:02:14,772 - DEBUG - Detected 1 valid faces
2025-06-12 04:02:14,775 - DEBUG - Processing batch of 1 faces, shape: (1, 224, 224, 3)
2025-06-12 04:02:15,064 - INFO - Face 0: Lacking_Focus (0.580) | Diff: 0.330 | All: [Bored:0.250, Interested:0.170, Lacking_Focus:0.580]
2025-06-12 04:02:15,064 - DEBUG - 📦 Processed frame: 1 faces, 1140.6ms
2025-06-12 04:02:15,202 - DEBUG - Image decoded successfully: (240, 320, 3)
2025-06-12 04:02:16,159 - DEBUG - Face preprocessed: shape=(224, 224, 3), range=[-99.779, 112.061]
2025-06-12 04:02:16,161 - DEBUG - Detected 1 valid faces
2025-06-12 04:02:16,168 - DEBUG - Processing batch of 1 faces, shape: (1, 224, 224, 3)
2025-06-12 04:02:16,487 - INFO - Face 0: Interested (0.470) | Diff: 0.130 | All: [Bored:0.190, Interested:0.470, Lacking_Focus:0.340]
2025-06-12 04:02:16,489 - DEBUG - 📦 Processed frame: 1 faces, 1287.0ms
2025-06-12 04:02:16,577 - DEBUG - Image decoded successfully: (240, 320, 3)
2025-06-12 04:02:17,450 - DEBUG - Face preprocessed: shape=(224, 224, 3), range=[-100.779, 138.061]
2025-06-12 04:02:17,451 - DEBUG - Detected 1 valid faces
2025-06-12 04:02:17,455 - DEBUG - Processing batch of 1 faces, shape: (1, 224, 224, 3)
2025-06-12 04:02:17,793 - INFO - Face 0: Lacking_Focus (0.734) | Diff: 0.535 | All: [Bored:0.200, Interested:0.066, Lacking_Focus:0.734]
2025-06-12 04:02:17,794 - DEBUG - 📦 Processed frame: 1 faces, 1217.6ms
2025-06-12 04:02:17,962 - DEBUG - Image decoded successfully: (240, 320, 3)
2025-06-12 04:02:18,187 - DEBUG - Face preprocessed: shape=(224, 224, 3), range=[-99.680, 141.061]
2025-06-12 04:02:18,188 - DEBUG - Detected 1 valid faces
2025-06-12 04:02:18,191 - DEBUG - Processing batch of 1 faces, shape: (1, 224, 224, 3)
2025-06-12 04:02:17,670 - INFO - Face 0: Lacking_Focus (0.560) | Diff: 0.302 | All: [Bored:0.257, Interested:0.183, Lacking_Focus:0.560]
2025-06-12 04:02:17,671 - DEBUG - 📦 Processed frame: 1 faces, -290.9ms
2025-06-12 04:02:17,794 - DEBUG - Image decoded successfully: (240, 320, 3)
2025-06-12 04:02:18,657 - DEBUG - Face preprocessed: shape=(224, 224, 3), range=[-98.779, 130.061]
2025-06-12 04:02:18,658 - DEBUG - Detected 1 valid faces
2025-06-12 04:02:18,663 - DEBUG - Processing batch of 1 faces, shape: (1, 224, 224, 3)
2025-06-12 04:02:19,087 - INFO - Face 0: Lacking_Focus (0.505) | Diff: 0.109 | All: [Bored:0.396, Interested:0.099, Lacking_Focus:0.505]
2025-06-12 04:02:19,088 - DEBUG - 📦 Processed frame: 1 faces, 1294.6ms
2025-06-12 04:02:19,285 - DEBUG - Image decoded successfully: (240, 320, 3)
2025-06-12 04:02:20,288 - DEBUG - Face preprocessed: shape=(224, 224, 3), range=[-97.680, 136.061]
2025-06-12 04:02:20,290 - DEBUG - Detected 1 valid faces
2025-06-12 04:02:20,299 - DEBUG - Processing batch of 1 faces, shape: (1, 224, 224, 3)
2025-06-12 04:02:20,604 - INFO - Face 0: Lacking_Focus (0.509) | Diff: 0.136 | All: [Bored:0.373, Interested:0.118, Lacking_Focus:0.509]
2025-06-12 04:02:20,605 - DEBUG - 📦 Processed frame: 1 faces, 1319.8ms
2025-06-12 04:02:20,810 - DEBUG - Image decoded successfully: (240, 320, 3)
2025-06-12 04:02:21,920 - DEBUG - Face preprocessed: shape=(224, 224, 3), range=[-100.779, 123.320]
2025-06-12 04:02:21,923 - DEBUG - Detected 1 valid faces
2025-06-12 04:02:21,930 - DEBUG - Processing batch of 1 faces, shape: (1, 224, 224, 3)
2025-06-12 04:02:22,425 - INFO - Face 0: Interested (0.427) | Diff: 0.032 | All: [Bored:0.394, Interested:0.427, Lacking_Focus:0.179]
2025-06-12 04:02:22,426 - DEBUG - 📦 Processed frame: 1 faces, 1616.7ms
2025-06-12 04:02:22,553 - DEBUG - Image decoded successfully: (240, 320, 3)
2025-06-12 04:02:23,745 - DEBUG - Face preprocessed: shape=(224, 224, 3), range=[-99.779, 113.320]
2025-06-12 04:02:23,748 - DEBUG - Detected 1 valid faces
2025-06-12 04:02:23,756 - DEBUG - Processing batch of 1 faces, shape: (1, 224, 224, 3)
2025-06-12 04:02:24,291 - INFO - Face 0: Bored (0.654) | Diff: 0.387 | All: [Bored:0.654, Interested:0.267, Lacking_Focus:0.080]
2025-06-12 04:02:24,292 - DEBUG - 📦 Processed frame: 1 faces, 1739.7ms
2025-06-12 04:02:24,453 - DEBUG - Image decoded successfully: (240, 320, 3)
2025-06-12 04:02:25,526 - DEBUG - Face preprocessed: shape=(224, 224, 3), range=[-100.680, 118.320]
2025-06-12 04:02:25,534 - DEBUG - Detected 1 valid faces
2025-06-12 04:02:25,537 - DEBUG - Processing batch of 1 faces, shape: (1, 224, 224, 3)
2025-06-12 04:02:25,953 - INFO - Face 0: Bored (0.466) | Diff: 0.154 | All: [Bored:0.466, Interested:0.221, Lacking_Focus:0.312]
2025-06-12 04:02:25,954 - DEBUG - 📦 Processed frame: 1 faces, 1501.0ms
2025-06-12 04:02:26,104 - DEBUG - Image decoded successfully: (240, 320, 3)
2025-06-12 04:02:27,554 - DEBUG - Face preprocessed: shape=(224, 224, 3), range=[-108.680, 121.320]
2025-06-12 04:02:27,555 - DEBUG - Detected 1 valid faces
2025-06-12 04:02:27,558 - DEBUG - Processing batch of 1 faces, shape: (1, 224, 224, 3)
2025-06-12 04:02:27,902 - INFO - Face 0: Bored (0.621) | Diff: 0.374 | All: [Bored:0.621, Interested:0.131, Lacking_Focus:0.248]
2025-06-12 04:02:27,902 - DEBUG - 📦 Processed frame: 1 faces, 1799.2ms
2025-06-12 04:02:28,051 - DEBUG - Image decoded successfully: (240, 320, 3)
2025-06-12 04:02:29,069 - DEBUG - Face preprocessed: shape=(224, 224, 3), range=[-106.779, 122.320]
2025-06-12 04:02:29,070 - DEBUG - Detected 1 valid faces
2025-06-12 04:02:29,074 - DEBUG - Processing batch of 1 faces, shape: (1, 224, 224, 3)
2025-06-12 04:02:29,438 - INFO - Face 0: Bored (0.641) | Diff: 0.411 | All: [Bored:0.641, Interested:0.230, Lacking_Focus:0.129]
2025-06-12 04:02:29,439 - DEBUG - 📦 Processed frame: 1 faces, 1388.4ms
2025-06-12 04:02:29,538 - DEBUG - Image decoded successfully: (240, 320, 3)
2025-06-12 04:02:30,578 - DEBUG - Face preprocessed: shape=(224, 224, 3), range=[-101.779, 125.320]
2025-06-12 04:02:30,584 - DEBUG - Detected 1 valid faces
2025-06-12 04:02:30,594 - DEBUG - Processing batch of 1 faces, shape: (1, 224, 224, 3)
2025-06-12 04:02:30,974 - INFO - Face 0: Bored (0.540) | Diff: 0.271 | All: [Bored:0.540, Interested:0.270, Lacking_Focus:0.190]
2025-06-12 04:02:30,975 - DEBUG - 📦 Processed frame: 1 faces, 1437.4ms
2025-06-12 04:02:31,128 - DEBUG - Image decoded successfully: (240, 320, 3)
2025-06-12 04:02:32,084 - DEBUG - Face preprocessed: shape=(224, 224, 3), range=[-100.779, 121.320]
2025-06-12 04:02:32,087 - DEBUG - Detected 1 valid faces
2025-06-12 04:02:32,098 - DEBUG - Processing batch of 1 faces, shape: (1, 224, 224, 3)
2025-06-12 04:02:32,573 - INFO - Face 0: Bored (0.704) | Diff: 0.480 | All: [Bored:0.704, Interested:0.224, Lacking_Focus:0.072]
2025-06-12 04:02:32,574 - DEBUG - 📦 Processed frame: 1 faces, 1447.0ms
2025-06-12 04:02:32,708 - DEBUG - Image decoded successfully: (240, 320, 3)
2025-06-12 04:02:33,529 - DEBUG - Face preprocessed: shape=(224, 224, 3), range=[-105.779, 125.320]
2025-06-12 04:02:33,531 - DEBUG - Detected 1 valid faces
2025-06-12 04:02:33,535 - DEBUG - Processing batch of 1 faces, shape: (1, 224, 224, 3)
2025-06-12 04:02:33,901 - INFO - Face 0: Bored (0.416) | Diff: 0.113 | All: [Bored:0.416, Interested:0.282, Lacking_Focus:0.302]
2025-06-12 04:02:33,902 - DEBUG - 📦 Processed frame: 1 faces, 1194.1ms
2025-06-12 04:02:33,981 - DEBUG - Image decoded successfully: (240, 320, 3)
2025-06-12 04:02:34,771 - DEBUG - Face preprocessed: shape=(224, 224, 3), range=[-112.680, 117.320]
2025-06-12 04:02:34,773 - DEBUG - Detected 1 valid faces
2025-06-12 04:02:34,776 - DEBUG - Processing batch of 1 faces, shape: (1, 224, 224, 3)
2025-06-12 04:02:35,115 - INFO - Face 0: Bored (0.525) | Diff: 0.108 | All: [Bored:0.525, Interested:0.417, Lacking_Focus:0.058]
2025-06-12 04:02:35,116 - DEBUG - 📦 Processed frame: 1 faces, 1134.9ms
2025-06-12 04:02:35,252 - DEBUG - Image decoded successfully: (240, 320, 3)
2025-06-12 04:02:36,072 - DEBUG - Face preprocessed: shape=(224, 224, 3), range=[-107.779, 120.320]
2025-06-12 04:02:36,076 - DEBUG - Detected 1 valid faces
2025-06-12 04:02:36,082 - DEBUG - Processing batch of 1 faces, shape: (1, 224, 224, 3)
2025-06-12 04:02:36,699 - INFO - Face 0: Bored (0.537) | Diff: 0.208 | All: [Bored:0.537, Interested:0.329, Lacking_Focus:0.134]
2025-06-12 04:02:36,701 - DEBUG - 📦 Processed frame: 1 faces, 1449.7ms
2025-06-12 04:02:36,984 - DEBUG - Image decoded successfully: (240, 320, 3)
2025-06-12 04:02:38,097 - DEBUG - Face preprocessed: shape=(224, 224, 3), range=[-109.680, 128.320]
2025-06-12 04:02:38,099 - DEBUG - Detected 1 valid faces
2025-06-12 04:02:38,108 - DEBUG - Processing batch of 1 faces, shape: (1, 224, 224, 3)
2025-06-12 04:02:38,444 - INFO - Face 0: Interested (0.490) | Diff: 0.032 | All: [Bored:0.457, Interested:0.490, Lacking_Focus:0.053]
2025-06-12 04:02:38,445 - DEBUG - 📦 Processed frame: 1 faces, 1462.2ms
2025-06-12 04:02:38,580 - DEBUG - Image decoded successfully: (240, 320, 3)
2025-06-12 04:02:39,438 - DEBUG - Face preprocessed: shape=(224, 224, 3), range=[-102.779, 120.320]
2025-06-12 04:02:39,439 - DEBUG - Detected 1 valid faces
2025-06-12 04:02:39,444 - DEBUG - Processing batch of 1 faces, shape: (1, 224, 224, 3)
2025-06-12 04:02:39,806 - INFO - Face 0: Bored (0.741) | Diff: 0.534 | All: [Bored:0.741, Interested:0.207, Lacking_Focus:0.052]
2025-06-12 04:02:39,807 - DEBUG - 📦 Processed frame: 1 faces, 1228.3ms
2025-06-12 04:02:39,931 - DEBUG - Image decoded successfully: (240, 320, 3)
2025-06-12 04:02:40,875 - DEBUG - Face preprocessed: shape=(224, 224, 3), range=[-98.779, 124.320]
2025-06-12 04:02:40,876 - DEBUG - Detected 1 valid faces
2025-06-12 04:02:40,879 - DEBUG - Processing batch of 1 faces, shape: (1, 224, 224, 3)
2025-06-12 04:02:41,255 - INFO - Face 0: Bored (0.568) | Diff: 0.268 | All: [Bored:0.568, Interested:0.300, Lacking_Focus:0.132]
2025-06-12 04:02:41,257 - DEBUG - 📦 Processed frame: 1 faces, 1326.9ms
2025-06-12 04:02:41,398 - DEBUG - Image decoded successfully: (240, 320, 3)
2025-06-12 04:02:42,389 - DEBUG - Face preprocessed: shape=(224, 224, 3), range=[-103.779, 122.320]
2025-06-12 04:02:42,393 - DEBUG - Detected 1 valid faces
2025-06-12 04:02:42,400 - DEBUG - Processing batch of 1 faces, shape: (1, 224, 224, 3)
2025-06-12 04:02:43,035 - INFO - Face 0: Bored (0.579) | Diff: 0.197 | All: [Bored:0.579, Interested:0.382, Lacking_Focus:0.039]
2025-06-12 04:02:43,036 - DEBUG - 📦 Processed frame: 1 faces, 1638.2ms
2025-06-12 04:02:43,606 - DEBUG - Image decoded successfully: (240, 320, 3)
2025-06-12 04:02:44,827 - DEBUG - Face preprocessed: shape=(224, 224, 3), range=[-103.680, 121.320]
2025-06-12 04:02:44,832 - DEBUG - Detected 1 valid faces
2025-06-12 04:02:44,840 - DEBUG - Processing batch of 1 faces, shape: (1, 224, 224, 3)
2025-06-12 04:02:45,529 - INFO - Face 0: Bored (0.740) | Diff: 0.543 | All: [Bored:0.740, Interested:0.197, Lacking_Focus:0.063]
2025-06-12 04:02:45,531 - DEBUG - 📦 Processed frame: 1 faces, 1925.2ms
2025-06-12 04:02:45,737 - DEBUG - Image decoded successfully: (240, 320, 3)
2025-06-12 04:02:45,911 - DEBUG - Face preprocessed: shape=(224, 224, 3), range=[-106.779, 121.320]
2025-06-12 04:02:45,927 - DEBUG - Detected 1 valid faces
2025-06-12 04:02:45,941 - DEBUG - Processing batch of 1 faces, shape: (1, 224, 224, 3)
2025-06-12 04:02:46,669 - INFO - Face 0: Bored (0.673) | Diff: 0.460 | All: [Bored:0.673, Interested:0.213, Lacking_Focus:0.114]
2025-06-12 04:02:46,670 - DEBUG - 📦 Processed frame: 1 faces, 934.3ms
2025-06-12 04:02:47,212 - DEBUG - Image decoded successfully: (240, 320, 3)
2025-06-12 04:02:49,274 - DEBUG - Face preprocessed: shape=(224, 224, 3), range=[-105.680, 125.320]
2025-06-12 04:02:49,284 - DEBUG - Detected 1 valid faces
2025-06-12 04:02:49,295 - DEBUG - Processing batch of 1 faces, shape: (1, 224, 224, 3)
2025-06-12 04:02:50,164 - INFO - Face 0: Bored (0.578) | Diff: 0.208 | All: [Bored:0.578, Interested:0.371, Lacking_Focus:0.051]
2025-06-12 04:02:50,166 - DEBUG - 📦 Processed frame: 1 faces, 2955.3ms
2025-06-12 04:02:50,369 - DEBUG - Image decoded successfully: (240, 320, 3)
2025-06-12 04:02:51,451 - DEBUG - Face preprocessed: shape=(224, 224, 3), range=[-101.779, 128.320]
2025-06-12 04:02:51,453 - DEBUG - Detected 1 valid faces
2025-06-12 04:02:51,470 - DEBUG - Processing batch of 1 faces, shape: (1, 224, 224, 3)
2025-06-12 04:02:51,948 - INFO - Face 0: Interested (0.475) | Diff: 0.130 | All: [Bored:0.345, Interested:0.475, Lacking_Focus:0.180]
2025-06-12 04:02:51,950 - DEBUG - 📦 Processed frame: 1 faces, 1581.4ms
2025-06-12 04:02:52,476 - DEBUG - Image decoded successfully: (240, 320, 3)
2025-06-12 04:02:53,305 - DEBUG - Face preprocessed: shape=(224, 224, 3), range=[-103.680, 121.320]
2025-06-12 04:02:53,307 - DEBUG - Detected 1 valid faces
2025-06-12 04:02:53,310 - DEBUG - Processing batch of 1 faces, shape: (1, 224, 224, 3)
2025-06-12 04:02:53,575 - INFO - Face 0: Bored (0.616) | Diff: 0.293 | All: [Bored:0.616, Interested:0.323, Lacking_Focus:0.062]
2025-06-12 04:02:53,576 - DEBUG - 📦 Processed frame: 1 faces, 1100.5ms
2025-06-12 04:02:54,592 - DEBUG - Image decoded successfully: (240, 320, 3)
2025-06-12 04:02:55,428 - DEBUG - Face preprocessed: shape=(224, 224, 3), range=[-111.680, 125.320]
2025-06-12 04:02:55,429 - DEBUG - Detected 1 valid faces
2025-06-12 04:02:55,432 - DEBUG - Processing batch of 1 faces, shape: (1, 224, 224, 3)
2025-06-12 04:02:55,709 - INFO - Face 0: Bored (0.777) | Diff: 0.608 | All: [Bored:0.777, Interested:0.169, Lacking_Focus:0.054]
2025-06-12 04:02:55,710 - DEBUG - 📦 Processed frame: 1 faces, 1119.0ms
2025-06-12 04:02:56,703 - DEBUG - Image decoded successfully: (240, 320, 3)
2025-06-12 04:02:57,463 - DEBUG - Face preprocessed: shape=(224, 224, 3), range=[-97.779, 122.320]
2025-06-12 04:02:57,463 - DEBUG - Detected 1 valid faces
2025-06-12 04:02:57,466 - DEBUG - Processing batch of 1 faces, shape: (1, 224, 224, 3)
2025-06-12 04:02:57,763 - INFO - Face 0: Bored (0.574) | Diff: 0.210 | All: [Bored:0.574, Interested:0.364, Lacking_Focus:0.062]
2025-06-12 04:02:57,764 - DEBUG - 📦 Processed frame: 1 faces, 1061.8ms
2025-06-12 04:02:58,824 - INFO - ❌ Client disconnected
2025-06-12 04:02:58,825 - INFO - Disconnect reason: disconnect
2025-06-12 04:02:58,880 - INFO - ✅ Client connected
2025-06-12 04:03:01,235 - DEBUG - Image decoded successfully: (240, 320, 3)
2025-06-12 04:03:02,244 - DEBUG - Face preprocessed: shape=(224, 224, 3), range=[-103.779, 123.320]
2025-06-12 04:03:02,245 - DEBUG - Detected 1 valid faces
2025-06-12 04:03:02,248 - DEBUG - Processing batch of 1 faces, shape: (1, 224, 224, 3)
2025-06-12 04:03:02,537 - INFO - Face 0: Bored (0.572) | Diff: 0.218 | All: [Bored:0.572, Interested:0.354, Lacking_Focus:0.074]
2025-06-12 04:03:02,538 - DEBUG - 📦 Processed frame: 1 faces, 1303.1ms
2025-06-12 04:03:02,695 - DEBUG - Image decoded successfully: (240, 320, 3)
2025-06-12 04:03:03,726 - DEBUG - Face preprocessed: shape=(224, 224, 3), range=[-101.680, 119.320]
2025-06-12 04:03:03,730 - DEBUG - Detected 1 valid faces
2025-06-12 04:03:03,739 - DEBUG - Processing batch of 1 faces, shape: (1, 224, 224, 3)
2025-06-12 04:03:04,081 - INFO - Face 0: Interested (0.465) | Diff: 0.023 | All: [Bored:0.442, Interested:0.465, Lacking_Focus:0.093]
2025-06-12 04:03:04,082 - DEBUG - 📦 Processed frame: 1 faces, 1387.6ms
2025-06-12 04:03:04,235 - DEBUG - Image decoded successfully: (240, 320, 3)
2025-06-12 04:03:05,244 - DEBUG - Face preprocessed: shape=(224, 224, 3), range=[-103.680, 119.320]
2025-06-12 04:03:05,245 - DEBUG - Detected 1 valid faces
2025-06-12 04:03:05,246 - DEBUG - Processing batch of 1 faces, shape: (1, 224, 224, 3)
2025-06-12 04:03:05,589 - INFO - Face 0: Bored (0.445) | Diff: 0.007 | All: [Bored:0.445, Interested:0.438, Lacking_Focus:0.117]
2025-06-12 04:03:05,590 - DEBUG - 📦 Processed frame: 1 faces, 1355.4ms
2025-06-12 04:03:05,728 - DEBUG - Image decoded successfully: (240, 320, 3)
2025-06-12 04:03:06,638 - DEBUG - Face preprocessed: shape=(224, 224, 3), range=[-108.779, 126.320]
2025-06-12 04:03:06,641 - DEBUG - Detected 1 valid faces
2025-06-12 04:03:06,648 - DEBUG - Processing batch of 1 faces, shape: (1, 224, 224, 3)
2025-06-12 04:03:07,201 - INFO - Face 0: Bored (0.609) | Diff: 0.263 | All: [Bored:0.609, Interested:0.346, Lacking_Focus:0.045]
2025-06-12 04:03:07,203 - DEBUG - 📦 Processed frame: 1 faces, 1475.1ms
2025-06-12 04:03:07,301 - DEBUG - Image decoded successfully: (240, 320, 3)
2025-06-12 04:03:08,396 - DEBUG - Face preprocessed: shape=(224, 224, 3), range=[-103.680, 131.320]
2025-06-12 04:03:08,400 - DEBUG - Detected 1 valid faces
2025-06-12 04:03:08,409 - DEBUG - Processing batch of 1 faces, shape: (1, 224, 224, 3)
2025-06-12 04:03:09,003 - INFO - Face 0: Interested (0.694) | Diff: 0.459 | All: [Bored:0.235, Interested:0.694, Lacking_Focus:0.070]
2025-06-12 04:03:09,004 - DEBUG - 📦 Processed frame: 1 faces, 1703.2ms
2025-06-12 04:03:11,578 - INFO - ❌ Client disconnected
2025-06-12 04:03:11,579 - INFO - Disconnect reason: disconnect
2025-06-12 04:04:08,137 - INFO - ✅ Face detection model initialized
2025-06-12 04:04:11,609 - INFO - Model output shape: (1, 3)
2025-06-12 04:04:11,610 - INFO - Expected classes: 3
2025-06-12 04:04:11,610 - INFO - Model output classes: 3
2025-06-12 04:04:11,611 - INFO - Test output sum: 1.0000
2025-06-12 04:04:11,612 - INFO - Model appears to output categorical probabilities (softmax)
2025-06-12 04:04:11,612 - INFO - ✅ Emotion model loaded and validated: /app/apps/models/emotion_recognition_model.keras
2025-06-12 04:04:11,613 - INFO - ✅ Using emotion labels: ['Bored', 'Interested', 'Lacking_Focus']
2025-06-12 04:04:53,851 - INFO - ✅ Face detection model initialized
2025-06-12 04:05:02,648 - INFO - Model output shape: (1, 3)
2025-06-12 04:05:02,649 - INFO - Expected classes: 3
2025-06-12 04:05:02,649 - INFO - Model output classes: 3
2025-06-12 04:05:02,650 - INFO - Test output sum: 1.0000
2025-06-12 04:05:02,651 - INFO - Model appears to output categorical probabilities (softmax)
2025-06-12 04:05:02,651 - INFO - ✅ Emotion model loaded and validated: /app/apps/models/emotion_recognition_model.keras
2025-06-12 04:05:02,651 - INFO - ✅ Using emotion labels: ['Bored', 'Interested', 'Lacking_Focus']
2025-06-12 04:05:12,107 - INFO - ✅ Face detection model initialized
2025-06-12 04:05:20,004 - INFO - Model output shape: (1, 3)
2025-06-12 04:05:20,006 - INFO - Expected classes: 3
2025-06-12 04:05:20,006 - INFO - Model output classes: 3
2025-06-12 04:05:20,007 - INFO - Test output sum: 1.0000
2025-06-12 04:05:20,007 - INFO - Model appears to output categorical probabilities (softmax)
2025-06-12 04:05:20,008 - INFO - ✅ Emotion model loaded and validated: /app/apps/models/emotion_recognition_model.keras
2025-06-12 04:05:20,008 - INFO - ✅ Using emotion labels: ['Bored', 'Interested', 'Lacking_Focus']
2025-06-12 04:05:22,070 - INFO - ✅ Client connected
2025-06-12 04:05:24,252 - DEBUG - Image decoded successfully: (240, 320, 3)
2025-06-12 04:05:25,718 - DEBUG - Face preprocessed: shape=(224, 224, 3), range=[-123.598, -103.064]
2025-06-12 04:05:25,719 - DEBUG - Detected 1 valid faces
2025-06-12 04:05:25,721 - DEBUG - Processing batch of 1 faces, shape: (1, 224, 224, 3)
2025-06-12 04:05:26,142 - INFO - Face 0: Bored (0.509) | Diff: 0.217 | All: [Bored:0.509, Interested:0.292, Lacking_Focus:0.199]
2025-06-12 04:05:26,143 - DEBUG - 📦 Processed frame: 1 faces, 1894.6ms
2025-06-12 04:05:26,548 - DEBUG - Image decoded successfully: (240, 320, 3)
2025-06-12 04:05:27,924 - DEBUG - Face preprocessed: shape=(224, 224, 3), range=[-123.558, -103.096]
2025-06-12 04:05:27,927 - DEBUG - Detected 1 valid faces
2025-06-12 04:05:27,937 - DEBUG - Processing batch of 1 faces, shape: (1, 224, 224, 3)
2025-06-12 04:05:28,478 - INFO - Face 0: Bored (0.509) | Diff: 0.219 | All: [Bored:0.509, Interested:0.289, Lacking_Focus:0.202]
2025-06-12 04:05:28,479 - DEBUG - 📦 Processed frame: 1 faces, 1932.0ms
2025-06-12 04:05:28,579 - DEBUG - Image decoded successfully: (240, 320, 3)
2025-06-12 04:05:29,758 - DEBUG - Face preprocessed: shape=(224, 224, 3), range=[-123.598, -103.084]
2025-06-12 04:05:29,764 - DEBUG - Detected 1 valid faces
2025-06-12 04:05:29,768 - DEBUG - Processing batch of 1 faces, shape: (1, 224, 224, 3)
2025-06-12 04:05:30,247 - INFO - Face 0: Bored (0.510) | Diff: 0.215 | All: [Bored:0.510, Interested:0.296, Lacking_Focus:0.194]
2025-06-12 04:05:30,247 - DEBUG - 📦 Processed frame: 1 faces, 1669.2ms
2025-06-12 04:05:30,351 - DEBUG - Image decoded successfully: (240, 320, 3)
2025-06-12 04:05:31,409 - DEBUG - Face preprocessed: shape=(224, 224, 3), range=[-123.586, -103.092]
2025-06-12 04:05:31,411 - DEBUG - Detected 1 valid faces
2025-06-12 04:05:31,415 - DEBUG - Processing batch of 1 faces, shape: (1, 224, 224, 3)
2025-06-12 04:05:31,925 - INFO - Face 0: Bored (0.509) | Diff: 0.212 | All: [Bored:0.509, Interested:0.297, Lacking_Focus:0.194]
2025-06-12 04:05:31,927 - DEBUG - 📦 Processed frame: 1 faces, 1576.9ms
2025-06-12 04:05:32,079 - DEBUG - Image decoded successfully: (240, 320, 3)
2025-06-12 04:05:33,131 - DEBUG - Face preprocessed: shape=(224, 224, 3), range=[-123.586, -103.104]
2025-06-12 04:05:33,136 - DEBUG - Detected 1 valid faces
2025-06-12 04:05:33,140 - DEBUG - Processing batch of 1 faces, shape: (1, 224, 224, 3)
2025-06-12 04:05:33,652 - INFO - Face 0: Bored (0.515) | Diff: 0.218 | All: [Bored:0.515, Interested:0.296, Lacking_Focus:0.189]
2025-06-12 04:05:33,653 - DEBUG - 📦 Processed frame: 1 faces, 1574.8ms
2025-06-12 04:05:33,759 - DEBUG - Image decoded successfully: (240, 320, 3)
2025-06-12 04:05:34,844 - DEBUG - Face preprocessed: shape=(224, 224, 3), range=[-123.598, -103.072]
2025-06-12 04:05:34,845 - DEBUG - Detected 1 valid faces
2025-06-12 04:05:34,849 - DEBUG - Processing batch of 1 faces, shape: (1, 224, 224, 3)
2025-06-12 04:05:35,351 - INFO - Face 0: Bored (0.514) | Diff: 0.218 | All: [Bored:0.514, Interested:0.296, Lacking_Focus:0.190]
2025-06-12 04:05:35,353 - DEBUG - 📦 Processed frame: 1 faces, 1594.1ms
2025-06-12 04:05:35,471 - DEBUG - Image decoded successfully: (240, 320, 3)
2025-06-12 04:05:36,481 - DEBUG - Face preprocessed: shape=(224, 224, 3), range=[-123.582, -103.072]
2025-06-12 04:05:36,483 - DEBUG - Detected 1 valid faces
2025-06-12 04:05:36,490 - DEBUG - Processing batch of 1 faces, shape: (1, 224, 224, 3)
2025-06-12 04:05:36,932 - INFO - Face 0: Bored (0.516) | Diff: 0.232 | All: [Bored:0.516, Interested:0.284, Lacking_Focus:0.200]
2025-06-12 04:05:36,933 - DEBUG - 📦 Processed frame: 1 faces, 1462.0ms
2025-06-12 04:05:36,573 - DEBUG - Image decoded successfully: (240, 320, 3)
2025-06-12 04:05:37,795 - DEBUG - Face preprocessed: shape=(224, 224, 3), range=[-123.598, -103.033]
2025-06-12 04:05:37,801 - DEBUG - Detected 1 valid faces
2025-06-12 04:05:37,803 - DEBUG - Processing batch of 1 faces, shape: (1, 224, 224, 3)
2025-06-12 04:05:39,251 - INFO - Face 0: Bored (0.513) | Diff: 0.220 | All: [Bored:0.513, Interested:0.293, Lacking_Focus:0.195]
2025-06-12 04:05:39,259 - DEBUG - 📦 Processed frame: 1 faces, 2687.4ms
2025-06-12 04:05:39,610 - DEBUG - Image decoded successfully: (240, 320, 3)
2025-06-12 04:05:41,731 - DEBUG - Face preprocessed: shape=(224, 224, 3), range=[-123.605, -103.037]
2025-06-12 04:05:41,735 - DEBUG - Detected 1 valid faces
2025-06-12 04:05:41,758 - DEBUG - Processing batch of 1 faces, shape: (1, 224, 224, 3)
2025-06-12 04:05:42,565 - INFO - Face 0: Bored (0.514) | Diff: 0.222 | All: [Bored:0.514, Interested:0.292, Lacking_Focus:0.194]
2025-06-12 04:05:42,568 - DEBUG - 📦 Processed frame: 1 faces, 2959.2ms
2025-06-12 04:05:42,604 - DEBUG - Image decoded successfully: (240, 320, 3)
2025-06-12 04:05:44,665 - DEBUG - Face preprocessed: shape=(224, 224, 3), range=[-123.590, -103.029]
2025-06-12 04:05:44,670 - DEBUG - Detected 1 valid faces
2025-06-12 04:05:44,681 - DEBUG - Processing batch of 1 faces, shape: (1, 224, 224, 3)
2025-06-12 04:05:45,466 - INFO - Face 0: Bored (0.512) | Diff: 0.219 | All: [Bored:0.512, Interested:0.294, Lacking_Focus:0.194]
2025-06-12 04:05:45,469 - DEBUG - 📦 Processed frame: 1 faces, 2865.7ms
2025-06-12 04:05:45,747 - DEBUG - Image decoded successfully: (240, 320, 3)
2025-06-12 04:05:47,314 - DEBUG - Face preprocessed: shape=(224, 224, 3), range=[-123.594, -103.037]
2025-06-12 04:05:47,319 - DEBUG - Detected 1 valid faces
2025-06-12 04:05:47,325 - DEBUG - Processing batch of 1 faces, shape: (1, 224, 224, 3)
2025-06-12 04:05:47,869 - INFO - Face 0: Bored (0.512) | Diff: 0.217 | All: [Bored:0.512, Interested:0.295, Lacking_Focus:0.193]
2025-06-12 04:05:47,870 - DEBUG - 📦 Processed frame: 1 faces, 2125.6ms
2025-06-12 04:05:47,883 - DEBUG - Image decoded successfully: (240, 320, 3)
2025-06-12 04:05:48,893 - DEBUG - Face preprocessed: shape=(224, 224, 3), range=[-123.602, -103.010]
2025-06-12 04:05:48,900 - DEBUG - Detected 1 valid faces
2025-06-12 04:05:48,914 - DEBUG - Processing batch of 1 faces, shape: (1, 224, 224, 3)
2025-06-12 04:05:49,732 - INFO - Face 0: Bored (0.512) | Diff: 0.219 | All: [Bored:0.512, Interested:0.293, Lacking_Focus:0.196]
2025-06-12 04:05:49,753 - DEBUG - 📦 Processed frame: 1 faces, 1871.4ms
2025-06-12 04:05:49,816 - DEBUG - Image decoded successfully: (240, 320, 3)
2025-06-12 04:05:52,923 - DEBUG - Face preprocessed: shape=(224, 224, 3), range=[-123.586, -103.029]
2025-06-12 04:05:52,944 - DEBUG - Detected 1 valid faces
2025-06-12 04:05:52,950 - DEBUG - Processing batch of 1 faces, shape: (1, 224, 224, 3)
2025-06-12 04:05:53,744 - INFO - Face 0: Bored (0.512) | Diff: 0.218 | All: [Bored:0.512, Interested:0.295, Lacking_Focus:0.193]
2025-06-12 04:05:53,746 - DEBUG - 📦 Processed frame: 1 faces, 3934.3ms
2025-06-12 04:05:53,872 - DEBUG - Image decoded successfully: (240, 320, 3)
2025-06-12 04:05:55,065 - DEBUG - Face preprocessed: shape=(224, 224, 3), range=[-123.566, -103.088]
2025-06-12 04:05:55,069 - DEBUG - Detected 1 valid faces
2025-06-12 04:05:55,072 - DEBUG - Processing batch of 1 faces, shape: (1, 224, 224, 3)
2025-06-12 04:05:55,725 - INFO - Face 0: Bored (0.510) | Diff: 0.218 | All: [Bored:0.510, Interested:0.292, Lacking_Focus:0.197]
2025-06-12 04:05:55,728 - DEBUG - 📦 Processed frame: 1 faces, 1856.3ms
2025-06-12 04:05:57,391 - INFO - ❌ Client disconnected
2025-06-12 04:05:57,392 - INFO - Disconnect reason: disconnect
2025-06-12 04:06:09,339 - INFO - ✅ Face detection model initialized
2025-06-12 04:06:17,579 - INFO - Model output shape: (1, 3)
2025-06-12 04:06:17,580 - INFO - Expected classes: 3
2025-06-12 04:06:17,581 - INFO - Model output classes: 3
2025-06-12 04:06:17,581 - INFO - Test output sum: 1.0000
2025-06-12 04:06:17,582 - INFO - Model appears to output categorical probabilities (softmax)
2025-06-12 04:06:17,582 - INFO - ✅ Emotion model loaded and validated: /app/apps/models/emotion_recognition_model.keras
2025-06-12 04:06:17,583 - INFO - ✅ Using emotion labels: ['Bored', 'Interested', 'Lacking_Focus']
2025-06-12 04:09:47,008 - INFO - ✅ Face detection model initialized
2025-06-12 04:09:51,011 - INFO - Model output shape: (1, 3)
2025-06-12 04:09:51,012 - INFO - Expected classes: 3
2025-06-12 04:09:51,012 - INFO - Model output classes: 3
2025-06-12 04:09:51,013 - INFO - Test output sum: 1.0000
2025-06-12 04:09:51,015 - INFO - Model appears to output categorical probabilities (softmax)
2025-06-12 04:09:51,015 - INFO - ✅ Emotion model loaded and validated: /app/apps/models/emotion_recognition_model.keras
2025-06-12 04:09:51,016 - INFO - ✅ Using emotion labels: ['Bored', 'Interested', 'Lacking_Focus']
2025-06-12 04:10:24,730 - INFO - ✅ Face detection model initialized
2025-06-12 04:10:30,468 - INFO - Model output shape: (1, 3)
2025-06-12 04:10:30,469 - INFO - Expected classes: 3
2025-06-12 04:10:30,470 - INFO - Model output classes: 3
2025-06-12 04:10:30,471 - INFO - Test output sum: 1.0000
2025-06-12 04:10:30,519 - INFO - Model architecture:
Model: "Resnet50_Engagement_Classifier"
┏━━━━━━━━━━━━━━━━━━━━━━━━━━━━━━━━━┳━━━━━━━━━━━━━━━━━━━━━━━━┳━━━━━━━━━━━━━━━┓
┃ Layer (type)                    ┃ Output Shape           ┃       Param # ┃
┡━━━━━━━━━━━━━━━━━━━━━━━━━━━━━━━━━╇━━━━━━━━━━━━━━━━━━━━━━━━╇━━━━━━━━━━━━━━━┩
│ input_image (InputLayer)        │ (None, 224, 224, 3)    │             0 │
├─────────────────────────────────┼────────────────────────┼───────────────┤
│ resnet50 (Functional)           │ (None, 7, 7, 2048)     │    23,587,712 │
├─────────────────────────────────┼────────────────────────┼───────────────┤
│ global_average_pooling2d        │ (None, 2048)           │             0 │
│ (GlobalAveragePooling2D)        │                        │               │
├─────────────────────────────────┼────────────────────────┼───────────────┤
│ dense (Dense)                   │ (None, 512)            │     1,049,088 │
├─────────────────────────────────┼────────────────────────┼───────────────┤
│ batch_normalization             │ (None, 512)            │         2,048 │
│ (BatchNormalization)            │                        │               │
├─────────────────────────────────┼────────────────────────┼───────────────┤
│ dropout (Dropout)               │ (None, 512)            │             0 │
├─────────────────────────────────┼────────────────────────┼───────────────┤
│ dense_1 (Dense)                 │ (None, 256)            │       131,328 │
├─────────────────────────────────┼────────────────────────┼───────────────┤
│ batch_normalization_1           │ (None, 256)            │         1,024 │
│ (BatchNormalization)            │                        │               │
├─────────────────────────────────┼────────────────────────┼───────────────┤
│ dropout_1 (Dropout)             │ (None, 256)            │             0 │
├─────────────────────────────────┼────────────────────────┼───────────────┤
│ engagement_predictions (Dense)  │ (None, 3)              │           771 │
└─────────────────────────────────┴────────────────────────┴───────────────┘
 Total params: 24,771,971 (94.50 MB)
 Trainable params: 1,182,723 (4.51 MB)
 Non-trainable params: 23,589,248 (89.99 MB)

2025-06-12 04:10:30,520 - INFO - ✅ Model validation passed
2025-06-12 04:10:30,522 - INFO - ✅ Emotion model loaded and validated: /app/apps/models/emotion_recognition_model.keras
2025-06-12 04:10:30,522 - INFO - ✅ Using emotion labels: ['Bored', 'Interested', 'Lacking_Focus']
2025-06-12 04:10:37,670 - INFO - ✅ Client connected
2025-06-12 04:10:38,897 - DEBUG - Image decoded successfully: (240, 320, 3)
2025-06-12 04:10:40,697 - DEBUG - Face preprocessed: shape=(224, 224, 3), range=[-93.779, 134.061], mean=3.919
2025-06-12 04:10:40,699 - DEBUG - Detected 1 valid faces
2025-06-12 04:10:40,701 - DEBUG - Processing batch of 1 faces, shape: (1, 224, 224, 3)
2025-06-12 04:10:41,377 - INFO - Face 0: Bored (0.421) | All: [Bored:0.421, Interested:0.166, Lacking_Focus:0.413]
2025-06-12 04:10:41,381 - DEBUG - 📦 Processed frame: 1 faces, 2490.7ms
2025-06-12 04:10:41,522 - DEBUG - Image decoded successfully: (240, 320, 3)
2025-06-12 04:10:42,404 - DEBUG - Face preprocessed: shape=(224, 224, 3), range=[-96.779, 123.061], mean=-0.325
2025-06-12 04:10:42,405 - DEBUG - Detected 1 valid faces
2025-06-12 04:10:42,406 - DEBUG - Processing batch of 1 faces, shape: (1, 224, 224, 3)
2025-06-12 04:10:42,702 - INFO - Face 0: Lacking_Focus (0.634) | All: [Bored:0.191, Interested:0.175, Lacking_Focus:0.634]
2025-06-12 04:10:42,703 - DEBUG - 📦 Processed frame: 1 faces, 1181.6ms
2025-06-12 04:10:42,797 - DEBUG - Image decoded successfully: (240, 320, 3)
2025-06-12 04:10:43,624 - DEBUG - Face preprocessed: shape=(224, 224, 3), range=[-96.779, 123.061], mean=-0.112
2025-06-12 04:10:43,625 - DEBUG - Detected 1 valid faces
2025-06-12 04:10:43,628 - DEBUG - Processing batch of 1 faces, shape: (1, 224, 224, 3)
2025-06-12 04:10:44,063 - INFO - Face 0: Lacking_Focus (0.526) | All: [Bored:0.312, Interested:0.162, Lacking_Focus:0.526]
2025-06-12 04:10:44,064 - DEBUG - 📦 Processed frame: 1 faces, 1267.1ms
2025-06-12 04:10:44,126 - DEBUG - Image decoded successfully: (240, 320, 3)
2025-06-12 04:10:45,062 - DEBUG - Face preprocessed: shape=(224, 224, 3), range=[-98.779, 126.061], mean=2.953
2025-06-12 04:10:45,065 - DEBUG - Detected 1 valid faces
2025-06-12 04:10:45,070 - DEBUG - Processing batch of 1 faces, shape: (1, 224, 224, 3)
2025-06-12 04:10:45,436 - INFO - Face 0: Bored (0.653) | All: [Bored:0.653, Interested:0.076, Lacking_Focus:0.270]
2025-06-12 04:10:45,438 - DEBUG - 📦 Processed frame: 1 faces, 1312.1ms
2025-06-12 04:10:45,600 - DEBUG - Image decoded successfully: (240, 320, 3)
2025-06-12 04:10:46,546 - DEBUG - Face preprocessed: shape=(224, 224, 3), range=[-98.779, 125.061], mean=-2.131
2025-06-12 04:10:46,551 - DEBUG - Detected 1 valid faces
2025-06-12 04:10:46,554 - DEBUG - Processing batch of 1 faces, shape: (1, 224, 224, 3)
2025-06-12 04:10:46,928 - INFO - Face 0: Bored (0.509) | All: [Bored:0.509, Interested:0.098, Lacking_Focus:0.393]
2025-06-12 04:10:46,929 - DEBUG - 📦 Processed frame: 1 faces, 1329.5ms
2025-06-12 04:10:47,006 - DEBUG - Image decoded successfully: (240, 320, 3)
2025-06-12 04:10:48,019 - DEBUG - Face preprocessed: shape=(224, 224, 3), range=[-100.680, 129.061], mean=-0.770
2025-06-12 04:10:48,020 - DEBUG - Detected 1 valid faces
2025-06-12 04:10:48,021 - DEBUG - Processing batch of 1 faces, shape: (1, 224, 224, 3)
2025-06-12 04:10:48,334 - INFO - Face 0: Lacking_Focus (0.481) | All: [Bored:0.329, Interested:0.190, Lacking_Focus:0.481]
2025-06-12 04:10:48,335 - DEBUG - 📦 Processed frame: 1 faces, 1330.0ms
2025-06-12 04:10:48,410 - DEBUG - Image decoded successfully: (240, 320, 3)
2025-06-12 04:10:47,748 - DEBUG - Face preprocessed: shape=(224, 224, 3), range=[-94.779, 127.061], mean=-1.277
2025-06-12 04:10:47,751 - DEBUG - Detected 1 valid faces
2025-06-12 04:10:47,753 - DEBUG - Processing batch of 1 faces, shape: (1, 224, 224, 3)
2025-06-12 04:10:48,127 - INFO - Face 0: Lacking_Focus (0.419) | All: [Bored:0.367, Interested:0.213, Lacking_Focus:0.419]
2025-06-12 04:10:48,128 - DEBUG - 📦 Processed frame: 1 faces, -281.3ms
2025-06-12 04:10:48,200 - DEBUG - Image decoded successfully: (240, 320, 3)
2025-06-12 04:10:49,047 - DEBUG - Face preprocessed: shape=(224, 224, 3), range=[-91.680, 126.061], mean=1.456
2025-06-12 04:10:49,050 - DEBUG - Detected 1 valid faces
2025-06-12 04:10:49,053 - DEBUG - Processing batch of 1 faces, shape: (1, 224, 224, 3)
2025-06-12 04:10:49,408 - INFO - Face 0: Bored (0.622) | All: [Bored:0.622, Interested:0.138, Lacking_Focus:0.240]
2025-06-12 04:10:49,409 - DEBUG - 📦 Processed frame: 1 faces, 1209.5ms
2025-06-12 04:10:49,473 - DEBUG - Image decoded successfully: (240, 320, 3)
2025-06-12 04:10:50,431 - DEBUG - Face preprocessed: shape=(224, 224, 3), range=[-98.680, 130.061], mean=0.480
2025-06-12 04:10:50,432 - DEBUG - Detected 1 valid faces
2025-06-12 04:10:50,434 - DEBUG - Processing batch of 1 faces, shape: (1, 224, 224, 3)
2025-06-12 04:10:50,730 - INFO - Face 0: Bored (0.543) | All: [Bored:0.543, Interested:0.118, Lacking_Focus:0.338]
2025-06-12 04:10:50,731 - DEBUG - 📦 Processed frame: 1 faces, 1258.9ms
2025-06-12 04:10:50,795 - DEBUG - Image decoded successfully: (240, 320, 3)
2025-06-12 04:10:51,549 - DEBUG - Face preprocessed: shape=(224, 224, 3), range=[-96.779, 124.061], mean=-0.051
2025-06-12 04:10:51,550 - DEBUG - Detected 1 valid faces
2025-06-12 04:10:51,551 - DEBUG - Processing batch of 1 faces, shape: (1, 224, 224, 3)
2025-06-12 04:10:51,890 - INFO - Face 0: Lacking_Focus (0.458) | All: [Bored:0.342, Interested:0.200, Lacking_Focus:0.458]
2025-06-12 04:10:51,891 - DEBUG - 📦 Processed frame: 1 faces, 1097.6ms
2025-06-12 04:10:51,952 - DEBUG - Image decoded successfully: (240, 320, 3)
2025-06-12 04:10:52,844 - DEBUG - Face preprocessed: shape=(224, 224, 3), range=[-97.680, 110.061], mean=-4.257
2025-06-12 04:10:52,849 - DEBUG - Detected 1 valid faces
2025-06-12 04:10:52,852 - DEBUG - Processing batch of 1 faces, shape: (1, 224, 224, 3)
2025-06-12 04:10:53,115 - INFO - Face 0: Bored (0.602) | All: [Bored:0.602, Interested:0.285, Lacking_Focus:0.113]
2025-06-12 04:10:53,116 - DEBUG - 📦 Processed frame: 1 faces, 1164.2ms
2025-06-12 04:10:53,179 - DEBUG - Image decoded successfully: (240, 320, 3)
2025-06-12 04:10:53,919 - DEBUG - Face preprocessed: shape=(224, 224, 3), range=[-99.680, 120.061], mean=-5.570
2025-06-12 04:10:53,921 - DEBUG - Detected 1 valid faces
2025-06-12 04:10:53,922 - DEBUG - Processing batch of 1 faces, shape: (1, 224, 224, 3)
2025-06-12 04:10:54,280 - INFO - Face 0: Lacking_Focus (0.474) | All: [Bored:0.376, Interested:0.150, Lacking_Focus:0.474]
2025-06-12 04:10:54,281 - DEBUG - 📦 Processed frame: 1 faces, 1102.2ms
2025-06-12 04:10:54,365 - DEBUG - Image decoded successfully: (240, 320, 3)
2025-06-12 04:10:55,368 - DEBUG - Face preprocessed: shape=(224, 224, 3), range=[-94.779, 126.061], mean=-2.518
2025-06-12 04:10:55,370 - DEBUG - Detected 1 valid faces
2025-06-12 04:10:55,372 - DEBUG - Processing batch of 1 faces, shape: (1, 224, 224, 3)
2025-06-12 04:10:55,678 - INFO - Face 0: Bored (0.435) | All: [Bored:0.435, Interested:0.376, Lacking_Focus:0.189]
2025-06-12 04:10:55,679 - DEBUG - 📦 Processed frame: 1 faces, 1314.5ms
2025-06-12 04:10:55,736 - DEBUG - Image decoded successfully: (240, 320, 3)
2025-06-12 04:10:56,444 - DEBUG - Face preprocessed: shape=(224, 224, 3), range=[-92.779, 115.061], mean=-2.657
2025-06-12 04:10:56,448 - DEBUG - Detected 1 valid faces
2025-06-12 04:10:56,450 - DEBUG - Processing batch of 1 faces, shape: (1, 224, 224, 3)
2025-06-12 04:10:56,807 - INFO - Face 0: Bored (0.520) | All: [Bored:0.520, Interested:0.265, Lacking_Focus:0.215]
2025-06-12 04:10:56,808 - DEBUG - 📦 Processed frame: 1 faces, 1072.2ms
2025-06-12 04:10:56,867 - DEBUG - Image decoded successfully: (240, 320, 3)
2025-06-12 04:10:57,646 - DEBUG - Face preprocessed: shape=(224, 224, 3), range=[-102.779, 125.061], mean=-3.014
2025-06-12 04:10:57,647 - DEBUG - Detected 1 valid faces
2025-06-12 04:10:57,649 - DEBUG - Processing batch of 1 faces, shape: (1, 224, 224, 3)
2025-06-12 04:10:57,998 - INFO - Face 0: Interested (0.426) | All: [Bored:0.406, Interested:0.426, Lacking_Focus:0.168]
2025-06-12 04:10:57,999 - DEBUG - 📦 Processed frame: 1 faces, 1132.0ms
2025-06-12 04:10:58,056 - DEBUG - Image decoded successfully: (240, 320, 3)
2025-06-12 04:10:58,791 - DEBUG - Face preprocessed: shape=(224, 224, 3), range=[-93.779, 124.061], mean=-1.756
2025-06-12 04:10:58,792 - DEBUG - Detected 1 valid faces
2025-06-12 04:10:58,793 - DEBUG - Processing batch of 1 faces, shape: (1, 224, 224, 3)
2025-06-12 04:10:59,132 - INFO - Face 0: Bored (0.537) | All: [Bored:0.537, Interested:0.296, Lacking_Focus:0.167]
2025-06-12 04:10:59,133 - DEBUG - 📦 Processed frame: 1 faces, 1078.0ms
2025-06-12 04:10:59,201 - DEBUG - Image decoded successfully: (240, 320, 3)
2025-06-12 04:11:00,224 - DEBUG - Face preprocessed: shape=(224, 224, 3), range=[-94.680, 124.061], mean=-4.619
2025-06-12 04:11:00,229 - DEBUG - Detected 1 valid faces
2025-06-12 04:11:00,233 - DEBUG - Processing batch of 1 faces, shape: (1, 224, 224, 3)
2025-06-12 04:11:00,528 - INFO - Face 0: Interested (0.566) | All: [Bored:0.294, Interested:0.566, Lacking_Focus:0.140]
2025-06-12 04:11:00,529 - DEBUG - 📦 Processed frame: 1 faces, 1327.9ms
2025-06-12 04:11:00,598 - DEBUG - Image decoded successfully: (240, 320, 3)
2025-06-12 04:11:01,583 - DEBUG - Face preprocessed: shape=(224, 224, 3), range=[-93.779, 123.061], mean=-4.125
2025-06-12 04:11:01,585 - DEBUG - Detected 1 valid faces
2025-06-12 04:11:01,590 - DEBUG - Processing batch of 1 faces, shape: (1, 224, 224, 3)
2025-06-12 04:11:01,930 - INFO - Face 0: Bored (0.567) | All: [Bored:0.567, Interested:0.321, Lacking_Focus:0.112]
2025-06-12 04:11:01,931 - DEBUG - 📦 Processed frame: 1 faces, 1333.8ms
2025-06-12 04:11:01,998 - DEBUG - Image decoded successfully: (240, 320, 3)
2025-06-12 04:11:02,840 - DEBUG - Face preprocessed: shape=(224, 224, 3), range=[-102.680, 123.061], mean=-5.100
2025-06-12 04:11:02,842 - DEBUG - Detected 1 valid faces
2025-06-12 04:11:02,846 - DEBUG - Processing batch of 1 faces, shape: (1, 224, 224, 3)
2025-06-12 04:11:03,138 - INFO - Face 0: Interested (0.441) | All: [Bored:0.392, Interested:0.441, Lacking_Focus:0.166]
2025-06-12 04:11:03,139 - DEBUG - 📦 Processed frame: 1 faces, 1141.4ms
2025-06-12 04:11:03,204 - DEBUG - Image decoded successfully: (240, 320, 3)
2025-06-12 04:11:03,941 - DEBUG - Face preprocessed: shape=(224, 224, 3), range=[-91.779, 125.061], mean=-2.061
2025-06-12 04:11:03,943 - DEBUG - Detected 1 valid faces
2025-06-12 04:11:03,945 - DEBUG - Processing batch of 1 faces, shape: (1, 224, 224, 3)
2025-06-12 04:11:04,291 - INFO - Face 0: Bored (0.412) | All: [Bored:0.412, Interested:0.311, Lacking_Focus:0.277]
2025-06-12 04:11:04,292 - DEBUG - 📦 Processed frame: 1 faces, 1088.5ms
2025-06-12 04:11:04,353 - DEBUG - Image decoded successfully: (240, 320, 3)
2025-06-12 04:11:05,203 - DEBUG - Face preprocessed: shape=(224, 224, 3), range=[-92.680, 124.061], mean=-1.561
2025-06-12 04:11:05,205 - DEBUG - Detected 1 valid faces
2025-06-12 04:11:05,206 - DEBUG - Processing batch of 1 faces, shape: (1, 224, 224, 3)
2025-06-12 04:11:05,507 - INFO - Face 0: Interested (0.417) | All: [Bored:0.304, Interested:0.417, Lacking_Focus:0.280]
2025-06-12 04:11:05,508 - DEBUG - 📦 Processed frame: 1 faces, 1155.0ms
2025-06-12 04:11:05,561 - DEBUG - Image decoded successfully: (240, 320, 3)
2025-06-12 04:11:06,404 - DEBUG - Face preprocessed: shape=(224, 224, 3), range=[-111.779, 123.061], mean=-2.059
2025-06-12 04:11:06,408 - DEBUG - Detected 1 valid faces
2025-06-12 04:11:06,410 - DEBUG - Processing batch of 1 faces, shape: (1, 224, 224, 3)
2025-06-12 04:11:06,748 - INFO - Face 0: Bored (0.518) | All: [Bored:0.518, Interested:0.238, Lacking_Focus:0.244]
2025-06-12 04:11:06,750 - DEBUG - 📦 Processed frame: 1 faces, 1189.3ms
2025-06-12 04:11:06,816 - DEBUG - Image decoded successfully: (240, 320, 3)
2025-06-12 04:11:07,485 - DEBUG - Face preprocessed: shape=(224, 224, 3), range=[-98.779, 106.061], mean=-9.803
2025-06-12 04:11:07,488 - DEBUG - Detected 1 valid faces
2025-06-12 04:11:07,491 - DEBUG - Processing batch of 1 faces, shape: (1, 224, 224, 3)
2025-06-12 04:11:07,844 - INFO - Face 0: Bored (0.561) | All: [Bored:0.561, Interested:0.141, Lacking_Focus:0.299]
2025-06-12 04:11:07,844 - DEBUG - 📦 Processed frame: 1 faces, 1028.8ms
2025-06-12 04:11:07,907 - DEBUG - Image decoded successfully: (240, 320, 3)
2025-06-12 04:11:08,772 - DEBUG - Face preprocessed: shape=(224, 224, 3), range=[-101.779, 118.320], mean=-2.417
2025-06-12 04:11:08,775 - DEBUG - Detected 1 valid faces
2025-06-12 04:11:08,777 - DEBUG - Processing batch of 1 faces, shape: (1, 224, 224, 3)
2025-06-12 04:11:09,154 - INFO - Face 0: Bored (0.393) | All: [Bored:0.393, Interested:0.231, Lacking_Focus:0.376]
2025-06-12 04:11:09,155 - DEBUG - 📦 Processed frame: 1 faces, 1248.4ms
2025-06-12 04:11:09,219 - DEBUG - Image decoded successfully: (240, 320, 3)
2025-06-12 04:11:10,033 - DEBUG - Face preprocessed: shape=(224, 224, 3), range=[-102.779, 112.320], mean=-5.983
2025-06-12 04:11:10,036 - DEBUG - Detected 1 valid faces
2025-06-12 04:11:10,038 - DEBUG - Processing batch of 1 faces, shape: (1, 224, 224, 3)
2025-06-12 04:11:10,411 - INFO - Face 0: Lacking_Focus (0.348) | All: [Bored:0.323, Interested:0.329, Lacking_Focus:0.348]
2025-06-12 04:11:10,412 - DEBUG - 📦 Processed frame: 1 faces, 1193.6ms
2025-06-12 04:11:10,493 - DEBUG - Image decoded successfully: (240, 320, 3)
2025-06-12 04:11:11,543 - DEBUG - Face preprocessed: shape=(224, 224, 3), range=[-108.680, 110.320], mean=-7.862
2025-06-12 04:11:11,546 - DEBUG - Detected 1 valid faces
2025-06-12 04:11:11,552 - DEBUG - Processing batch of 1 faces, shape: (1, 224, 224, 3)
2025-06-12 04:11:11,947 - INFO - Face 0: Bored (0.763) | All: [Bored:0.763, Interested:0.070, Lacking_Focus:0.167]
2025-06-12 04:11:11,948 - DEBUG - 📦 Processed frame: 1 faces, 1455.4ms
2025-06-12 04:11:12,036 - DEBUG - Image decoded successfully: (240, 320, 3)
2025-06-12 04:11:13,225 - DEBUG - Face preprocessed: shape=(224, 224, 3), range=[-107.779, 110.320], mean=-6.926
2025-06-12 04:11:13,227 - DEBUG - Detected 1 valid faces
2025-06-12 04:11:13,231 - DEBUG - Processing batch of 1 faces, shape: (1, 224, 224, 3)
2025-06-12 04:11:13,588 - INFO - Face 0: Bored (0.496) | All: [Bored:0.496, Interested:0.236, Lacking_Focus:0.268]
2025-06-12 04:11:13,589 - DEBUG - 📦 Processed frame: 1 faces, 1553.7ms
2025-06-12 04:11:13,694 - DEBUG - Image decoded successfully: (240, 320, 3)
2025-06-12 04:11:14,692 - DEBUG - Face preprocessed: shape=(224, 224, 3), range=[-104.779, 111.061], mean=-7.010
2025-06-12 04:11:14,694 - DEBUG - Detected 1 valid faces
2025-06-12 04:11:14,695 - DEBUG - Processing batch of 1 faces, shape: (1, 224, 224, 3)
2025-06-12 04:11:15,034 - INFO - Face 0: Bored (0.603) | All: [Bored:0.603, Interested:0.182, Lacking_Focus:0.214]
2025-06-12 04:11:15,035 - DEBUG - 📦 Processed frame: 1 faces, 1341.8ms
2025-06-12 04:11:15,119 - DEBUG - Image decoded successfully: (240, 320, 3)
2025-06-12 04:11:16,133 - DEBUG - Face preprocessed: shape=(224, 224, 3), range=[-116.680, 112.061], mean=-8.762
2025-06-12 04:11:16,136 - DEBUG - Detected 1 valid faces
2025-06-12 04:11:16,138 - DEBUG - Processing batch of 1 faces, shape: (1, 224, 224, 3)
2025-06-12 04:11:16,502 - INFO - Face 0: Bored (0.484) | All: [Bored:0.484, Interested:0.180, Lacking_Focus:0.336]
2025-06-12 04:11:16,503 - DEBUG - 📦 Processed frame: 1 faces, 1384.8ms
2025-06-12 04:11:16,637 - DEBUG - Image decoded successfully: (240, 320, 3)
2025-06-12 04:11:16,042 - DEBUG - Face preprocessed: shape=(224, 224, 3), range=[-105.779, 105.320], mean=-9.883
2025-06-12 04:11:16,043 - DEBUG - Detected 1 valid faces
2025-06-12 04:11:16,045 - DEBUG - Processing batch of 1 faces, shape: (1, 224, 224, 3)
2025-06-12 04:11:16,501 - INFO - Face 0: Bored (0.662) | All: [Bored:0.662, Interested:0.286, Lacking_Focus:0.052]
2025-06-12 04:11:16,502 - DEBUG - 📦 Processed frame: 1 faces, -134.5ms
2025-06-12 04:11:16,578 - DEBUG - Image decoded successfully: (240, 320, 3)
2025-06-12 04:11:17,556 - DEBUG - Face preprocessed: shape=(224, 224, 3), range=[-98.779, 111.320], mean=-7.494
2025-06-12 04:11:17,558 - DEBUG - Detected 1 valid faces
2025-06-12 04:11:17,562 - DEBUG - Processing batch of 1 faces, shape: (1, 224, 224, 3)
2025-06-12 04:11:17,933 - INFO - Face 0: Bored (0.660) | All: [Bored:0.660, Interested:0.133, Lacking_Focus:0.208]
2025-06-12 04:11:17,934 - DEBUG - 📦 Processed frame: 1 faces, 1356.7ms
2025-06-12 04:11:18,046 - DEBUG - Image decoded successfully: (240, 320, 3)
2025-06-12 04:11:18,994 - DEBUG - Face preprocessed: shape=(224, 224, 3), range=[-95.779, 107.320], mean=-7.239
2025-06-12 04:11:19,000 - DEBUG - Detected 1 valid faces
2025-06-12 04:11:19,010 - DEBUG - Processing batch of 1 faces, shape: (1, 224, 224, 3)
2025-06-12 04:11:19,357 - INFO - Face 0: Interested (0.527) | All: [Bored:0.398, Interested:0.527, Lacking_Focus:0.075]
2025-06-12 04:11:19,358 - DEBUG - 📦 Processed frame: 1 faces, 1313.5ms
2025-06-12 04:11:19,415 - DEBUG - Image decoded successfully: (240, 320, 3)
2025-06-12 04:11:20,255 - DEBUG - Face preprocessed: shape=(224, 224, 3), range=[-98.779, 110.320], mean=-7.436
2025-06-12 04:11:20,258 - DEBUG - Detected 1 valid faces
2025-06-12 04:11:20,260 - DEBUG - Processing batch of 1 faces, shape: (1, 224, 224, 3)
2025-06-12 04:11:20,574 - INFO - Face 0: Interested (0.516) | All: [Bored:0.276, Interested:0.516, Lacking_Focus:0.207]
2025-06-12 04:11:20,575 - DEBUG - 📦 Processed frame: 1 faces, 1160.1ms
2025-06-12 04:11:20,649 - DEBUG - Image decoded successfully: (240, 320, 3)
2025-06-12 04:11:21,653 - DEBUG - Face preprocessed: shape=(224, 224, 3), range=[-112.680, 111.320], mean=-6.862
2025-06-12 04:11:21,657 - DEBUG - Detected 1 valid faces
2025-06-12 04:11:21,661 - DEBUG - Processing batch of 1 faces, shape: (1, 224, 224, 3)
2025-06-12 04:11:22,044 - INFO - Face 0: Lacking_Focus (0.389) | All: [Bored:0.241, Interested:0.370, Lacking_Focus:0.389]
2025-06-12 04:11:22,045 - DEBUG - 📦 Processed frame: 1 faces, 1395.7ms
2025-06-12 04:11:22,119 - DEBUG - Image decoded successfully: (240, 320, 3)
2025-06-12 04:11:23,205 - DEBUG - Face preprocessed: shape=(224, 224, 3), range=[-97.680, 110.320], mean=2.541
2025-06-12 04:11:23,207 - DEBUG - Detected 1 valid faces
2025-06-12 04:11:23,209 - DEBUG - Processing batch of 1 faces, shape: (1, 224, 224, 3)
2025-06-12 04:11:23,519 - INFO - Face 0: Lacking_Focus (0.921) | All: [Bored:0.053, Interested:0.026, Lacking_Focus:0.921]
2025-06-12 04:11:23,520 - DEBUG - 📦 Processed frame: 1 faces, 1401.5ms
2025-06-12 04:11:23,598 - DEBUG - Image decoded successfully: (240, 320, 3)
2025-06-12 04:11:24,673 - DEBUG - Face preprocessed: shape=(224, 224, 3), range=[-103.779, 116.320], mean=4.520
2025-06-12 04:11:24,676 - DEBUG - Detected 1 valid faces
2025-06-12 04:11:24,677 - DEBUG - Processing batch of 1 faces, shape: (1, 224, 224, 3)
2025-06-12 04:11:25,011 - INFO - Face 0: Lacking_Focus (0.692) | All: [Bored:0.281, Interested:0.027, Lacking_Focus:0.692]
2025-06-12 04:11:25,012 - DEBUG - 📦 Processed frame: 1 faces, 1414.3ms
2025-06-12 04:11:25,083 - DEBUG - Image decoded successfully: (240, 320, 3)
2025-06-12 04:11:26,064 - DEBUG - Face preprocessed: shape=(224, 224, 3), range=[-99.779, 111.320], mean=4.388
2025-06-12 04:11:26,066 - DEBUG - Detected 1 valid faces
2025-06-12 04:11:26,070 - DEBUG - Processing batch of 1 faces, shape: (1, 224, 224, 3)
2025-06-12 04:11:26,378 - INFO - Face 0: Lacking_Focus (0.834) | All: [Bored:0.126, Interested:0.040, Lacking_Focus:0.834]
2025-06-12 04:11:26,379 - DEBUG - 📦 Processed frame: 1 faces, 1296.5ms
2025-06-12 04:11:26,481 - DEBUG - Image decoded successfully: (240, 320, 3)
2025-06-12 04:11:27,834 - DEBUG - Face preprocessed: shape=(224, 224, 3), range=[-106.779, 111.320], mean=1.504
2025-06-12 04:11:27,835 - DEBUG - Detected 1 valid faces
2025-06-12 04:11:27,838 - DEBUG - Processing batch of 1 faces, shape: (1, 224, 224, 3)
2025-06-12 04:11:28,380 - INFO - Face 0: Lacking_Focus (0.749) | All: [Bored:0.214, Interested:0.036, Lacking_Focus:0.749]
2025-06-12 04:11:28,381 - DEBUG - 📦 Processed frame: 1 faces, 1901.3ms
2025-06-12 04:11:28,467 - DEBUG - Image decoded successfully: (240, 320, 3)
2025-06-12 04:11:29,475 - DEBUG - Face preprocessed: shape=(224, 224, 3), range=[-104.779, 110.320], mean=1.611
2025-06-12 04:11:29,476 - DEBUG - Detected 1 valid faces
2025-06-12 04:11:29,477 - DEBUG - Processing batch of 1 faces, shape: (1, 224, 224, 3)
2025-06-12 04:11:29,915 - INFO - Face 0: Lacking_Focus (0.735) | All: [Bored:0.230, Interested:0.036, Lacking_Focus:0.735]
2025-06-12 04:11:29,916 - DEBUG - 📦 Processed frame: 1 faces, 1450.5ms
2025-06-12 04:11:30,005 - DEBUG - Image decoded successfully: (240, 320, 3)
2025-06-12 04:11:31,086 - DEBUG - Face preprocessed: shape=(224, 224, 3), range=[-105.779, 114.320], mean=5.495
2025-06-12 04:11:31,087 - DEBUG - Detected 1 valid faces
2025-06-12 04:11:31,091 - DEBUG - Processing batch of 1 faces, shape: (1, 224, 224, 3)
2025-06-12 04:11:31,358 - INFO - Face 0: Lacking_Focus (0.720) | All: [Bored:0.237, Interested:0.042, Lacking_Focus:0.720]
2025-06-12 04:11:31,359 - DEBUG - 📦 Processed frame: 1 faces, 1354.8ms
2025-06-12 04:11:31,422 - DEBUG - Image decoded successfully: (240, 320, 3)
2025-06-12 04:11:32,331 - DEBUG - Face preprocessed: shape=(224, 224, 3), range=[-100.779, 132.061], mean=-6.662
2025-06-12 04:11:32,333 - DEBUG - Detected 1 valid faces
2025-06-12 04:11:32,341 - DEBUG - Processing batch of 1 faces, shape: (1, 224, 224, 3)
2025-06-12 04:11:32,610 - INFO - Face 0: Bored (0.603) | All: [Bored:0.603, Interested:0.246, Lacking_Focus:0.151]
2025-06-12 04:11:32,611 - DEBUG - 📦 Processed frame: 1 faces, 1190.4ms
2025-06-12 04:11:32,691 - DEBUG - Image decoded successfully: (240, 320, 3)
2025-06-12 04:11:33,646 - DEBUG - Face preprocessed: shape=(224, 224, 3), range=[-95.779, 117.320], mean=-6.477
2025-06-12 04:11:33,648 - DEBUG - Detected 1 valid faces
2025-06-12 04:11:33,650 - DEBUG - Processing batch of 1 faces, shape: (1, 224, 224, 3)
2025-06-12 04:11:34,046 - INFO - Face 0: Bored (0.642) | All: [Bored:0.642, Interested:0.150, Lacking_Focus:0.208]
2025-06-12 04:11:34,048 - DEBUG - 📦 Processed frame: 1 faces, 1357.2ms
2025-06-12 04:11:34,107 - DEBUG - Image decoded successfully: (240, 320, 3)
2025-06-12 04:11:34,909 - DEBUG - Face preprocessed: shape=(224, 224, 3), range=[-95.779, 117.061], mean=-7.019
2025-06-12 04:11:34,911 - DEBUG - Detected 1 valid faces
2025-06-12 04:11:34,913 - DEBUG - Processing batch of 1 faces, shape: (1, 224, 224, 3)
2025-06-12 04:11:35,187 - INFO - Face 0: Bored (0.547) | All: [Bored:0.547, Interested:0.183, Lacking_Focus:0.270]
2025-06-12 04:11:35,188 - DEBUG - 📦 Processed frame: 1 faces, 1081.4ms
2025-06-12 04:11:35,245 - DEBUG - Image decoded successfully: (240, 320, 3)
2025-06-12 04:11:36,074 - DEBUG - Face preprocessed: shape=(224, 224, 3), range=[-95.779, 123.320], mean=-3.755
2025-06-12 04:11:36,077 - DEBUG - Detected 1 valid faces
2025-06-12 04:11:36,079 - DEBUG - Processing batch of 1 faces, shape: (1, 224, 224, 3)
2025-06-12 04:11:36,388 - INFO - Face 0: Bored (0.582) | All: [Bored:0.582, Interested:0.193, Lacking_Focus:0.224]
2025-06-12 04:11:36,389 - DEBUG - 📦 Processed frame: 1 faces, 1144.9ms
2025-06-12 04:11:36,450 - DEBUG - Image decoded successfully: (240, 320, 3)
2025-06-12 04:11:37,352 - DEBUG - Face preprocessed: shape=(224, 224, 3), range=[-95.779, 118.061], mean=-5.403
2025-06-12 04:11:37,355 - DEBUG - Detected 1 valid faces
2025-06-12 04:11:37,359 - DEBUG - Processing batch of 1 faces, shape: (1, 224, 224, 3)
2025-06-12 04:11:37,816 - INFO - Face 0: Bored (0.401) | All: [Bored:0.401, Interested:0.221, Lacking_Focus:0.378]
2025-06-12 04:11:37,818 - DEBUG - 📦 Processed frame: 1 faces, 1368.5ms
2025-06-12 04:11:37,829 - INFO - ❌ Client disconnected
2025-06-12 04:11:37,830 - INFO - Disconnect reason: disconnect
2025-06-12 04:11:37,913 - INFO - ✅ Client connected
2025-06-12 04:11:38,689 - DEBUG - Image decoded successfully: (240, 320, 3)
2025-06-12 04:11:39,758 - DEBUG - Face preprocessed: shape=(224, 224, 3), range=[-100.779, 123.320], mean=-4.234
2025-06-12 04:11:39,763 - DEBUG - Detected 1 valid faces
2025-06-12 04:11:39,769 - DEBUG - Processing batch of 1 faces, shape: (1, 224, 224, 3)
2025-06-12 04:11:40,544 - INFO - Face 0: Lacking_Focus (0.457) | All: [Bored:0.422, Interested:0.122, Lacking_Focus:0.457]
2025-06-12 04:11:40,546 - DEBUG - 📦 Processed frame: 1 faces, 1857.6ms
2025-06-12 04:11:40,852 - DEBUG - Image decoded successfully: (240, 320, 3)
2025-06-12 04:11:42,238 - DEBUG - Face preprocessed: shape=(224, 224, 3), range=[-97.779, 117.320], mean=-5.088
2025-06-12 04:11:42,242 - DEBUG - Detected 1 valid faces
2025-06-12 04:11:42,245 - DEBUG - Processing batch of 1 faces, shape: (1, 224, 224, 3)
2025-06-12 04:11:42,887 - INFO - Face 0: Bored (0.426) | All: [Bored:0.426, Interested:0.157, Lacking_Focus:0.417]
2025-06-12 04:11:42,888 - DEBUG - 📦 Processed frame: 1 faces, 2040.2ms
2025-06-12 04:11:44,569 - INFO - ❌ Client disconnected
2025-06-12 04:11:44,570 - INFO - Disconnect reason: disconnect
2025-06-12 04:12:25,705 - INFO - ✅ Face detection model initialized
2025-06-12 04:12:29,487 - INFO - Model output shape: (1, 3)
2025-06-12 04:12:29,488 - INFO - Expected classes: 3
2025-06-12 04:12:29,488 - INFO - Model output classes: 3
2025-06-12 04:12:29,489 - INFO - Test output sum: 1.0000
2025-06-12 04:12:29,506 - INFO - Model architecture:
Model: "Resnet50_Engagement_Classifier"
┏━━━━━━━━━━━━━━━━━━━━━━━━━━━━━━━━━┳━━━━━━━━━━━━━━━━━━━━━━━━┳━━━━━━━━━━━━━━━┓
┃ Layer (type)                    ┃ Output Shape           ┃       Param # ┃
┡━━━━━━━━━━━━━━━━━━━━━━━━━━━━━━━━━╇━━━━━━━━━━━━━━━━━━━━━━━━╇━━━━━━━━━━━━━━━┩
│ input_image (InputLayer)        │ (None, 224, 224, 3)    │             0 │
├─────────────────────────────────┼────────────────────────┼───────────────┤
│ resnet50 (Functional)           │ (None, 7, 7, 2048)     │    23,587,712 │
├─────────────────────────────────┼────────────────────────┼───────────────┤
│ global_average_pooling2d        │ (None, 2048)           │             0 │
│ (GlobalAveragePooling2D)        │                        │               │
├─────────────────────────────────┼────────────────────────┼───────────────┤
│ dense (Dense)                   │ (None, 512)            │     1,049,088 │
├─────────────────────────────────┼────────────────────────┼───────────────┤
│ batch_normalization             │ (None, 512)            │         2,048 │
│ (BatchNormalization)            │                        │               │
├─────────────────────────────────┼────────────────────────┼───────────────┤
│ dropout (Dropout)               │ (None, 512)            │             0 │
├─────────────────────────────────┼────────────────────────┼───────────────┤
│ dense_1 (Dense)                 │ (None, 256)            │       131,328 │
├─────────────────────────────────┼────────────────────────┼───────────────┤
│ batch_normalization_1           │ (None, 256)            │         1,024 │
│ (BatchNormalization)            │                        │               │
├─────────────────────────────────┼────────────────────────┼───────────────┤
│ dropout_1 (Dropout)             │ (None, 256)            │             0 │
├─────────────────────────────────┼────────────────────────┼───────────────┤
│ engagement_predictions (Dense)  │ (None, 3)              │           771 │
└─────────────────────────────────┴────────────────────────┴───────────────┘
 Total params: 24,771,971 (94.50 MB)
 Trainable params: 1,182,723 (4.51 MB)
 Non-trainable params: 23,589,248 (89.99 MB)

2025-06-12 04:12:29,507 - INFO - ✅ Model validation passed
2025-06-12 04:12:29,507 - INFO - ✅ Emotion model loaded and validated: /app/apps/models/emotion_recognition_model.keras
2025-06-12 04:12:29,508 - INFO - ✅ Using emotion labels: ['Bored', 'Interested', 'Lacking_Focus']
2025-06-12 04:14:21,294 - INFO - ✅ Face detection model initialized
2025-06-12 04:14:35,353 - INFO - Model output shape: (1, 3)
2025-06-12 04:14:35,354 - INFO - Expected classes: 3
2025-06-12 04:14:35,355 - INFO - Model output classes: 3
2025-06-12 04:14:35,356 - INFO - Test output sum: 1.0000
2025-06-12 04:14:35,373 - INFO - Model architecture:
Model: "Resnet50_Engagement_Classifier"
┏━━━━━━━━━━━━━━━━━━━━━━━━━━━━━━━━━┳━━━━━━━━━━━━━━━━━━━━━━━━┳━━━━━━━━━━━━━━━┓
┃ Layer (type)                    ┃ Output Shape           ┃       Param # ┃
┡━━━━━━━━━━━━━━━━━━━━━━━━━━━━━━━━━╇━━━━━━━━━━━━━━━━━━━━━━━━╇━━━━━━━━━━━━━━━┩
│ input_image (InputLayer)        │ (None, 224, 224, 3)    │             0 │
├─────────────────────────────────┼────────────────────────┼───────────────┤
│ resnet50 (Functional)           │ (None, 7, 7, 2048)     │    23,587,712 │
├─────────────────────────────────┼────────────────────────┼───────────────┤
│ global_average_pooling2d        │ (None, 2048)           │             0 │
│ (GlobalAveragePooling2D)        │                        │               │
├─────────────────────────────────┼────────────────────────┼───────────────┤
│ dense (Dense)                   │ (None, 512)            │     1,049,088 │
├─────────────────────────────────┼────────────────────────┼───────────────┤
│ batch_normalization             │ (None, 512)            │         2,048 │
│ (BatchNormalization)            │                        │               │
├─────────────────────────────────┼────────────────────────┼───────────────┤
│ dropout (Dropout)               │ (None, 512)            │             0 │
├─────────────────────────────────┼────────────────────────┼───────────────┤
│ dense_1 (Dense)                 │ (None, 256)            │       131,328 │
├─────────────────────────────────┼────────────────────────┼───────────────┤
│ batch_normalization_1           │ (None, 256)            │         1,024 │
│ (BatchNormalization)            │                        │               │
├─────────────────────────────────┼────────────────────────┼───────────────┤
│ dropout_1 (Dropout)             │ (None, 256)            │             0 │
├─────────────────────────────────┼────────────────────────┼───────────────┤
│ engagement_predictions (Dense)  │ (None, 3)              │           771 │
└─────────────────────────────────┴────────────────────────┴───────────────┘
 Total params: 24,771,971 (94.50 MB)
 Trainable params: 1,182,723 (4.51 MB)
 Non-trainable params: 23,589,248 (89.99 MB)

2025-06-12 04:14:35,374 - INFO - ✅ Model validation passed
2025-06-12 04:14:35,375 - INFO - ✅ Emotion model loaded and validated: /app/apps/models/emotion_recognition_model.keras
2025-06-12 04:14:35,375 - INFO - ✅ Using emotion labels: ['Bored', 'Interested', 'Lacking_Focus']
2025-06-12 04:20:13,516 - INFO - ✅ Client connected
2025-06-12 04:20:14,391 - DEBUG - Image decoded successfully: (240, 320, 3)
2025-06-12 04:20:15,176 - DEBUG - Face preprocessed: shape=(224, 224, 3), range=[-97.779, 121.061], mean=-6.170
2025-06-12 04:20:15,177 - DEBUG - Detected 1 valid faces
2025-06-12 04:20:15,179 - DEBUG - Processing batch of 1 faces, shape: (1, 224, 224, 3)
2025-06-12 04:20:15,480 - INFO - 
Face 0 Prediction Analysis:
  Top Prediction: Lacking_Focus (0.489)
  Second Best: Interested (0.356)
  Prediction Stats:
    Mean: 0.333
    Std: 0.138
    Max: 0.489
    Min: 0.154
  All Predictions:
    Bored: 0.154
    Interested: 0.356
    Lacking_Focus: 0.489
2025-06-12 04:20:15,481 - DEBUG - 📦 Processed frame: 1 faces, 1091.5ms
2025-06-12 04:20:15,740 - DEBUG - Image decoded successfully: (240, 320, 3)
2025-06-12 04:20:16,300 - DEBUG - Face preprocessed: shape=(224, 224, 3), range=[-95.680, 125.061], mean=-3.879
2025-06-12 04:20:16,301 - DEBUG - Detected 1 valid faces
2025-06-12 04:20:16,302 - DEBUG - Processing batch of 1 faces, shape: (1, 224, 224, 3)
2025-06-12 04:20:16,547 - INFO - 
Face 0 Prediction Analysis:
  Top Prediction: Lacking_Focus (0.439)
  Second Best: Interested (0.349)
  Prediction Stats:
    Mean: 0.333
    Std: 0.093
    Max: 0.439
    Min: 0.212
  All Predictions:
    Bored: 0.212
    Interested: 0.349
    Lacking_Focus: 0.439
2025-06-12 04:20:16,548 - DEBUG - 📦 Processed frame: 1 faces, 808.6ms
2025-06-12 04:20:16,685 - DEBUG - Image decoded successfully: (240, 320, 3)
2025-06-12 04:20:17,242 - DEBUG - Face preprocessed: shape=(224, 224, 3), range=[-100.779, 123.320], mean=-5.380
2025-06-12 04:20:17,243 - DEBUG - Detected 1 valid faces
2025-06-12 04:20:17,243 - DEBUG - Processing batch of 1 faces, shape: (1, 224, 224, 3)
2025-06-12 04:20:17,487 - INFO - 
Face 0 Prediction Analysis:
  Top Prediction: Lacking_Focus (0.428)
  Second Best: Interested (0.367)
  Prediction Stats:
    Mean: 0.333
    Std: 0.094
    Max: 0.428
    Min: 0.205
  All Predictions:
    Bored: 0.205
    Interested: 0.367
    Lacking_Focus: 0.428
2025-06-12 04:20:17,488 - DEBUG - 📦 Processed frame: 1 faces, 803.8ms
2025-06-12 04:20:17,559 - DEBUG - Image decoded successfully: (240, 320, 3)
2025-06-12 04:20:18,122 - DEBUG - Face preprocessed: shape=(224, 224, 3), range=[-98.680, 133.061], mean=-3.753
2025-06-12 04:20:18,123 - DEBUG - Detected 1 valid faces
2025-06-12 04:20:18,124 - DEBUG - Processing batch of 1 faces, shape: (1, 224, 224, 3)
2025-06-12 04:20:18,370 - INFO - 
Face 0 Prediction Analysis:
  Top Prediction: Interested (0.413)
  Second Best: Lacking_Focus (0.325)
  Prediction Stats:
    Mean: 0.333
    Std: 0.062
    Max: 0.413
    Min: 0.262
  All Predictions:
    Bored: 0.262
    Interested: 0.413
    Lacking_Focus: 0.325
2025-06-12 04:20:18,371 - WARNING - Face 0: Predictions are very close, might be ambiguous
2025-06-12 04:20:18,372 - DEBUG - 📦 Processed frame: 1 faces, 814.6ms
2025-06-12 04:20:18,518 - DEBUG - Image decoded successfully: (240, 320, 3)
2025-06-12 04:20:18,989 - DEBUG - Face preprocessed: shape=(224, 224, 3), range=[-96.779, 125.061], mean=-7.314
2025-06-12 04:20:18,989 - DEBUG - Detected 1 valid faces
2025-06-12 04:20:18,990 - DEBUG - Processing batch of 1 faces, shape: (1, 224, 224, 3)
2025-06-12 04:20:19,225 - INFO - 
Face 0 Prediction Analysis:
  Top Prediction: Lacking_Focus (0.593)
  Second Best: Bored (0.207)
  Prediction Stats:
    Mean: 0.333
    Std: 0.183
    Max: 0.593
    Min: 0.200
  All Predictions:
    Bored: 0.207
    Interested: 0.200
    Lacking_Focus: 0.593
2025-06-12 04:20:19,226 - DEBUG - 📦 Processed frame: 1 faces, 708.7ms
2025-06-12 04:20:19,348 - DEBUG - Image decoded successfully: (240, 320, 3)
2025-06-12 04:20:19,916 - DEBUG - Face preprocessed: shape=(224, 224, 3), range=[-100.779, 127.061], mean=-4.330
2025-06-12 04:20:19,917 - DEBUG - Detected 1 valid faces
2025-06-12 04:20:19,918 - DEBUG - Processing batch of 1 faces, shape: (1, 224, 224, 3)
2025-06-12 04:20:20,189 - INFO - 
Face 0 Prediction Analysis:
  Top Prediction: Interested (0.409)
  Second Best: Lacking_Focus (0.351)
  Prediction Stats:
    Mean: 0.333
    Std: 0.070
    Max: 0.409
    Min: 0.240
  All Predictions:
    Bored: 0.240
    Interested: 0.409
    Lacking_Focus: 0.351
2025-06-12 04:20:20,189 - WARNING - Face 0: Predictions are very close, might be ambiguous
2025-06-12 04:20:20,191 - DEBUG - 📦 Processed frame: 1 faces, 843.0ms
2025-06-12 04:20:20,308 - DEBUG - Image decoded successfully: (240, 320, 3)
2025-06-12 04:20:20,982 - DEBUG - Face preprocessed: shape=(224, 224, 3), range=[-97.779, 126.061], mean=-6.741
2025-06-12 04:20:20,983 - DEBUG - Detected 1 valid faces
2025-06-12 04:20:20,984 - DEBUG - Processing batch of 1 faces, shape: (1, 224, 224, 3)
2025-06-12 04:20:21,266 - INFO - 
Face 0 Prediction Analysis:
  Top Prediction: Lacking_Focus (0.710)
  Second Best: Interested (0.179)
  Prediction Stats:
    Mean: 0.333
    Std: 0.268
    Max: 0.710
    Min: 0.111
  All Predictions:
    Bored: 0.111
    Interested: 0.179
    Lacking_Focus: 0.710
2025-06-12 04:20:21,267 - DEBUG - 📦 Processed frame: 1 faces, 960.1ms
2025-06-12 04:20:21,363 - DEBUG - Image decoded successfully: (240, 320, 3)
2025-06-12 04:20:21,941 - DEBUG - Face preprocessed: shape=(224, 224, 3), range=[-99.680, 125.061], mean=-14.644
2025-06-12 04:20:21,943 - DEBUG - Detected 1 valid faces
2025-06-12 04:20:21,944 - DEBUG - Processing batch of 1 faces, shape: (1, 224, 224, 3)
2025-06-12 04:20:22,209 - INFO - 
Face 0 Prediction Analysis:
  Top Prediction: Lacking_Focus (0.531)
  Second Best: Interested (0.300)
  Prediction Stats:
    Mean: 0.333
    Std: 0.150
    Max: 0.531
    Min: 0.169
  All Predictions:
    Bored: 0.169
    Interested: 0.300
    Lacking_Focus: 0.531
2025-06-12 04:20:22,209 - DEBUG - 📦 Processed frame: 1 faces, 847.6ms
2025-06-12 04:20:22,324 - DEBUG - Image decoded successfully: (240, 320, 3)
2025-06-12 04:20:22,959 - DEBUG - Face preprocessed: shape=(224, 224, 3), range=[-96.779, 115.061], mean=-9.427
2025-06-12 04:20:22,960 - DEBUG - Detected 1 valid faces
2025-06-12 04:20:22,961 - DEBUG - Processing batch of 1 faces, shape: (1, 224, 224, 3)
2025-06-12 04:20:23,216 - INFO - 
Face 0 Prediction Analysis:
  Top Prediction: Lacking_Focus (0.533)
  Second Best: Bored (0.298)
  Prediction Stats:
    Mean: 0.333
    Std: 0.151
    Max: 0.533
    Min: 0.169
  All Predictions:
    Bored: 0.298
    Interested: 0.169
    Lacking_Focus: 0.533
2025-06-12 04:20:23,217 - DEBUG - 📦 Processed frame: 1 faces, 894.5ms
2025-06-12 04:20:23,394 - DEBUG - Image decoded successfully: (240, 320, 3)
2025-06-12 04:20:24,042 - DEBUG - Face preprocessed: shape=(224, 224, 3), range=[-93.779, 120.061], mean=-5.970
2025-06-12 04:20:24,043 - DEBUG - Detected 1 valid faces
2025-06-12 04:20:24,044 - DEBUG - Processing batch of 1 faces, shape: (1, 224, 224, 3)
2025-06-12 04:20:24,310 - INFO - 
Face 0 Prediction Analysis:
  Top Prediction: Lacking_Focus (0.802)
  Second Best: Bored (0.104)
  Prediction Stats:
    Mean: 0.333
    Std: 0.332
    Max: 0.802
    Min: 0.093
  All Predictions:
    Bored: 0.104
    Interested: 0.093
    Lacking_Focus: 0.802
2025-06-12 04:20:24,311 - DEBUG - 📦 Processed frame: 1 faces, 917.0ms
2025-06-12 04:20:24,441 - DEBUG - Image decoded successfully: (240, 320, 3)
2025-06-12 04:20:25,113 - DEBUG - Face preprocessed: shape=(224, 224, 3), range=[-95.680, 126.061], mean=-0.220
2025-06-12 04:20:25,114 - DEBUG - Detected 1 valid faces
2025-06-12 04:20:25,115 - DEBUG - Processing batch of 1 faces, shape: (1, 224, 224, 3)
2025-06-12 04:20:25,374 - INFO - 
Face 0 Prediction Analysis:
  Top Prediction: Lacking_Focus (0.690)
  Second Best: Interested (0.155)
  Prediction Stats:
    Mean: 0.333
    Std: 0.252
    Max: 0.690
    Min: 0.155
  All Predictions:
    Bored: 0.155
    Interested: 0.155
    Lacking_Focus: 0.690
2025-06-12 04:20:25,375 - DEBUG - 📦 Processed frame: 1 faces, 934.8ms
2025-06-12 04:20:25,502 - DEBUG - Image decoded successfully: (240, 320, 3)
2025-06-12 04:20:26,494 - DEBUG - Face preprocessed: shape=(224, 224, 3), range=[-98.779, 130.061], mean=-5.672
2025-06-12 04:20:26,496 - DEBUG - Detected 1 valid faces
2025-06-12 04:20:26,496 - DEBUG - Processing batch of 1 faces, shape: (1, 224, 224, 3)
2025-06-12 04:20:26,727 - INFO - 
Face 0 Prediction Analysis:
  Top Prediction: Lacking_Focus (0.807)
  Second Best: Bored (0.152)
  Prediction Stats:
    Mean: 0.333
    Std: 0.338
    Max: 0.807
    Min: 0.041
  All Predictions:
    Bored: 0.152
    Interested: 0.041
    Lacking_Focus: 0.807
2025-06-12 04:20:26,728 - DEBUG - 📦 Processed frame: 1 faces, 1226.6ms
2025-06-12 04:20:26,861 - DEBUG - Image decoded successfully: (240, 320, 3)
2025-06-12 04:20:27,457 - DEBUG - Face preprocessed: shape=(224, 224, 3), range=[-96.779, 116.061], mean=-9.272
2025-06-12 04:20:27,459 - DEBUG - Detected 1 valid faces
2025-06-12 04:20:27,460 - DEBUG - Processing batch of 1 faces, shape: (1, 224, 224, 3)
2025-06-12 04:20:27,708 - INFO - 
Face 0 Prediction Analysis:
  Top Prediction: Lacking_Focus (0.712)
  Second Best: Bored (0.266)
  Prediction Stats:
    Mean: 0.333
    Std: 0.286
    Max: 0.712
    Min: 0.022
  All Predictions:
    Bored: 0.266
    Interested: 0.022
    Lacking_Focus: 0.712
2025-06-12 04:20:27,709 - DEBUG - 📦 Processed frame: 1 faces, 849.0ms
2025-06-12 04:20:27,913 - DEBUG - Image decoded successfully: (240, 320, 3)
2025-06-12 04:20:28,515 - DEBUG - Face preprocessed: shape=(224, 224, 3), range=[-96.779, 131.061], mean=-0.328
2025-06-12 04:20:28,515 - DEBUG - Detected 1 valid faces
2025-06-12 04:20:28,519 - DEBUG - Processing batch of 1 faces, shape: (1, 224, 224, 3)
2025-06-12 04:20:28,735 - INFO - 
Face 0 Prediction Analysis:
  Top Prediction: Lacking_Focus (0.514)
  Second Best: Bored (0.282)
  Prediction Stats:
    Mean: 0.333
    Std: 0.131
    Max: 0.514
    Min: 0.204
  All Predictions:
    Bored: 0.282
    Interested: 0.204
    Lacking_Focus: 0.514
2025-06-12 04:20:28,736 - DEBUG - 📦 Processed frame: 1 faces, 823.3ms
2025-06-12 04:20:28,978 - DEBUG - Image decoded successfully: (240, 320, 3)
2025-06-12 04:20:29,676 - DEBUG - Face preprocessed: shape=(224, 224, 3), range=[-95.779, 119.061], mean=-8.357
2025-06-12 04:20:29,678 - DEBUG - Detected 1 valid faces
2025-06-12 04:20:29,680 - DEBUG - Processing batch of 1 faces, shape: (1, 224, 224, 3)
2025-06-12 04:20:29,920 - INFO - 
Face 0 Prediction Analysis:
  Top Prediction: Lacking_Focus (0.779)
  Second Best: Bored (0.129)
  Prediction Stats:
    Mean: 0.333
    Std: 0.316
    Max: 0.779
    Min: 0.092
  All Predictions:
    Bored: 0.129
    Interested: 0.092
    Lacking_Focus: 0.779
2025-06-12 04:20:29,920 - DEBUG - 📦 Processed frame: 1 faces, 942.8ms
2025-06-12 04:20:30,040 - DEBUG - Image decoded successfully: (240, 320, 3)
2025-06-12 04:20:30,582 - DEBUG - Face preprocessed: shape=(224, 224, 3), range=[-93.779, 126.061], mean=-9.164
2025-06-12 04:20:30,583 - DEBUG - Detected 1 valid faces
2025-06-12 04:20:30,584 - DEBUG - Processing batch of 1 faces, shape: (1, 224, 224, 3)
2025-06-12 04:20:30,802 - INFO - 
Face 0 Prediction Analysis:
  Top Prediction: Lacking_Focus (0.506)
  Second Best: Bored (0.390)
  Prediction Stats:
    Mean: 0.333
    Std: 0.169
    Max: 0.506
    Min: 0.104
  All Predictions:
    Bored: 0.390
    Interested: 0.104
    Lacking_Focus: 0.506
2025-06-12 04:20:30,803 - DEBUG - 📦 Processed frame: 1 faces, 763.2ms
2025-06-12 04:20:31,112 - DEBUG - Image decoded successfully: (240, 320, 3)
2025-06-12 04:20:31,641 - DEBUG - Face preprocessed: shape=(224, 224, 3), range=[-96.680, 127.061], mean=-3.396
2025-06-12 04:20:31,642 - DEBUG - Detected 1 valid faces
2025-06-12 04:20:31,644 - DEBUG - Processing batch of 1 faces, shape: (1, 224, 224, 3)
2025-06-12 04:20:31,983 - INFO - 
Face 0 Prediction Analysis:
  Top Prediction: Lacking_Focus (0.656)
  Second Best: Bored (0.290)
  Prediction Stats:
    Mean: 0.333
    Std: 0.248
    Max: 0.656
    Min: 0.054
  All Predictions:
    Bored: 0.290
    Interested: 0.054
    Lacking_Focus: 0.656
2025-06-12 04:20:31,984 - DEBUG - 📦 Processed frame: 1 faces, 873.0ms
2025-06-12 04:20:32,162 - DEBUG - Image decoded successfully: (240, 320, 3)
2025-06-12 04:20:32,742 - DEBUG - Face preprocessed: shape=(224, 224, 3), range=[-96.779, 122.061], mean=-10.223
2025-06-12 04:20:32,743 - DEBUG - Detected 1 valid faces
2025-06-12 04:20:32,744 - DEBUG - Processing batch of 1 faces, shape: (1, 224, 224, 3)
2025-06-12 04:20:32,965 - INFO - 
Face 0 Prediction Analysis:
  Top Prediction: Lacking_Focus (0.678)
  Second Best: Bored (0.266)
  Prediction Stats:
    Mean: 0.333
    Std: 0.259
    Max: 0.678
    Min: 0.056
  All Predictions:
    Bored: 0.266
    Interested: 0.056
    Lacking_Focus: 0.678
2025-06-12 04:20:32,966 - DEBUG - 📦 Processed frame: 1 faces, 804.7ms
2025-06-12 04:20:33,232 - DEBUG - Image decoded successfully: (240, 320, 3)
2025-06-12 04:20:33,755 - DEBUG - Face preprocessed: shape=(224, 224, 3), range=[-95.779, 123.061], mean=-2.930
2025-06-12 04:20:33,756 - DEBUG - Detected 1 valid faces
2025-06-12 04:20:33,757 - DEBUG - Processing batch of 1 faces, shape: (1, 224, 224, 3)
2025-06-12 04:20:33,970 - INFO - 
Face 0 Prediction Analysis:
  Top Prediction: Bored (0.846)
  Second Best: Lacking_Focus (0.099)
  Prediction Stats:
    Mean: 0.333
    Std: 0.363
    Max: 0.846
    Min: 0.055
  All Predictions:
    Bored: 0.846
    Interested: 0.055
    Lacking_Focus: 0.099
2025-06-12 04:20:33,971 - WARNING - Face 0: High confidence Bored prediction (0.846)
2025-06-12 04:20:33,971 - DEBUG - 📦 Processed frame: 1 faces, 739.9ms
2025-06-12 04:20:34,280 - DEBUG - Image decoded successfully: (240, 320, 3)
2025-06-12 04:20:34,828 - DEBUG - Face preprocessed: shape=(224, 224, 3), range=[-94.680, 122.061], mean=-3.873
2025-06-12 04:20:34,829 - DEBUG - Detected 1 valid faces
2025-06-12 04:20:34,830 - DEBUG - Processing batch of 1 faces, shape: (1, 224, 224, 3)
2025-06-12 04:20:35,053 - INFO - 
Face 0 Prediction Analysis:
  Top Prediction: Lacking_Focus (0.695)
  Second Best: Bored (0.207)
  Prediction Stats:
    Mean: 0.333
    Std: 0.260
    Max: 0.695
    Min: 0.098
  All Predictions:
    Bored: 0.207
    Interested: 0.098
    Lacking_Focus: 0.695
2025-06-12 04:20:35,054 - DEBUG - 📦 Processed frame: 1 faces, 774.9ms
2025-06-12 04:20:35,330 - DEBUG - Image decoded successfully: (240, 320, 3)
2025-06-12 04:20:35,902 - DEBUG - Face preprocessed: shape=(224, 224, 3), range=[-100.779, 138.061], mean=-3.302
2025-06-12 04:20:35,903 - DEBUG - Detected 1 valid faces
2025-06-12 04:20:35,903 - DEBUG - Processing batch of 1 faces, shape: (1, 224, 224, 3)
2025-06-12 04:20:36,121 - INFO - 
Face 0 Prediction Analysis:
  Top Prediction: Lacking_Focus (0.654)
  Second Best: Bored (0.306)
  Prediction Stats:
    Mean: 0.333
    Std: 0.251
    Max: 0.654
    Min: 0.040
  All Predictions:
    Bored: 0.306
    Interested: 0.040
    Lacking_Focus: 0.654
2025-06-12 04:20:36,122 - DEBUG - 📦 Processed frame: 1 faces, 792.7ms
2025-06-12 04:20:36,386 - DEBUG - Image decoded successfully: (240, 320, 3)
2025-06-12 04:20:36,987 - DEBUG - Face preprocessed: shape=(224, 224, 3), range=[-98.779, 131.061], mean=-4.992
2025-06-12 04:20:36,988 - DEBUG - Detected 1 valid faces
2025-06-12 04:20:36,989 - DEBUG - Processing batch of 1 faces, shape: (1, 224, 224, 3)
2025-06-12 04:20:37,228 - INFO - 
Face 0 Prediction Analysis:
  Top Prediction: Lacking_Focus (0.673)
  Second Best: Bored (0.205)
  Prediction Stats:
    Mean: 0.333
    Std: 0.243
    Max: 0.673
    Min: 0.122
  All Predictions:
    Bored: 0.205
    Interested: 0.122
    Lacking_Focus: 0.673
2025-06-12 04:20:37,229 - DEBUG - 📦 Processed frame: 1 faces, 843.8ms
2025-06-12 04:20:37,451 - DEBUG - Image decoded successfully: (240, 320, 3)
2025-06-12 04:20:37,969 - DEBUG - Face preprocessed: shape=(224, 224, 3), range=[-95.680, 139.061], mean=-1.678
2025-06-12 04:20:37,970 - DEBUG - Detected 1 valid faces
2025-06-12 04:20:37,971 - DEBUG - Processing batch of 1 faces, shape: (1, 224, 224, 3)
2025-06-12 04:20:38,231 - INFO - 
Face 0 Prediction Analysis:
  Top Prediction: Interested (0.409)
  Second Best: Bored (0.325)
  Prediction Stats:
    Mean: 0.333
    Std: 0.059
    Max: 0.409
    Min: 0.266
  All Predictions:
    Bored: 0.325
    Interested: 0.409
    Lacking_Focus: 0.266
2025-06-12 04:20:38,231 - WARNING - Face 0: Predictions are very close, might be ambiguous
2025-06-12 04:20:38,233 - DEBUG - 📦 Processed frame: 1 faces, 781.8ms
2025-06-12 04:20:38,511 - DEBUG - Image decoded successfully: (240, 320, 3)
2025-06-12 04:20:39,125 - DEBUG - Face preprocessed: shape=(224, 224, 3), range=[-99.779, 144.061], mean=-1.227
2025-06-12 04:20:39,126 - DEBUG - Detected 1 valid faces
2025-06-12 04:20:39,128 - DEBUG - Processing batch of 1 faces, shape: (1, 224, 224, 3)
2025-06-12 04:20:39,364 - INFO - 
Face 0 Prediction Analysis:
  Top Prediction: Lacking_Focus (0.354)
  Second Best: Bored (0.333)
  Prediction Stats:
    Mean: 0.333
    Std: 0.017
    Max: 0.354
    Min: 0.313
  All Predictions:
    Bored: 0.333
    Interested: 0.313
    Lacking_Focus: 0.354
2025-06-12 04:20:39,365 - WARNING - Face 0: Predictions are very close, might be ambiguous
2025-06-12 04:20:39,366 - DEBUG - 📦 Processed frame: 1 faces, 855.8ms
2025-06-12 04:20:39,598 - DEBUG - Image decoded successfully: (240, 320, 3)
2025-06-12 04:20:40,339 - DEBUG - Face preprocessed: shape=(224, 224, 3), range=[-95.779, 130.061], mean=0.639
2025-06-12 04:20:40,340 - DEBUG - Detected 1 valid faces
2025-06-12 04:20:40,341 - DEBUG - Processing batch of 1 faces, shape: (1, 224, 224, 3)
2025-06-12 04:20:40,565 - INFO - 
Face 0 Prediction Analysis:
  Top Prediction: Bored (0.346)
  Second Best: Interested (0.328)
  Prediction Stats:
    Mean: 0.333
    Std: 0.009
    Max: 0.346
    Min: 0.327
  All Predictions:
    Bored: 0.346
    Interested: 0.328
    Lacking_Focus: 0.327
2025-06-12 04:20:40,566 - WARNING - Face 0: Predictions are very close, might be ambiguous
2025-06-12 04:20:40,567 - DEBUG - 📦 Processed frame: 1 faces, 969.7ms
2025-06-12 04:20:40,654 - DEBUG - Image decoded successfully: (240, 320, 3)
2025-06-12 04:20:41,218 - DEBUG - Face preprocessed: shape=(224, 224, 3), range=[-99.779, 111.061], mean=-1.659
2025-06-12 04:20:41,219 - DEBUG - Detected 1 valid faces
2025-06-12 04:20:41,220 - DEBUG - Processing batch of 1 faces, shape: (1, 224, 224, 3)
2025-06-12 04:20:41,541 - INFO - 
Face 0 Prediction Analysis:
  Top Prediction: Lacking_Focus (0.699)
  Second Best: Interested (0.175)
  Prediction Stats:
    Mean: 0.333
    Std: 0.259
    Max: 0.699
    Min: 0.126
  All Predictions:
    Bored: 0.126
    Interested: 0.175
    Lacking_Focus: 0.699
2025-06-12 04:20:41,542 - DEBUG - 📦 Processed frame: 1 faces, 888.9ms
2025-06-12 04:20:41,627 - DEBUG - Image decoded successfully: (240, 320, 3)
2025-06-12 04:20:42,533 - DEBUG - Face preprocessed: shape=(224, 224, 3), range=[-109.680, 112.320], mean=-8.899
2025-06-12 04:20:42,533 - DEBUG - Detected 1 valid faces
2025-06-12 04:20:42,537 - DEBUG - Processing batch of 1 faces, shape: (1, 224, 224, 3)
2025-06-12 04:20:42,771 - INFO - 
Face 0 Prediction Analysis:
  Top Prediction: Lacking_Focus (0.389)
  Second Best: Bored (0.333)
  Prediction Stats:
    Mean: 0.333
    Std: 0.045
    Max: 0.389
    Min: 0.278
  All Predictions:
    Bored: 0.333
    Interested: 0.278
    Lacking_Focus: 0.389
2025-06-12 04:20:42,772 - WARNING - Face 0: Predictions are very close, might be ambiguous
2025-06-12 04:20:42,773 - DEBUG - 📦 Processed frame: 1 faces, 1147.4ms
2025-06-12 04:20:42,865 - DEBUG - Image decoded successfully: (240, 320, 3)
2025-06-12 04:20:43,462 - DEBUG - Face preprocessed: shape=(224, 224, 3), range=[-95.779, 114.061], mean=-3.406
2025-06-12 04:20:43,463 - DEBUG - Detected 1 valid faces
2025-06-12 04:20:43,463 - DEBUG - Processing batch of 1 faces, shape: (1, 224, 224, 3)
2025-06-12 04:20:42,942 - INFO - 
Face 0 Prediction Analysis:
  Top Prediction: Bored (0.405)
  Second Best: Lacking_Focus (0.341)
  Prediction Stats:
    Mean: 0.333
    Std: 0.061
    Max: 0.405
    Min: 0.255
  All Predictions:
    Bored: 0.405
    Interested: 0.255
    Lacking_Focus: 0.341
2025-06-12 04:20:42,943 - WARNING - Face 0: Predictions are very close, might be ambiguous
2025-06-12 04:20:42,944 - DEBUG - 📦 Processed frame: 1 faces, 80.4ms
2025-06-12 04:20:43,069 - DEBUG - Image decoded successfully: (240, 320, 3)
2025-06-12 04:20:42,659 - DEBUG - Face preprocessed: shape=(224, 224, 3), range=[-104.680, 116.061], mean=-5.642
2025-06-12 04:20:42,659 - DEBUG - Detected 1 valid faces
2025-06-12 04:20:42,660 - DEBUG - Processing batch of 1 faces, shape: (1, 224, 224, 3)
2025-06-12 04:20:42,883 - INFO - 
Face 0 Prediction Analysis:
  Top Prediction: Lacking_Focus (0.796)
  Second Best: Bored (0.130)
  Prediction Stats:
    Mean: 0.333
    Std: 0.328
    Max: 0.796
    Min: 0.074
  All Predictions:
    Bored: 0.130
    Interested: 0.074
    Lacking_Focus: 0.796
2025-06-12 04:20:42,884 - DEBUG - 📦 Processed frame: 1 faces, -184.2ms
2025-06-12 04:20:42,992 - DEBUG - Image decoded successfully: (240, 320, 3)
2025-06-12 04:20:43,587 - DEBUG - Face preprocessed: shape=(224, 224, 3), range=[-95.779, 123.061], mean=-2.824
2025-06-12 04:20:43,590 - DEBUG - Detected 1 valid faces
2025-06-12 04:20:43,592 - DEBUG - Processing batch of 1 faces, shape: (1, 224, 224, 3)
2025-06-12 04:20:43,818 - INFO - 
Face 0 Prediction Analysis:
  Top Prediction: Bored (0.532)
  Second Best: Lacking_Focus (0.373)
  Prediction Stats:
    Mean: 0.333
    Std: 0.180
    Max: 0.532
    Min: 0.095
  All Predictions:
    Bored: 0.532
    Interested: 0.095
    Lacking_Focus: 0.373
2025-06-12 04:20:43,819 - DEBUG - 📦 Processed frame: 1 faces, 827.9ms
2025-06-12 04:20:43,941 - DEBUG - Image decoded successfully: (240, 320, 3)
2025-06-12 04:20:44,531 - DEBUG - Face preprocessed: shape=(224, 224, 3), range=[-102.779, 126.320], mean=-3.513
2025-06-12 04:20:44,533 - DEBUG - Detected 1 valid faces
2025-06-12 04:20:44,534 - DEBUG - Processing batch of 1 faces, shape: (1, 224, 224, 3)
2025-06-12 04:20:44,750 - INFO - 
Face 0 Prediction Analysis:
  Top Prediction: Lacking_Focus (0.428)
  Second Best: Bored (0.387)
  Prediction Stats:
    Mean: 0.333
    Std: 0.106
    Max: 0.428
    Min: 0.185
  All Predictions:
    Bored: 0.387
    Interested: 0.185
    Lacking_Focus: 0.428
2025-06-12 04:20:44,751 - DEBUG - 📦 Processed frame: 1 faces, 810.9ms
2025-06-12 04:20:44,904 - DEBUG - Image decoded successfully: (240, 320, 3)
2025-06-12 04:20:45,443 - DEBUG - Face preprocessed: shape=(224, 224, 3), range=[-96.779, 123.061], mean=-5.898
2025-06-12 04:20:45,443 - DEBUG - Detected 1 valid faces
2025-06-12 04:20:45,447 - DEBUG - Processing batch of 1 faces, shape: (1, 224, 224, 3)
2025-06-12 04:20:45,860 - INFO - 
Face 0 Prediction Analysis:
  Top Prediction: Bored (0.666)
  Second Best: Interested (0.178)
  Prediction Stats:
    Mean: 0.333
    Std: 0.236
    Max: 0.666
    Min: 0.156
  All Predictions:
    Bored: 0.666
    Interested: 0.178
    Lacking_Focus: 0.156
2025-06-12 04:20:45,862 - WARNING - Face 0: High confidence Bored prediction (0.666)
2025-06-12 04:20:45,863 - DEBUG - 📦 Processed frame: 1 faces, 959.5ms
2025-06-12 04:20:45,958 - DEBUG - Image decoded successfully: (240, 320, 3)
2025-06-12 04:20:46,477 - DEBUG - Face preprocessed: shape=(224, 224, 3), range=[-100.779, 121.320], mean=-4.170
2025-06-12 04:20:46,478 - DEBUG - Detected 1 valid faces
2025-06-12 04:20:46,479 - DEBUG - Processing batch of 1 faces, shape: (1, 224, 224, 3)
2025-06-12 04:20:46,701 - INFO - 
Face 0 Prediction Analysis:
  Top Prediction: Interested (0.417)
  Second Best: Lacking_Focus (0.386)
  Prediction Stats:
    Mean: 0.333
    Std: 0.097
    Max: 0.417
    Min: 0.198
  All Predictions:
    Bored: 0.198
    Interested: 0.417
    Lacking_Focus: 0.386
2025-06-12 04:20:46,702 - DEBUG - 📦 Processed frame: 1 faces, 744.1ms
2025-06-12 04:20:46,806 - DEBUG - Image decoded successfully: (240, 320, 3)
2025-06-12 04:20:47,345 - DEBUG - Face preprocessed: shape=(224, 224, 3), range=[-96.779, 121.320], mean=-4.671
2025-06-12 04:20:47,345 - DEBUG - Detected 1 valid faces
2025-06-12 04:20:47,347 - DEBUG - Processing batch of 1 faces, shape: (1, 224, 224, 3)
2025-06-12 04:20:47,572 - INFO - 
Face 0 Prediction Analysis:
  Top Prediction: Bored (0.577)
  Second Best: Lacking_Focus (0.273)
  Prediction Stats:
    Mean: 0.333
    Std: 0.179
    Max: 0.577
    Min: 0.150
  All Predictions:
    Bored: 0.577
    Interested: 0.150
    Lacking_Focus: 0.273
2025-06-12 04:20:47,573 - DEBUG - 📦 Processed frame: 1 faces, 768.0ms
2025-06-12 04:20:47,756 - DEBUG - Image decoded successfully: (240, 320, 3)
2025-06-12 04:20:48,370 - DEBUG - Face preprocessed: shape=(224, 224, 3), range=[-104.779, 119.061], mean=-3.811
2025-06-12 04:20:48,371 - DEBUG - Detected 1 valid faces
2025-06-12 04:20:48,372 - DEBUG - Processing batch of 1 faces, shape: (1, 224, 224, 3)
2025-06-12 04:20:48,612 - INFO - 
Face 0 Prediction Analysis:
  Top Prediction: Bored (0.447)
  Second Best: Lacking_Focus (0.402)
  Prediction Stats:
    Mean: 0.333
    Std: 0.130
    Max: 0.447
    Min: 0.151
  All Predictions:
    Bored: 0.447
    Interested: 0.151
    Lacking_Focus: 0.402
2025-06-12 04:20:48,613 - DEBUG - 📦 Processed frame: 1 faces, 857.9ms
2025-06-12 04:20:48,714 - DEBUG - Image decoded successfully: (240, 320, 3)
2025-06-12 04:20:49,323 - DEBUG - Face preprocessed: shape=(224, 224, 3), range=[-102.779, 120.061], mean=-5.017
2025-06-12 04:20:49,324 - DEBUG - Detected 1 valid faces
2025-06-12 04:20:49,325 - DEBUG - Processing batch of 1 faces, shape: (1, 224, 224, 3)
2025-06-12 04:20:49,579 - INFO - 
Face 0 Prediction Analysis:
  Top Prediction: Bored (0.543)
  Second Best: Lacking_Focus (0.266)
  Prediction Stats:
    Mean: 0.333
    Std: 0.151
    Max: 0.543
    Min: 0.191
  All Predictions:
    Bored: 0.543
    Interested: 0.191
    Lacking_Focus: 0.266
2025-06-12 04:20:49,580 - DEBUG - 📦 Processed frame: 1 faces, 866.4ms
2025-06-12 04:20:49,663 - DEBUG - Image decoded successfully: (240, 320, 3)
2025-06-12 04:20:50,280 - DEBUG - Face preprocessed: shape=(224, 224, 3), range=[-95.680, 127.320], mean=-4.029
2025-06-12 04:20:50,282 - DEBUG - Detected 1 valid faces
2025-06-12 04:20:50,283 - DEBUG - Processing batch of 1 faces, shape: (1, 224, 224, 3)
2025-06-12 04:20:50,536 - INFO - 
Face 0 Prediction Analysis:
  Top Prediction: Bored (0.574)
  Second Best: Interested (0.237)
  Prediction Stats:
    Mean: 0.333
    Std: 0.171
    Max: 0.574
    Min: 0.189
  All Predictions:
    Bored: 0.574
    Interested: 0.237
    Lacking_Focus: 0.189
2025-06-12 04:20:50,538 - DEBUG - 📦 Processed frame: 1 faces, 875.2ms
2025-06-12 04:20:54,107 - INFO - ❌ Client disconnected
2025-06-12 04:20:54,109 - INFO - Disconnect reason: disconnect
2025-06-12 04:21:02,366 - INFO - ✅ Client connected
2025-06-12 04:21:09,315 - DEBUG - Image decoded successfully: (540, 960, 3)
2025-06-12 04:21:11,289 - DEBUG - Face preprocessed: shape=(224, 224, 3), range=[-123.680, 147.061], mean=-37.449
2025-06-12 04:21:11,296 - DEBUG - Face preprocessed: shape=(224, 224, 3), range=[-123.680, 151.061], mean=-15.091
2025-06-12 04:21:11,304 - DEBUG - Face preprocessed: shape=(224, 224, 3), range=[-123.680, 114.061], mean=-34.554
2025-06-12 04:21:11,309 - DEBUG - Face preprocessed: shape=(224, 224, 3), range=[-123.680, 147.061], mean=-35.810
2025-06-12 04:21:11,320 - DEBUG - Face preprocessed: shape=(224, 224, 3), range=[-123.680, 151.061], mean=-19.621
2025-06-12 04:21:11,330 - DEBUG - Face preprocessed: shape=(224, 224, 3), range=[-123.680, 151.061], mean=-17.228
2025-06-12 04:21:11,339 - DEBUG - Face preprocessed: shape=(224, 224, 3), range=[-114.779, 131.320], mean=-18.188
2025-06-12 04:21:11,345 - DEBUG - Face preprocessed: shape=(224, 224, 3), range=[-123.680, 100.061], mean=-29.732
2025-06-12 04:21:11,346 - DEBUG - Detected 8 valid faces
2025-06-12 04:21:11,348 - DEBUG - Processing batch of 8 faces, shape: (8, 224, 224, 3)
2025-06-12 04:21:14,450 - INFO - 
Face 0 Prediction Analysis:
  Top Prediction: Interested (0.597)
  Second Best: Bored (0.220)
  Prediction Stats:
    Mean: 0.333
    Std: 0.187
    Max: 0.597
    Min: 0.183
  All Predictions:
    Bored: 0.220
    Interested: 0.597
    Lacking_Focus: 0.183
2025-06-12 04:21:14,451 - INFO - 
Face 1 Prediction Analysis:
  Top Prediction: Bored (0.642)
  Second Best: Interested (0.194)
  Prediction Stats:
    Mean: 0.333
    Std: 0.219
    Max: 0.642
    Min: 0.164
  All Predictions:
    Bored: 0.642
    Interested: 0.194
    Lacking_Focus: 0.164
2025-06-12 04:21:14,452 - WARNING - Face 1: High confidence Bored prediction (0.642)
2025-06-12 04:21:14,453 - INFO - 
Face 2 Prediction Analysis:
  Top Prediction: Interested (0.418)
  Second Best: Bored (0.386)
  Prediction Stats:
    Mean: 0.333
    Std: 0.098
    Max: 0.418
    Min: 0.197
  All Predictions:
    Bored: 0.386
    Interested: 0.418
    Lacking_Focus: 0.197
2025-06-12 04:21:14,454 - INFO - 
Face 3 Prediction Analysis:
  Top Prediction: Interested (0.600)
  Second Best: Bored (0.366)
  Prediction Stats:
    Mean: 0.333
    Std: 0.232
    Max: 0.600
    Min: 0.034
  All Predictions:
    Bored: 0.366
    Interested: 0.600
    Lacking_Focus: 0.034
2025-06-12 04:21:14,455 - INFO - 
Face 4 Prediction Analysis:
  Top Prediction: Interested (0.759)
  Second Best: Bored (0.139)
  Prediction Stats:
    Mean: 0.333
    Std: 0.302
    Max: 0.759
    Min: 0.101
  All Predictions:
    Bored: 0.139
    Interested: 0.759
    Lacking_Focus: 0.101
2025-06-12 04:21:14,456 - INFO - 
Face 5 Prediction Analysis:
  Top Prediction: Bored (0.601)
  Second Best: Interested (0.351)
  Prediction Stats:
    Mean: 0.333
    Std: 0.227
    Max: 0.601
    Min: 0.047
  All Predictions:
    Bored: 0.601
    Interested: 0.351
    Lacking_Focus: 0.047
2025-06-12 04:21:14,457 - WARNING - Face 5: High confidence Bored prediction (0.601)
2025-06-12 04:21:14,457 - INFO - 
Face 6 Prediction Analysis:
  Top Prediction: Interested (0.634)
  Second Best: Lacking_Focus (0.204)
  Prediction Stats:
    Mean: 0.333
    Std: 0.213
    Max: 0.634
    Min: 0.162
  All Predictions:
    Bored: 0.162
    Interested: 0.634
    Lacking_Focus: 0.204
2025-06-12 04:21:14,458 - INFO - 
Face 7 Prediction Analysis:
  Top Prediction: Interested (0.925)
  Second Best: Bored (0.039)
  Prediction Stats:
    Mean: 0.333
    Std: 0.419
    Max: 0.925
    Min: 0.035
  All Predictions:
    Bored: 0.039
    Interested: 0.925
    Lacking_Focus: 0.035
2025-06-12 04:21:14,460 - DEBUG - 📦 Processed frame: 8 faces, 5150.5ms
2025-06-12 04:21:14,619 - DEBUG - Image decoded successfully: (540, 960, 3)
2025-06-12 04:21:18,678 - DEBUG - Face preprocessed: shape=(224, 224, 3), range=[-123.680, 144.061], mean=-37.793
2025-06-12 04:21:18,686 - DEBUG - Face preprocessed: shape=(224, 224, 3), range=[-123.680, 100.320], mean=-37.811
2025-06-12 04:21:18,695 - DEBUG - Face preprocessed: shape=(224, 224, 3), range=[-123.680, 139.061], mean=-41.735
2025-06-12 04:21:18,709 - DEBUG - Face preprocessed: shape=(224, 224, 3), range=[-123.680, 151.061], mean=-14.971
2025-06-12 04:21:18,727 - DEBUG - Face preprocessed: shape=(224, 224, 3), range=[-123.680, 151.061], mean=-20.395
2025-06-12 04:21:18,740 - DEBUG - Face preprocessed: shape=(224, 224, 3), range=[-123.680, 151.061], mean=-17.236
2025-06-12 04:21:18,750 - DEBUG - Face preprocessed: shape=(224, 224, 3), range=[-116.779, 151.061], mean=-12.816
2025-06-12 04:21:18,758 - DEBUG - Face preprocessed: shape=(224, 224, 3), range=[-123.680, 95.061], mean=-30.238
2025-06-12 04:21:18,758 - DEBUG - Detected 8 valid faces
2025-06-12 04:21:18,760 - DEBUG - Processing batch of 8 faces, shape: (8, 224, 224, 3)
2025-06-12 04:21:19,317 - INFO - 
Face 0 Prediction Analysis:
  Top Prediction: Interested (0.731)
  Second Best: Lacking_Focus (0.148)
  Prediction Stats:
    Mean: 0.333
    Std: 0.282
    Max: 0.731
    Min: 0.121
  All Predictions:
    Bored: 0.121
    Interested: 0.731
    Lacking_Focus: 0.148
2025-06-12 04:21:19,319 - INFO - 
Face 1 Prediction Analysis:
  Top Prediction: Interested (0.640)
  Second Best: Lacking_Focus (0.246)
  Prediction Stats:
    Mean: 0.333
    Std: 0.223
    Max: 0.640
    Min: 0.114
  All Predictions:
    Bored: 0.114
    Interested: 0.640
    Lacking_Focus: 0.246
2025-06-12 04:21:19,323 - INFO - 
Face 2 Prediction Analysis:
  Top Prediction: Interested (0.701)
  Second Best: Bored (0.158)
  Prediction Stats:
    Mean: 0.333
    Std: 0.260
    Max: 0.701
    Min: 0.141
  All Predictions:
    Bored: 0.158
    Interested: 0.701
    Lacking_Focus: 0.141
2025-06-12 04:21:19,324 - INFO - 
Face 3 Prediction Analysis:
  Top Prediction: Bored (0.464)
  Second Best: Lacking_Focus (0.280)
  Prediction Stats:
    Mean: 0.333
    Std: 0.093
    Max: 0.464
    Min: 0.257
  All Predictions:
    Bored: 0.464
    Interested: 0.257
    Lacking_Focus: 0.280
2025-06-12 04:21:19,325 - INFO - 
Face 4 Prediction Analysis:
  Top Prediction: Interested (0.718)
  Second Best: Lacking_Focus (0.198)
  Prediction Stats:
    Mean: 0.333
    Std: 0.276
    Max: 0.718
    Min: 0.085
  All Predictions:
    Bored: 0.085
    Interested: 0.718
    Lacking_Focus: 0.198
2025-06-12 04:21:19,326 - INFO - 
Face 5 Prediction Analysis:
  Top Prediction: Bored (0.623)
  Second Best: Interested (0.285)
  Prediction Stats:
    Mean: 0.333
    Std: 0.220
    Max: 0.623
    Min: 0.092
  All Predictions:
    Bored: 0.623
    Interested: 0.285
    Lacking_Focus: 0.092
2025-06-12 04:21:19,327 - WARNING - Face 5: High confidence Bored prediction (0.623)
2025-06-12 04:21:19,328 - INFO - 
Face 6 Prediction Analysis:
  Top Prediction: Bored (0.400)
  Second Best: Lacking_Focus (0.311)
  Prediction Stats:
    Mean: 0.333
    Std: 0.048
    Max: 0.400
    Min: 0.289
  All Predictions:
    Bored: 0.400
    Interested: 0.289
    Lacking_Focus: 0.311
2025-06-12 04:21:19,330 - WARNING - Face 6: Predictions are very close, might be ambiguous
2025-06-12 04:21:19,332 - INFO - 
Face 7 Prediction Analysis:
  Top Prediction: Interested (0.830)
  Second Best: Bored (0.111)
  Prediction Stats:
    Mean: 0.333
    Std: 0.352
    Max: 0.830
    Min: 0.058
  All Predictions:
    Bored: 0.111
    Interested: 0.830
    Lacking_Focus: 0.058
2025-06-12 04:21:19,334 - DEBUG - 📦 Processed frame: 8 faces, 4718.2ms
2025-06-12 04:21:19,349 - DEBUG - Image decoded successfully: (540, 960, 3)
2025-06-12 04:21:23,080 - DEBUG - Face preprocessed: shape=(224, 224, 3), range=[-123.680, 151.061], mean=-32.919
2025-06-12 04:21:23,089 - DEBUG - Face preprocessed: shape=(224, 224, 3), range=[-122.680, 108.320], mean=-39.234
2025-06-12 04:21:23,098 - DEBUG - Face preprocessed: shape=(224, 224, 3), range=[-123.680, 135.061], mean=-40.343
2025-06-12 04:21:23,108 - DEBUG - Face preprocessed: shape=(224, 224, 3), range=[-123.680, 151.061], mean=-1.488
2025-06-12 04:21:23,117 - DEBUG - Face preprocessed: shape=(224, 224, 3), range=[-123.680, 151.061], mean=-21.374
2025-06-12 04:21:23,125 - DEBUG - Face preprocessed: shape=(224, 224, 3), range=[-123.680, 151.061], mean=-18.352
2025-06-12 04:21:23,133 - DEBUG - Face preprocessed: shape=(224, 224, 3), range=[-116.779, 151.061], mean=-12.031
2025-06-12 04:21:23,141 - DEBUG - Face preprocessed: shape=(224, 224, 3), range=[-123.680, 89.320], mean=-29.642
2025-06-12 04:21:23,141 - DEBUG - Detected 8 valid faces
2025-06-12 04:21:23,144 - DEBUG - Processing batch of 8 faces, shape: (8, 224, 224, 3)
2025-06-12 04:21:23,710 - INFO - 
Face 0 Prediction Analysis:
  Top Prediction: Interested (0.598)
  Second Best: Bored (0.378)
  Prediction Stats:
    Mean: 0.333
    Std: 0.236
    Max: 0.598
    Min: 0.024
  All Predictions:
    Bored: 0.378
    Interested: 0.598
    Lacking_Focus: 0.024
2025-06-12 04:21:23,711 - INFO - 
Face 1 Prediction Analysis:
  Top Prediction: Interested (0.692)
  Second Best: Lacking_Focus (0.178)
  Prediction Stats:
    Mean: 0.333
    Std: 0.254
    Max: 0.692
    Min: 0.130
  All Predictions:
    Bored: 0.130
    Interested: 0.692
    Lacking_Focus: 0.178
2025-06-12 04:21:23,713 - INFO - 
Face 2 Prediction Analysis:
  Top Prediction: Interested (0.865)
  Second Best: Bored (0.081)
  Prediction Stats:
    Mean: 0.333
    Std: 0.376
    Max: 0.865
    Min: 0.054
  All Predictions:
    Bored: 0.081
    Interested: 0.865
    Lacking_Focus: 0.054
2025-06-12 04:21:23,714 - INFO - 
Face 3 Prediction Analysis:
  Top Prediction: Lacking_Focus (0.754)
  Second Best: Interested (0.139)
  Prediction Stats:
    Mean: 0.333
    Std: 0.298
    Max: 0.754
    Min: 0.107
  All Predictions:
    Bored: 0.107
    Interested: 0.139
    Lacking_Focus: 0.754
2025-06-12 04:21:23,715 - INFO - 
Face 4 Prediction Analysis:
  Top Prediction: Interested (0.480)
  Second Best: Lacking_Focus (0.424)
  Prediction Stats:
    Mean: 0.333
    Std: 0.169
    Max: 0.480
    Min: 0.096
  All Predictions:
    Bored: 0.096
    Interested: 0.480
    Lacking_Focus: 0.424
2025-06-12 04:21:23,716 - INFO - 
Face 5 Prediction Analysis:
  Top Prediction: Bored (0.694)
  Second Best: Interested (0.182)
  Prediction Stats:
    Mean: 0.333
    Std: 0.256
    Max: 0.694
    Min: 0.124
  All Predictions:
    Bored: 0.694
    Interested: 0.182
    Lacking_Focus: 0.124
2025-06-12 04:21:23,717 - WARNING - Face 5: High confidence Bored prediction (0.694)
2025-06-12 04:21:23,718 - INFO - 
Face 6 Prediction Analysis:
  Top Prediction: Bored (0.489)
  Second Best: Lacking_Focus (0.297)
  Prediction Stats:
    Mean: 0.333
    Std: 0.116
    Max: 0.489
    Min: 0.214
  All Predictions:
    Bored: 0.489
    Interested: 0.214
    Lacking_Focus: 0.297
2025-06-12 04:21:23,719 - INFO - 
Face 7 Prediction Analysis:
  Top Prediction: Interested (0.918)
  Second Best: Bored (0.051)
  Prediction Stats:
    Mean: 0.333
    Std: 0.414
    Max: 0.918
    Min: 0.030
  All Predictions:
    Bored: 0.051
    Interested: 0.918
    Lacking_Focus: 0.030
2025-06-12 04:21:23,721 - DEBUG - 📦 Processed frame: 8 faces, 4375.8ms
2025-06-12 04:21:23,733 - DEBUG - Image decoded successfully: (540, 960, 3)
2025-06-12 04:21:27,429 - DEBUG - Face preprocessed: shape=(224, 224, 3), range=[-123.680, 149.061], mean=-35.446
2025-06-12 04:21:27,442 - DEBUG - Face preprocessed: shape=(224, 224, 3), range=[-123.680, 106.320], mean=-38.794
2025-06-12 04:21:27,451 - DEBUG - Face preprocessed: shape=(224, 224, 3), range=[-123.680, 134.061], mean=-40.001
2025-06-12 04:21:27,464 - DEBUG - Face preprocessed: shape=(224, 224, 3), range=[-123.680, 151.061], mean=-1.201
2025-06-12 04:21:27,483 - DEBUG - Face preprocessed: shape=(224, 224, 3), range=[-123.680, 151.061], mean=-21.315
2025-06-12 04:21:27,495 - DEBUG - Face preprocessed: shape=(224, 224, 3), range=[-123.680, 151.061], mean=-18.087
2025-06-12 04:21:27,504 - DEBUG - Face preprocessed: shape=(224, 224, 3), range=[-116.779, 151.061], mean=-14.138
2025-06-12 04:21:27,514 - DEBUG - Face preprocessed: shape=(224, 224, 3), range=[-123.680, 92.320], mean=-29.414
2025-06-12 04:21:27,515 - DEBUG - Detected 8 valid faces
2025-06-12 04:21:27,517 - DEBUG - Processing batch of 8 faces, shape: (8, 224, 224, 3)
2025-06-12 04:21:28,021 - INFO - 
Face 0 Prediction Analysis:
  Top Prediction: Interested (0.499)
  Second Best: Bored (0.395)
  Prediction Stats:
    Mean: 0.333
    Std: 0.167
    Max: 0.499
    Min: 0.105
  All Predictions:
    Bored: 0.395
    Interested: 0.499
    Lacking_Focus: 0.105
2025-06-12 04:21:28,022 - INFO - 
Face 1 Prediction Analysis:
  Top Prediction: Interested (0.616)
  Second Best: Lacking_Focus (0.250)
  Prediction Stats:
    Mean: 0.333
    Std: 0.206
    Max: 0.616
    Min: 0.133
  All Predictions:
    Bored: 0.133
    Interested: 0.616
    Lacking_Focus: 0.250
2025-06-12 04:21:28,024 - INFO - 
Face 2 Prediction Analysis:
  Top Prediction: Interested (0.826)
  Second Best: Bored (0.107)
  Prediction Stats:
    Mean: 0.333
    Std: 0.349
    Max: 0.826
    Min: 0.068
  All Predictions:
    Bored: 0.107
    Interested: 0.826
    Lacking_Focus: 0.068
2025-06-12 04:21:28,025 - INFO - 
Face 3 Prediction Analysis:
  Top Prediction: Lacking_Focus (0.597)
  Second Best: Interested (0.271)
  Prediction Stats:
    Mean: 0.333
    Std: 0.195
    Max: 0.597
    Min: 0.132
  All Predictions:
    Bored: 0.132
    Interested: 0.271
    Lacking_Focus: 0.597
2025-06-12 04:21:28,026 - INFO - 
Face 4 Prediction Analysis:
  Top Prediction: Lacking_Focus (0.488)
  Second Best: Interested (0.366)
  Prediction Stats:
    Mean: 0.333
    Std: 0.142
    Max: 0.488
    Min: 0.146
  All Predictions:
    Bored: 0.146
    Interested: 0.366
    Lacking_Focus: 0.488
2025-06-12 04:21:28,027 - INFO - 
Face 5 Prediction Analysis:
  Top Prediction: Bored (0.701)
  Second Best: Interested (0.225)
  Prediction Stats:
    Mean: 0.333
    Std: 0.267
    Max: 0.701
    Min: 0.074
  All Predictions:
    Bored: 0.701
    Interested: 0.225
    Lacking_Focus: 0.074
2025-06-12 04:21:28,028 - WARNING - Face 5: High confidence Bored prediction (0.701)
2025-06-12 04:21:28,029 - INFO - 
Face 6 Prediction Analysis:
  Top Prediction: Bored (0.418)
  Second Best: Interested (0.398)
  Prediction Stats:
    Mean: 0.333
    Std: 0.106
    Max: 0.418
    Min: 0.184
  All Predictions:
    Bored: 0.418
    Interested: 0.398
    Lacking_Focus: 0.184
2025-06-12 04:21:28,030 - INFO - 
Face 7 Prediction Analysis:
  Top Prediction: Interested (0.841)
  Second Best: Lacking_Focus (0.095)
  Prediction Stats:
    Mean: 0.333
    Std: 0.359
    Max: 0.841
    Min: 0.064
  All Predictions:
    Bored: 0.064
    Interested: 0.841
    Lacking_Focus: 0.095
2025-06-12 04:21:28,031 - DEBUG - 📦 Processed frame: 8 faces, 4301.4ms
2025-06-12 04:21:28,413 - DEBUG - Image decoded successfully: (540, 960, 3)
2025-06-12 04:21:31,710 - DEBUG - Face preprocessed: shape=(224, 224, 3), range=[-123.680, 106.320], mean=-38.786
2025-06-12 04:21:31,718 - DEBUG - Face preprocessed: shape=(224, 224, 3), range=[-123.680, 134.061], mean=-39.473
2025-06-12 04:21:31,726 - DEBUG - Face preprocessed: shape=(224, 224, 3), range=[-123.680, 151.061], mean=-37.268
2025-06-12 04:21:31,736 - DEBUG - Face preprocessed: shape=(224, 224, 3), range=[-123.680, 151.061], mean=-1.201
2025-06-12 04:21:31,747 - DEBUG - Face preprocessed: shape=(224, 224, 3), range=[-123.680, 151.061], mean=-21.237
2025-06-12 04:21:31,756 - DEBUG - Face preprocessed: shape=(224, 224, 3), range=[-123.680, 151.061], mean=-18.086
2025-06-12 04:21:31,764 - DEBUG - Face preprocessed: shape=(224, 224, 3), range=[-116.779, 151.061], mean=-14.138
2025-06-12 04:21:31,770 - DEBUG - Face preprocessed: shape=(224, 224, 3), range=[-123.680, 92.320], mean=-29.413
2025-06-12 04:21:31,771 - DEBUG - Detected 8 valid faces
2025-06-12 04:21:31,772 - DEBUG - Processing batch of 8 faces, shape: (8, 224, 224, 3)
2025-06-12 04:21:32,285 - INFO - 
Face 0 Prediction Analysis:
  Top Prediction: Interested (0.608)
  Second Best: Lacking_Focus (0.256)
  Prediction Stats:
    Mean: 0.333
    Std: 0.200
    Max: 0.608
    Min: 0.136
  All Predictions:
    Bored: 0.136
    Interested: 0.608
    Lacking_Focus: 0.256
2025-06-12 04:21:32,287 - INFO - 
Face 1 Prediction Analysis:
  Top Prediction: Interested (0.878)
  Second Best: Bored (0.081)
  Prediction Stats:
    Mean: 0.333
    Std: 0.386
    Max: 0.878
    Min: 0.040
  All Predictions:
    Bored: 0.081
    Interested: 0.878
    Lacking_Focus: 0.040
2025-06-12 04:21:32,288 - INFO - 
Face 2 Prediction Analysis:
  Top Prediction: Interested (0.462)
  Second Best: Bored (0.278)
  Prediction Stats:
    Mean: 0.333
    Std: 0.091
    Max: 0.462
    Min: 0.260
  All Predictions:
    Bored: 0.278
    Interested: 0.462
    Lacking_Focus: 0.260
2025-06-12 04:21:32,289 - INFO - 
Face 3 Prediction Analysis:
  Top Prediction: Lacking_Focus (0.597)
  Second Best: Interested (0.271)
  Prediction Stats:
    Mean: 0.333
    Std: 0.195
    Max: 0.597
    Min: 0.132
  All Predictions:
    Bored: 0.132
    Interested: 0.271
    Lacking_Focus: 0.597
2025-06-12 04:21:32,290 - INFO - 
Face 4 Prediction Analysis:
  Top Prediction: Lacking_Focus (0.515)
  Second Best: Interested (0.392)
  Prediction Stats:
    Mean: 0.333
    Std: 0.177
    Max: 0.515
    Min: 0.093
  All Predictions:
    Bored: 0.093
    Interested: 0.392
    Lacking_Focus: 0.515
2025-06-12 04:21:32,291 - INFO - 
Face 5 Prediction Analysis:
  Top Prediction: Bored (0.695)
  Second Best: Interested (0.234)
  Prediction Stats:
    Mean: 0.333
    Std: 0.264
    Max: 0.695
    Min: 0.071
  All Predictions:
    Bored: 0.695
    Interested: 0.234
    Lacking_Focus: 0.071
2025-06-12 04:21:32,291 - WARNING - Face 5: High confidence Bored prediction (0.695)
2025-06-12 04:21:32,292 - INFO - 
Face 6 Prediction Analysis:
  Top Prediction: Bored (0.418)
  Second Best: Interested (0.398)
  Prediction Stats:
    Mean: 0.333
    Std: 0.106
    Max: 0.418
    Min: 0.184
  All Predictions:
    Bored: 0.418
    Interested: 0.398
    Lacking_Focus: 0.184
2025-06-12 04:21:32,293 - INFO - 
Face 7 Prediction Analysis:
  Top Prediction: Interested (0.831)
  Second Best: Lacking_Focus (0.093)
  Prediction Stats:
    Mean: 0.333
    Std: 0.352
    Max: 0.831
    Min: 0.076
  All Predictions:
    Bored: 0.076
    Interested: 0.831
    Lacking_Focus: 0.093
2025-06-12 04:21:32,294 - DEBUG - 📦 Processed frame: 8 faces, 3885.0ms
2025-06-12 04:21:32,307 - DEBUG - Image decoded successfully: (540, 960, 3)
2025-06-12 04:21:35,830 - DEBUG - Face preprocessed: shape=(224, 224, 3), range=[-123.680, 106.320], mean=-38.799
2025-06-12 04:21:35,836 - DEBUG - Face preprocessed: shape=(224, 224, 3), range=[-123.680, 134.061], mean=-39.473
2025-06-12 04:21:35,846 - DEBUG - Face preprocessed: shape=(224, 224, 3), range=[-123.680, 151.061], mean=-40.280
2025-06-12 04:21:35,854 - DEBUG - Face preprocessed: shape=(224, 224, 3), range=[-123.680, 151.061], mean=-1.201
2025-06-12 04:21:35,864 - DEBUG - Face preprocessed: shape=(224, 224, 3), range=[-123.680, 151.061], mean=-21.262
2025-06-12 04:21:35,872 - DEBUG - Face preprocessed: shape=(224, 224, 3), range=[-123.680, 151.061], mean=-18.087
2025-06-12 04:21:35,877 - DEBUG - Face preprocessed: shape=(224, 224, 3), range=[-116.779, 151.061], mean=-14.137
2025-06-12 04:21:35,883 - DEBUG - Face preprocessed: shape=(224, 224, 3), range=[-123.680, 92.320], mean=-28.799
2025-06-12 04:21:35,884 - DEBUG - Detected 8 valid faces
2025-06-12 04:21:35,886 - DEBUG - Processing batch of 8 faces, shape: (8, 224, 224, 3)
2025-06-12 04:21:36,379 - INFO - 
Face 0 Prediction Analysis:
  Top Prediction: Interested (0.604)
  Second Best: Lacking_Focus (0.261)
  Prediction Stats:
    Mean: 0.333
    Std: 0.198
    Max: 0.604
    Min: 0.135
  All Predictions:
    Bored: 0.135
    Interested: 0.604
    Lacking_Focus: 0.261
2025-06-12 04:21:36,380 - INFO - 
Face 1 Prediction Analysis:
  Top Prediction: Interested (0.878)
  Second Best: Bored (0.081)
  Prediction Stats:
    Mean: 0.333
    Std: 0.386
    Max: 0.878
    Min: 0.040
  All Predictions:
    Bored: 0.081
    Interested: 0.878
    Lacking_Focus: 0.040
2025-06-12 04:21:36,381 - INFO - 
Face 2 Prediction Analysis:
  Top Prediction: Interested (0.485)
  Second Best: Bored (0.442)
  Prediction Stats:
    Mean: 0.333
    Std: 0.185
    Max: 0.485
    Min: 0.073
  All Predictions:
    Bored: 0.442
    Interested: 0.485
    Lacking_Focus: 0.073
2025-06-12 04:21:36,382 - INFO - 
Face 3 Prediction Analysis:
  Top Prediction: Lacking_Focus (0.597)
  Second Best: Interested (0.271)
  Prediction Stats:
    Mean: 0.333
    Std: 0.195
    Max: 0.597
    Min: 0.132
  All Predictions:
    Bored: 0.132
    Interested: 0.271
    Lacking_Focus: 0.597
2025-06-12 04:21:36,383 - INFO - 
Face 4 Prediction Analysis:
  Top Prediction: Lacking_Focus (0.483)
  Second Best: Interested (0.421)
  Prediction Stats:
    Mean: 0.333
    Std: 0.170
    Max: 0.483
    Min: 0.096
  All Predictions:
    Bored: 0.096
    Interested: 0.421
    Lacking_Focus: 0.483
2025-06-12 04:21:36,383 - INFO - 
Face 5 Prediction Analysis:
  Top Prediction: Bored (0.697)
  Second Best: Interested (0.237)
  Prediction Stats:
    Mean: 0.333
    Std: 0.266
    Max: 0.697
    Min: 0.066
  All Predictions:
    Bored: 0.697
    Interested: 0.237
    Lacking_Focus: 0.066
2025-06-12 04:21:36,384 - WARNING - Face 5: High confidence Bored prediction (0.697)
2025-06-12 04:21:36,384 - INFO - 
Face 6 Prediction Analysis:
  Top Prediction: Bored (0.411)
  Second Best: Interested (0.404)
  Prediction Stats:
    Mean: 0.333
    Std: 0.105
    Max: 0.411
    Min: 0.185
  All Predictions:
    Bored: 0.411
    Interested: 0.404
    Lacking_Focus: 0.185
2025-06-12 04:21:36,385 - INFO - 
Face 7 Prediction Analysis:
  Top Prediction: Interested (0.947)
  Second Best: Bored (0.033)
  Prediction Stats:
    Mean: 0.333
    Std: 0.434
    Max: 0.947
    Min: 0.020
  All Predictions:
    Bored: 0.033
    Interested: 0.947
    Lacking_Focus: 0.020
2025-06-12 04:21:36,386 - DEBUG - 📦 Processed frame: 8 faces, 4082.5ms
2025-06-12 04:21:36,398 - DEBUG - Image decoded successfully: (540, 960, 3)
2025-06-12 04:21:40,001 - DEBUG - Face preprocessed: shape=(224, 224, 3), range=[-122.680, 105.320], mean=-38.885
2025-06-12 04:21:40,007 - DEBUG - Face preprocessed: shape=(224, 224, 3), range=[-123.680, 131.320], mean=-39.950
2025-06-12 04:21:40,014 - DEBUG - Face preprocessed: shape=(224, 224, 3), range=[-123.680, 150.061], mean=-37.498
2025-06-12 04:21:40,022 - DEBUG - Face preprocessed: shape=(224, 224, 3), range=[-123.680, 151.061], mean=-1.157
2025-06-12 04:21:40,031 - DEBUG - Face preprocessed: shape=(224, 224, 3), range=[-123.680, 151.061], mean=-20.668
2025-06-12 04:21:40,044 - DEBUG - Face preprocessed: shape=(224, 224, 3), range=[-123.680, 151.061], mean=-18.217
2025-06-12 04:21:40,052 - DEBUG - Face preprocessed: shape=(224, 224, 3), range=[-116.779, 151.061], mean=-13.060
2025-06-12 04:21:40,062 - DEBUG - Face preprocessed: shape=(224, 224, 3), range=[-123.680, 87.320], mean=-29.248
2025-06-12 04:21:40,063 - DEBUG - Detected 8 valid faces
2025-06-12 04:21:40,065 - DEBUG - Processing batch of 8 faces, shape: (8, 224, 224, 3)
2025-06-12 04:21:38,936 - INFO - 
Face 0 Prediction Analysis:
  Top Prediction: Interested (0.744)
  Second Best: Bored (0.146)
  Prediction Stats:
    Mean: 0.333
    Std: 0.291
    Max: 0.744
    Min: 0.110
  All Predictions:
    Bored: 0.146
    Interested: 0.744
    Lacking_Focus: 0.110
2025-06-12 04:21:38,938 - INFO - 
Face 1 Prediction Analysis:
  Top Prediction: Interested (0.759)
  Second Best: Bored (0.149)
  Prediction Stats:
    Mean: 0.333
    Std: 0.302
    Max: 0.759
    Min: 0.092
  All Predictions:
    Bored: 0.149
    Interested: 0.759
    Lacking_Focus: 0.092
2025-06-12 04:21:38,939 - INFO - 
Face 2 Prediction Analysis:
  Top Prediction: Interested (0.472)
  Second Best: Lacking_Focus (0.343)
  Prediction Stats:
    Mean: 0.333
    Std: 0.117
    Max: 0.472
    Min: 0.186
  All Predictions:
    Bored: 0.186
    Interested: 0.472
    Lacking_Focus: 0.343
2025-06-12 04:21:38,941 - INFO - 
Face 3 Prediction Analysis:
  Top Prediction: Lacking_Focus (0.558)
  Second Best: Interested (0.275)
  Prediction Stats:
    Mean: 0.333
    Std: 0.165
    Max: 0.558
    Min: 0.167
  All Predictions:
    Bored: 0.167
    Interested: 0.275
    Lacking_Focus: 0.558
2025-06-12 04:21:38,942 - INFO - 
Face 4 Prediction Analysis:
  Top Prediction: Interested (0.521)
  Second Best: Lacking_Focus (0.345)
  Prediction Stats:
    Mean: 0.333
    Std: 0.158
    Max: 0.521
    Min: 0.134
  All Predictions:
    Bored: 0.134
    Interested: 0.521
    Lacking_Focus: 0.345
2025-06-12 04:21:38,943 - INFO - 
Face 5 Prediction Analysis:
  Top Prediction: Bored (0.723)
  Second Best: Interested (0.213)
  Prediction Stats:
    Mean: 0.333
    Std: 0.282
    Max: 0.723
    Min: 0.064
  All Predictions:
    Bored: 0.723
    Interested: 0.213
    Lacking_Focus: 0.064
2025-06-12 04:21:38,944 - WARNING - Face 5: High confidence Bored prediction (0.723)
2025-06-12 04:21:38,945 - INFO - 
Face 6 Prediction Analysis:
  Top Prediction: Interested (0.587)
  Second Best: Bored (0.281)
  Prediction Stats:
    Mean: 0.333
    Std: 0.190
    Max: 0.587
    Min: 0.132
  All Predictions:
    Bored: 0.281
    Interested: 0.587
    Lacking_Focus: 0.132
2025-06-12 04:21:38,946 - INFO - 
Face 7 Prediction Analysis:
  Top Prediction: Interested (0.879)
  Second Best: Bored (0.074)
  Prediction Stats:
    Mean: 0.333
    Std: 0.386
    Max: 0.879
    Min: 0.047
  All Predictions:
    Bored: 0.074
    Interested: 0.879
    Lacking_Focus: 0.047
2025-06-12 04:21:38,948 - DEBUG - 📦 Processed frame: 8 faces, 2553.1ms
2025-06-12 04:21:38,960 - DEBUG - Image decoded successfully: (540, 960, 3)
2025-06-12 04:21:42,924 - DEBUG - Face preprocessed: shape=(224, 224, 3), range=[-122.680, 105.320], mean=-38.883
2025-06-12 04:21:42,934 - DEBUG - Face preprocessed: shape=(224, 224, 3), range=[-123.680, 131.320], mean=-39.950
2025-06-12 04:21:42,940 - DEBUG - Face preprocessed: shape=(224, 224, 3), range=[-123.680, 151.061], mean=-39.941
2025-06-12 04:21:42,948 - DEBUG - Face preprocessed: shape=(224, 224, 3), range=[-123.680, 151.061], mean=-1.152
2025-06-12 04:21:42,957 - DEBUG - Face preprocessed: shape=(224, 224, 3), range=[-123.680, 151.061], mean=-21.278
2025-06-12 04:21:42,967 - DEBUG - Face preprocessed: shape=(224, 224, 3), range=[-123.680, 151.061], mean=-18.217
2025-06-12 04:21:42,977 - DEBUG - Face preprocessed: shape=(224, 224, 3), range=[-116.779, 151.061], mean=-13.064
2025-06-12 04:21:42,983 - DEBUG - Face preprocessed: shape=(224, 224, 3), range=[-123.680, 87.320], mean=-29.248
2025-06-12 04:21:42,983 - DEBUG - Detected 8 valid faces
2025-06-12 04:21:42,985 - DEBUG - Processing batch of 8 faces, shape: (8, 224, 224, 3)
2025-06-12 04:21:43,454 - INFO - 
Face 0 Prediction Analysis:
  Top Prediction: Interested (0.741)
  Second Best: Bored (0.154)
  Prediction Stats:
    Mean: 0.333
    Std: 0.289
    Max: 0.741
    Min: 0.105
  All Predictions:
    Bored: 0.154
    Interested: 0.741
    Lacking_Focus: 0.105
2025-06-12 04:21:43,455 - INFO - 
Face 1 Prediction Analysis:
  Top Prediction: Interested (0.771)
  Second Best: Bored (0.139)
  Prediction Stats:
    Mean: 0.333
    Std: 0.310
    Max: 0.771
    Min: 0.090
  All Predictions:
    Bored: 0.139
    Interested: 0.771
    Lacking_Focus: 0.090
2025-06-12 04:21:43,456 - INFO - 
Face 2 Prediction Analysis:
  Top Prediction: Bored (0.636)
  Second Best: Interested (0.341)
  Prediction Stats:
    Mean: 0.333
    Std: 0.250
    Max: 0.636
    Min: 0.023
  All Predictions:
    Bored: 0.636
    Interested: 0.341
    Lacking_Focus: 0.023
2025-06-12 04:21:43,457 - WARNING - Face 2: High confidence Bored prediction (0.636)
2025-06-12 04:21:43,458 - INFO - 
Face 3 Prediction Analysis:
  Top Prediction: Lacking_Focus (0.558)
  Second Best: Interested (0.280)
  Prediction Stats:
    Mean: 0.333
    Std: 0.166
    Max: 0.558
    Min: 0.162
  All Predictions:
    Bored: 0.162
    Interested: 0.280
    Lacking_Focus: 0.558
2025-06-12 04:21:43,459 - INFO - 
Face 4 Prediction Analysis:
  Top Prediction: Interested (0.428)
  Second Best: Lacking_Focus (0.419)
  Prediction Stats:
    Mean: 0.333
    Std: 0.128
    Max: 0.428
    Min: 0.153
  All Predictions:
    Bored: 0.153
    Interested: 0.428
    Lacking_Focus: 0.419
2025-06-12 04:21:43,460 - INFO - 
Face 5 Prediction Analysis:
  Top Prediction: Bored (0.705)
  Second Best: Interested (0.233)
  Prediction Stats:
    Mean: 0.333
    Std: 0.272
    Max: 0.705
    Min: 0.063
  All Predictions:
    Bored: 0.705
    Interested: 0.233
    Lacking_Focus: 0.063
2025-06-12 04:21:43,461 - WARNING - Face 5: High confidence Bored prediction (0.705)
2025-06-12 04:21:43,462 - INFO - 
Face 6 Prediction Analysis:
  Top Prediction: Interested (0.563)
  Second Best: Bored (0.293)
  Prediction Stats:
    Mean: 0.333
    Std: 0.174
    Max: 0.563
    Min: 0.144
  All Predictions:
    Bored: 0.293
    Interested: 0.563
    Lacking_Focus: 0.144
2025-06-12 04:21:43,463 - INFO - 
Face 7 Prediction Analysis:
  Top Prediction: Interested (0.818)
  Second Best: Bored (0.118)
  Prediction Stats:
    Mean: 0.333
    Std: 0.344
    Max: 0.818
    Min: 0.063
  All Predictions:
    Bored: 0.118
    Interested: 0.818
    Lacking_Focus: 0.063
2025-06-12 04:21:43,464 - DEBUG - 📦 Processed frame: 8 faces, 4507.0ms
2025-06-12 04:21:43,476 - DEBUG - Image decoded successfully: (540, 960, 3)
2025-06-12 04:21:47,037 - DEBUG - Face preprocessed: shape=(224, 224, 3), range=[-122.680, 105.320], mean=-38.882
2025-06-12 04:21:47,045 - DEBUG - Face preprocessed: shape=(224, 224, 3), range=[-123.680, 151.061], mean=-35.604
2025-06-12 04:21:47,057 - DEBUG - Face preprocessed: shape=(224, 224, 3), range=[-123.680, 131.320], mean=-40.212
2025-06-12 04:21:47,071 - DEBUG - Face preprocessed: shape=(224, 224, 3), range=[-123.680, 151.061], mean=-1.152
2025-06-12 04:21:47,084 - DEBUG - Face preprocessed: shape=(224, 224, 3), range=[-123.680, 151.061], mean=-20.677
2025-06-12 04:21:47,097 - DEBUG - Face preprocessed: shape=(224, 224, 3), range=[-123.680, 151.061], mean=-18.191
2025-06-12 04:21:47,106 - DEBUG - Face preprocessed: shape=(224, 224, 3), range=[-116.779, 151.061], mean=-13.061
2025-06-12 04:21:47,117 - DEBUG - Face preprocessed: shape=(224, 224, 3), range=[-123.680, 87.320], mean=-29.247
2025-06-12 04:21:47,118 - DEBUG - Detected 8 valid faces
2025-06-12 04:21:47,120 - DEBUG - Processing batch of 8 faces, shape: (8, 224, 224, 3)
2025-06-12 04:21:47,625 - INFO - 
Face 0 Prediction Analysis:
  Top Prediction: Interested (0.742)
  Second Best: Bored (0.155)
  Prediction Stats:
    Mean: 0.333
    Std: 0.290
    Max: 0.742
    Min: 0.102
  All Predictions:
    Bored: 0.155
    Interested: 0.742
    Lacking_Focus: 0.102
2025-06-12 04:21:47,625 - INFO - 
Face 1 Prediction Analysis:
  Top Prediction: Interested (0.673)
  Second Best: Bored (0.205)
  Prediction Stats:
    Mean: 0.333
    Std: 0.243
    Max: 0.673
    Min: 0.122
  All Predictions:
    Bored: 0.205
    Interested: 0.673
    Lacking_Focus: 0.122
2025-06-12 04:21:47,626 - INFO - 
Face 2 Prediction Analysis:
  Top Prediction: Interested (0.768)
  Second Best: Bored (0.136)
  Prediction Stats:
    Mean: 0.333
    Std: 0.308
    Max: 0.768
    Min: 0.096
  All Predictions:
    Bored: 0.136
    Interested: 0.768
    Lacking_Focus: 0.096
2025-06-12 04:21:47,628 - INFO - 
Face 3 Prediction Analysis:
  Top Prediction: Lacking_Focus (0.558)
  Second Best: Interested (0.280)
  Prediction Stats:
    Mean: 0.333
    Std: 0.166
    Max: 0.558
    Min: 0.162
  All Predictions:
    Bored: 0.162
    Interested: 0.280
    Lacking_Focus: 0.558
2025-06-12 04:21:47,629 - INFO - 
Face 4 Prediction Analysis:
  Top Prediction: Interested (0.558)
  Second Best: Lacking_Focus (0.312)
  Prediction Stats:
    Mean: 0.333
    Std: 0.176
    Max: 0.558
    Min: 0.129
  All Predictions:
    Bored: 0.129
    Interested: 0.558
    Lacking_Focus: 0.312
2025-06-12 04:21:47,630 - INFO - 
Face 5 Prediction Analysis:
  Top Prediction: Bored (0.646)
  Second Best: Interested (0.297)
  Prediction Stats:
    Mean: 0.333
    Std: 0.242
    Max: 0.646
    Min: 0.057
  All Predictions:
    Bored: 0.646
    Interested: 0.297
    Lacking_Focus: 0.057
2025-06-12 04:21:47,630 - WARNING - Face 5: High confidence Bored prediction (0.646)
2025-06-12 04:21:47,631 - INFO - 
Face 6 Prediction Analysis:
  Top Prediction: Interested (0.548)
  Second Best: Bored (0.299)
  Prediction Stats:
    Mean: 0.333
    Std: 0.163
    Max: 0.548
    Min: 0.153
  All Predictions:
    Bored: 0.299
    Interested: 0.548
    Lacking_Focus: 0.153
2025-06-12 04:21:47,632 - INFO - 
Face 7 Prediction Analysis:
  Top Prediction: Interested (0.841)
  Second Best: Bored (0.105)
  Prediction Stats:
    Mean: 0.333
    Std: 0.360
    Max: 0.841
    Min: 0.054
  All Predictions:
    Bored: 0.105
    Interested: 0.841
    Lacking_Focus: 0.054
2025-06-12 04:21:47,633 - DEBUG - 📦 Processed frame: 8 faces, 4160.3ms
2025-06-12 04:21:47,641 - DEBUG - Image decoded successfully: (540, 960, 3)
2025-06-12 04:21:51,121 - DEBUG - Face preprocessed: shape=(224, 224, 3), range=[-121.680, 106.320], mean=-38.601
2025-06-12 04:21:51,127 - DEBUG - Face preprocessed: shape=(224, 224, 3), range=[-123.680, 131.320], mean=-39.433
2025-06-12 04:21:51,135 - DEBUG - Face preprocessed: shape=(224, 224, 3), range=[-123.680, 151.061], mean=-34.602
2025-06-12 04:21:51,146 - DEBUG - Face preprocessed: shape=(224, 224, 3), range=[-123.680, 151.061], mean=-1.386
2025-06-12 04:21:51,153 - DEBUG - Face preprocessed: shape=(224, 224, 3), range=[-123.680, 151.061], mean=-20.554
2025-06-12 04:21:51,160 - DEBUG - Face preprocessed: shape=(224, 224, 3), range=[-116.779, 151.061], mean=-12.760
2025-06-12 04:21:51,167 - DEBUG - Face preprocessed: shape=(224, 224, 3), range=[-123.680, 151.061], mean=-18.006
2025-06-12 04:21:51,173 - DEBUG - Face preprocessed: shape=(224, 224, 3), range=[-123.680, 94.320], mean=-28.617
2025-06-12 04:21:51,174 - DEBUG - Detected 8 valid faces
2025-06-12 04:21:51,175 - DEBUG - Processing batch of 8 faces, shape: (8, 224, 224, 3)
2025-06-12 04:21:51,617 - INFO - 
Face 0 Prediction Analysis:
  Top Prediction: Interested (0.679)
  Second Best: Bored (0.196)
  Prediction Stats:
    Mean: 0.333
    Std: 0.246
    Max: 0.679
    Min: 0.125
  All Predictions:
    Bored: 0.196
    Interested: 0.679
    Lacking_Focus: 0.125
2025-06-12 04:21:51,618 - INFO - 
Face 1 Prediction Analysis:
  Top Prediction: Interested (0.826)
  Second Best: Bored (0.109)
  Prediction Stats:
    Mean: 0.333
    Std: 0.349
    Max: 0.826
    Min: 0.066
  All Predictions:
    Bored: 0.109
    Interested: 0.826
    Lacking_Focus: 0.066
2025-06-12 04:21:51,619 - INFO - 
Face 2 Prediction Analysis:
  Top Prediction: Bored (0.552)
  Second Best: Interested (0.395)
  Prediction Stats:
    Mean: 0.333
    Std: 0.208
    Max: 0.552
    Min: 0.053
  All Predictions:
    Bored: 0.552
    Interested: 0.395
    Lacking_Focus: 0.053
2025-06-12 04:21:51,620 - INFO - 
Face 3 Prediction Analysis:
  Top Prediction: Lacking_Focus (0.586)
  Second Best: Interested (0.226)
  Prediction Stats:
    Mean: 0.333
    Std: 0.179
    Max: 0.586
    Min: 0.188
  All Predictions:
    Bored: 0.188
    Interested: 0.226
    Lacking_Focus: 0.586
2025-06-12 04:21:51,621 - INFO - 
Face 4 Prediction Analysis:
  Top Prediction: Interested (0.638)
  Second Best: Lacking_Focus (0.288)
  Prediction Stats:
    Mean: 0.333
    Std: 0.233
    Max: 0.638
    Min: 0.073
  All Predictions:
    Bored: 0.073
    Interested: 0.638
    Lacking_Focus: 0.288
2025-06-12 04:21:51,622 - INFO - 
Face 5 Prediction Analysis:
  Top Prediction: Interested (0.562)
  Second Best: Bored (0.225)
  Prediction Stats:
    Mean: 0.333
    Std: 0.162
    Max: 0.562
    Min: 0.213
  All Predictions:
    Bored: 0.225
    Interested: 0.562
    Lacking_Focus: 0.213
2025-06-12 04:21:51,623 - INFO - 
Face 6 Prediction Analysis:
  Top Prediction: Bored (0.626)
  Second Best: Interested (0.310)
  Prediction Stats:
    Mean: 0.333
    Std: 0.230
    Max: 0.626
    Min: 0.064
  All Predictions:
    Bored: 0.626
    Interested: 0.310
    Lacking_Focus: 0.064
2025-06-12 04:21:51,624 - WARNING - Face 6: High confidence Bored prediction (0.626)
2025-06-12 04:21:51,626 - INFO - 
Face 7 Prediction Analysis:
  Top Prediction: Interested (0.912)
  Second Best: Bored (0.055)
  Prediction Stats:
    Mean: 0.333
    Std: 0.409
    Max: 0.912
    Min: 0.032
  All Predictions:
    Bored: 0.055
    Interested: 0.912
    Lacking_Focus: 0.032
2025-06-12 04:21:51,627 - DEBUG - 📦 Processed frame: 8 faces, 3988.5ms
2025-06-12 04:21:51,641 - DEBUG - Image decoded successfully: (540, 960, 3)
2025-06-12 04:21:54,625 - DEBUG - Face preprocessed: shape=(224, 224, 3), range=[-121.680, 106.320], mean=-38.598
2025-06-12 04:21:54,632 - DEBUG - Face preprocessed: shape=(224, 224, 3), range=[-123.680, 131.320], mean=-39.458
2025-06-12 04:21:54,637 - DEBUG - Face preprocessed: shape=(224, 224, 3), range=[-123.680, 151.061], mean=-40.798
2025-06-12 04:21:54,644 - DEBUG - Face preprocessed: shape=(224, 224, 3), range=[-123.680, 151.061], mean=-1.386
2025-06-12 04:21:54,650 - DEBUG - Face preprocessed: shape=(224, 224, 3), range=[-123.680, 151.061], mean=-20.546
2025-06-12 04:21:54,659 - DEBUG - Face preprocessed: shape=(224, 224, 3), range=[-116.779, 151.061], mean=-12.787
2025-06-12 04:21:54,666 - DEBUG - Face preprocessed: shape=(224, 224, 3), range=[-123.680, 151.061], mean=-18.010
2025-06-12 04:21:54,671 - DEBUG - Face preprocessed: shape=(224, 224, 3), range=[-123.680, 94.320], mean=-28.644
2025-06-12 04:21:54,672 - DEBUG - Detected 8 valid faces
2025-06-12 04:21:54,674 - DEBUG - Processing batch of 8 faces, shape: (8, 224, 224, 3)
2025-06-12 04:21:55,079 - INFO - 
Face 0 Prediction Analysis:
  Top Prediction: Interested (0.675)
  Second Best: Bored (0.188)
  Prediction Stats:
    Mean: 0.333
    Std: 0.243
    Max: 0.675
    Min: 0.136
  All Predictions:
    Bored: 0.188
    Interested: 0.675
    Lacking_Focus: 0.136
2025-06-12 04:21:55,080 - INFO - 
Face 1 Prediction Analysis:
  Top Prediction: Interested (0.817)
  Second Best: Bored (0.113)
  Prediction Stats:
    Mean: 0.333
    Std: 0.342
    Max: 0.817
    Min: 0.070
  All Predictions:
    Bored: 0.113
    Interested: 0.817
    Lacking_Focus: 0.070
2025-06-12 04:21:55,081 - INFO - 
Face 2 Prediction Analysis:
  Top Prediction: Interested (0.391)
  Second Best: Bored (0.357)
  Prediction Stats:
    Mean: 0.333
    Std: 0.059
    Max: 0.391
    Min: 0.252
  All Predictions:
    Bored: 0.357
    Interested: 0.391
    Lacking_Focus: 0.252
2025-06-12 04:21:55,081 - WARNING - Face 2: Predictions are very close, might be ambiguous
2025-06-12 04:21:55,082 - INFO - 
Face 3 Prediction Analysis:
  Top Prediction: Lacking_Focus (0.601)
  Second Best: Interested (0.211)
  Prediction Stats:
    Mean: 0.333
    Std: 0.190
    Max: 0.601
    Min: 0.187
  All Predictions:
    Bored: 0.187
    Interested: 0.211
    Lacking_Focus: 0.601
2025-06-12 04:21:55,083 - INFO - 
Face 4 Prediction Analysis:
  Top Prediction: Interested (0.641)
  Second Best: Lacking_Focus (0.288)
  Prediction Stats:
    Mean: 0.333
    Std: 0.235
    Max: 0.641
    Min: 0.071
  All Predictions:
    Bored: 0.071
    Interested: 0.641
    Lacking_Focus: 0.288
2025-06-12 04:21:55,084 - INFO - 
Face 5 Prediction Analysis:
  Top Prediction: Interested (0.520)
  Second Best: Bored (0.258)
  Prediction Stats:
    Mean: 0.333
    Std: 0.133
    Max: 0.520
    Min: 0.221
  All Predictions:
    Bored: 0.258
    Interested: 0.520
    Lacking_Focus: 0.221
2025-06-12 04:21:55,084 - INFO - 
Face 6 Prediction Analysis:
  Top Prediction: Bored (0.627)
  Second Best: Interested (0.307)
  Prediction Stats:
    Mean: 0.333
    Std: 0.230
    Max: 0.627
    Min: 0.066
  All Predictions:
    Bored: 0.627
    Interested: 0.307
    Lacking_Focus: 0.066
2025-06-12 04:21:55,085 - WARNING - Face 6: High confidence Bored prediction (0.627)
2025-06-12 04:21:55,085 - INFO - 
Face 7 Prediction Analysis:
  Top Prediction: Interested (0.878)
  Second Best: Bored (0.076)
  Prediction Stats:
    Mean: 0.333
    Std: 0.385
    Max: 0.878
    Min: 0.046
  All Predictions:
    Bored: 0.076
    Interested: 0.878
    Lacking_Focus: 0.046
2025-06-12 04:21:55,086 - DEBUG - 📦 Processed frame: 8 faces, 3449.3ms
2025-06-12 04:21:55,652 - DEBUG - Image decoded successfully: (540, 960, 3)
2025-06-12 04:21:58,352 - DEBUG - Face preprocessed: shape=(224, 224, 3), range=[-121.680, 106.320], mean=-38.697
2025-06-12 04:21:58,360 - DEBUG - Face preprocessed: shape=(224, 224, 3), range=[-123.680, 131.320], mean=-39.458
2025-06-12 04:21:58,374 - DEBUG - Face preprocessed: shape=(224, 224, 3), range=[-123.680, 151.061], mean=-35.387
2025-06-12 04:21:58,379 - DEBUG - Face preprocessed: shape=(224, 224, 3), range=[-123.680, 151.061], mean=-1.386
2025-06-12 04:21:58,387 - DEBUG - Face preprocessed: shape=(224, 224, 3), range=[-123.680, 151.061], mean=-20.546
2025-06-12 04:21:58,392 - DEBUG - Face preprocessed: shape=(224, 224, 3), range=[-116.779, 151.061], mean=-12.787
2025-06-12 04:21:58,398 - DEBUG - Face preprocessed: shape=(224, 224, 3), range=[-123.680, 151.061], mean=-17.901
2025-06-12 04:21:58,402 - DEBUG - Face preprocessed: shape=(224, 224, 3), range=[-123.680, 92.320], mean=-28.647
2025-06-12 04:21:58,403 - DEBUG - Detected 8 valid faces
2025-06-12 04:21:58,405 - DEBUG - Processing batch of 8 faces, shape: (8, 224, 224, 3)
2025-06-12 04:21:58,822 - INFO - 
Face 0 Prediction Analysis:
  Top Prediction: Interested (0.675)
  Second Best: Bored (0.201)
  Prediction Stats:
    Mean: 0.333
    Std: 0.244
    Max: 0.675
    Min: 0.124
  All Predictions:
    Bored: 0.201
    Interested: 0.675
    Lacking_Focus: 0.124
2025-06-12 04:21:58,824 - INFO - 
Face 1 Prediction Analysis:
  Top Prediction: Interested (0.817)
  Second Best: Bored (0.113)
  Prediction Stats:
    Mean: 0.333
    Std: 0.342
    Max: 0.817
    Min: 0.070
  All Predictions:
    Bored: 0.113
    Interested: 0.817
    Lacking_Focus: 0.070
2025-06-12 04:21:58,825 - INFO - 
Face 2 Prediction Analysis:
  Top Prediction: Interested (0.580)
  Second Best: Lacking_Focus (0.232)
  Prediction Stats:
    Mean: 0.333
    Std: 0.175
    Max: 0.580
    Min: 0.188
  All Predictions:
    Bored: 0.188
    Interested: 0.580
    Lacking_Focus: 0.232
2025-06-12 04:21:58,826 - INFO - 
Face 3 Prediction Analysis:
  Top Prediction: Lacking_Focus (0.601)
  Second Best: Interested (0.211)
  Prediction Stats:
    Mean: 0.333
    Std: 0.190
    Max: 0.601
    Min: 0.187
  All Predictions:
    Bored: 0.187
    Interested: 0.211
    Lacking_Focus: 0.601
2025-06-12 04:21:58,827 - INFO - 
Face 4 Prediction Analysis:
  Top Prediction: Interested (0.641)
  Second Best: Lacking_Focus (0.288)
  Prediction Stats:
    Mean: 0.333
    Std: 0.235
    Max: 0.641
    Min: 0.071
  All Predictions:
    Bored: 0.071
    Interested: 0.641
    Lacking_Focus: 0.288
2025-06-12 04:21:58,827 - INFO - 
Face 5 Prediction Analysis:
  Top Prediction: Interested (0.520)
  Second Best: Bored (0.258)
  Prediction Stats:
    Mean: 0.333
    Std: 0.133
    Max: 0.520
    Min: 0.221
  All Predictions:
    Bored: 0.258
    Interested: 0.520
    Lacking_Focus: 0.221
2025-06-12 04:21:58,828 - INFO - 
Face 6 Prediction Analysis:
  Top Prediction: Bored (0.612)
  Second Best: Interested (0.296)
  Prediction Stats:
    Mean: 0.333
    Std: 0.214
    Max: 0.612
    Min: 0.092
  All Predictions:
    Bored: 0.612
    Interested: 0.296
    Lacking_Focus: 0.092
2025-06-12 04:21:58,829 - WARNING - Face 6: High confidence Bored prediction (0.612)
2025-06-12 04:21:58,830 - INFO - 
Face 7 Prediction Analysis:
  Top Prediction: Interested (0.895)
  Second Best: Bored (0.073)
  Prediction Stats:
    Mean: 0.333
    Std: 0.398
    Max: 0.895
    Min: 0.032
  All Predictions:
    Bored: 0.073
    Interested: 0.895
    Lacking_Focus: 0.032
2025-06-12 04:21:58,831 - DEBUG - 📦 Processed frame: 8 faces, 3180.8ms
2025-06-12 04:21:58,841 - DEBUG - Image decoded successfully: (540, 960, 3)
2025-06-12 04:22:01,688 - DEBUG - Face preprocessed: shape=(224, 224, 3), range=[-123.680, 131.320], mean=-39.545
2025-06-12 04:22:01,694 - DEBUG - Face preprocessed: shape=(224, 224, 3), range=[-123.680, 106.320], mean=-38.868
2025-06-12 04:22:01,700 - DEBUG - Face preprocessed: shape=(224, 224, 3), range=[-123.680, 151.061], mean=-1.257
2025-06-12 04:22:01,705 - DEBUG - Face preprocessed: shape=(224, 224, 3), range=[-123.680, 148.061], mean=-36.737
2025-06-12 04:22:01,710 - DEBUG - Face preprocessed: shape=(224, 224, 3), range=[-123.680, 151.061], mean=-21.233
2025-06-12 04:22:01,716 - DEBUG - Face preprocessed: shape=(224, 224, 3), range=[-116.779, 151.061], mean=-12.901
2025-06-12 04:22:01,722 - DEBUG - Face preprocessed: shape=(224, 224, 3), range=[-123.680, 151.061], mean=-18.294
2025-06-12 04:22:01,728 - DEBUG - Face preprocessed: shape=(224, 224, 3), range=[-123.680, 91.320], mean=-28.753
2025-06-12 04:22:01,728 - DEBUG - Detected 8 valid faces
2025-06-12 04:22:01,731 - DEBUG - Processing batch of 8 faces, shape: (8, 224, 224, 3)
2025-06-12 04:22:02,105 - INFO - 
Face 0 Prediction Analysis:
  Top Prediction: Interested (0.875)
  Second Best: Bored (0.076)
  Prediction Stats:
    Mean: 0.333
    Std: 0.384
    Max: 0.875
    Min: 0.049
  All Predictions:
    Bored: 0.076
    Interested: 0.875
    Lacking_Focus: 0.049
2025-06-12 04:22:02,106 - INFO - 
Face 1 Prediction Analysis:
  Top Prediction: Interested (0.575)
  Second Best: Lacking_Focus (0.299)
  Prediction Stats:
    Mean: 0.333
    Std: 0.185
    Max: 0.575
    Min: 0.126
  All Predictions:
    Bored: 0.126
    Interested: 0.575
    Lacking_Focus: 0.299
2025-06-12 04:22:02,107 - INFO - 
Face 2 Prediction Analysis:
  Top Prediction: Lacking_Focus (0.604)
  Second Best: Bored (0.200)
  Prediction Stats:
    Mean: 0.333
    Std: 0.191
    Max: 0.604
    Min: 0.197
  All Predictions:
    Bored: 0.200
    Interested: 0.197
    Lacking_Focus: 0.604
2025-06-12 04:22:02,108 - INFO - 
Face 3 Prediction Analysis:
  Top Prediction: Interested (0.653)
  Second Best: Bored (0.262)
  Prediction Stats:
    Mean: 0.333
    Std: 0.237
    Max: 0.653
    Min: 0.085
  All Predictions:
    Bored: 0.262
    Interested: 0.653
    Lacking_Focus: 0.085
2025-06-12 04:22:02,108 - INFO - 
Face 4 Prediction Analysis:
  Top Prediction: Lacking_Focus (0.522)
  Second Best: Interested (0.387)
  Prediction Stats:
    Mean: 0.333
    Std: 0.180
    Max: 0.522
    Min: 0.091
  All Predictions:
    Bored: 0.091
    Interested: 0.387
    Lacking_Focus: 0.522
2025-06-12 04:22:02,109 - INFO - 
Face 5 Prediction Analysis:
  Top Prediction: Interested (0.519)
  Second Best: Bored (0.338)
  Prediction Stats:
    Mean: 0.333
    Std: 0.154
    Max: 0.519
    Min: 0.143
  All Predictions:
    Bored: 0.338
    Interested: 0.519
    Lacking_Focus: 0.143
2025-06-12 04:22:02,110 - INFO - 
Face 6 Prediction Analysis:
  Top Prediction: Bored (0.643)
  Second Best: Interested (0.282)
  Prediction Stats:
    Mean: 0.333
    Std: 0.235
    Max: 0.643
    Min: 0.075
  All Predictions:
    Bored: 0.643
    Interested: 0.282
    Lacking_Focus: 0.075
2025-06-12 04:22:02,110 - WARNING - Face 6: High confidence Bored prediction (0.643)
2025-06-12 04:22:02,110 - INFO - 
Face 7 Prediction Analysis:
  Top Prediction: Interested (0.743)
  Second Best: Bored (0.231)
  Prediction Stats:
    Mean: 0.333
    Std: 0.302
    Max: 0.743
    Min: 0.025
  All Predictions:
    Bored: 0.231
    Interested: 0.743
    Lacking_Focus: 0.025
2025-06-12 04:22:02,111 - DEBUG - 📦 Processed frame: 8 faces, 3272.7ms
2025-06-12 04:22:02,120 - DEBUG - Image decoded successfully: (540, 960, 3)
2025-06-12 04:22:04,843 - DEBUG - Face preprocessed: shape=(224, 224, 3), range=[-123.680, 131.320], mean=-39.545
2025-06-12 04:22:04,850 - DEBUG - Face preprocessed: shape=(224, 224, 3), range=[-122.680, 106.320], mean=-38.609
2025-06-12 04:22:04,859 - DEBUG - Face preprocessed: shape=(224, 224, 3), range=[-123.680, 151.061], mean=-1.251
2025-06-12 04:22:04,868 - DEBUG - Face preprocessed: shape=(224, 224, 3), range=[-123.680, 147.061], mean=-38.799
2025-06-12 04:22:04,876 - DEBUG - Face preprocessed: shape=(224, 224, 3), range=[-123.680, 151.061], mean=-21.264
2025-06-12 04:22:04,882 - DEBUG - Face preprocessed: shape=(224, 224, 3), range=[-116.779, 151.061], mean=-12.903
2025-06-12 04:22:04,890 - DEBUG - Face preprocessed: shape=(224, 224, 3), range=[-123.680, 151.061], mean=-18.298
2025-06-12 04:22:04,898 - DEBUG - Face preprocessed: shape=(224, 224, 3), range=[-123.680, 90.320], mean=-28.755
2025-06-12 04:22:04,899 - DEBUG - Detected 8 valid faces
2025-06-12 04:22:04,901 - DEBUG - Processing batch of 8 faces, shape: (8, 224, 224, 3)
2025-06-12 04:22:05,334 - INFO - 
Face 0 Prediction Analysis:
  Top Prediction: Interested (0.861)
  Second Best: Bored (0.086)
  Prediction Stats:
    Mean: 0.333
    Std: 0.374
    Max: 0.861
    Min: 0.052
  All Predictions:
    Bored: 0.086
    Interested: 0.861
    Lacking_Focus: 0.052
2025-06-12 04:22:05,335 - INFO - 
Face 1 Prediction Analysis:
  Top Prediction: Interested (0.633)
  Second Best: Lacking_Focus (0.257)
  Prediction Stats:
    Mean: 0.333
    Std: 0.220
    Max: 0.633
    Min: 0.110
  All Predictions:
    Bored: 0.110
    Interested: 0.633
    Lacking_Focus: 0.257
2025-06-12 04:22:05,336 - INFO - 
Face 2 Prediction Analysis:
  Top Prediction: Lacking_Focus (0.621)
  Second Best: Bored (0.193)
  Prediction Stats:
    Mean: 0.333
    Std: 0.203
    Max: 0.621
    Min: 0.186
  All Predictions:
    Bored: 0.193
    Interested: 0.186
    Lacking_Focus: 0.621
2025-06-12 04:22:05,337 - INFO - 
Face 3 Prediction Analysis:
  Top Prediction: Interested (0.516)
  Second Best: Bored (0.315)
  Prediction Stats:
    Mean: 0.333
    Std: 0.143
    Max: 0.516
    Min: 0.168
  All Predictions:
    Bored: 0.315
    Interested: 0.516
    Lacking_Focus: 0.168
2025-06-12 04:22:05,337 - INFO - 
Face 4 Prediction Analysis:
  Top Prediction: Lacking_Focus (0.513)
  Second Best: Interested (0.403)
  Prediction Stats:
    Mean: 0.333
    Std: 0.182
    Max: 0.513
    Min: 0.083
  All Predictions:
    Bored: 0.083
    Interested: 0.403
    Lacking_Focus: 0.513
2025-06-12 04:22:05,338 - INFO - 
Face 5 Prediction Analysis:
  Top Prediction: Interested (0.498)
  Second Best: Bored (0.346)
  Prediction Stats:
    Mean: 0.333
    Std: 0.140
    Max: 0.498
    Min: 0.156
  All Predictions:
    Bored: 0.346
    Interested: 0.498
    Lacking_Focus: 0.156
2025-06-12 04:22:05,339 - INFO - 
Face 6 Prediction Analysis:
  Top Prediction: Bored (0.658)
  Second Best: Interested (0.248)
  Prediction Stats:
    Mean: 0.333
    Std: 0.238
    Max: 0.658
    Min: 0.094
  All Predictions:
    Bored: 0.658
    Interested: 0.248
    Lacking_Focus: 0.094
2025-06-12 04:22:05,340 - WARNING - Face 6: High confidence Bored prediction (0.658)
2025-06-12 04:22:05,341 - INFO - 
Face 7 Prediction Analysis:
  Top Prediction: Interested (0.749)
  Second Best: Bored (0.224)
  Prediction Stats:
    Mean: 0.333
    Std: 0.305
    Max: 0.749
    Min: 0.027
  All Predictions:
    Bored: 0.224
    Interested: 0.749
    Lacking_Focus: 0.027
2025-06-12 04:22:05,342 - DEBUG - 📦 Processed frame: 8 faces, 3224.4ms
2025-06-12 04:22:05,351 - DEBUG - Image decoded successfully: (540, 960, 3)
2025-06-12 04:22:08,520 - DEBUG - Face preprocessed: shape=(224, 224, 3), range=[-123.680, 131.320], mean=-39.545
2025-06-12 04:22:08,526 - DEBUG - Face preprocessed: shape=(224, 224, 3), range=[-122.680, 106.320], mean=-38.870
2025-06-12 04:22:08,532 - DEBUG - Face preprocessed: shape=(224, 224, 3), range=[-123.680, 151.061], mean=-1.251
2025-06-12 04:22:08,540 - DEBUG - Face preprocessed: shape=(224, 224, 3), range=[-123.680, 151.061], mean=-37.622
2025-06-12 04:22:08,547 - DEBUG - Face preprocessed: shape=(224, 224, 3), range=[-123.680, 151.061], mean=-21.235
2025-06-12 04:22:08,555 - DEBUG - Face preprocessed: shape=(224, 224, 3), range=[-116.779, 151.061], mean=-12.903
2025-06-12 04:22:08,564 - DEBUG - Face preprocessed: shape=(224, 224, 3), range=[-123.680, 151.061], mean=-18.295
2025-06-12 04:22:08,571 - DEBUG - Face preprocessed: shape=(224, 224, 3), range=[-123.680, 90.320], mean=-28.756
2025-06-12 04:22:08,572 - DEBUG - Detected 8 valid faces
2025-06-12 04:22:08,574 - DEBUG - Processing batch of 8 faces, shape: (8, 224, 224, 3)
2025-06-12 04:22:07,371 - INFO - 
Face 0 Prediction Analysis:
  Top Prediction: Interested (0.861)
  Second Best: Bored (0.086)
  Prediction Stats:
    Mean: 0.333
    Std: 0.374
    Max: 0.861
    Min: 0.052
  All Predictions:
    Bored: 0.086
    Interested: 0.861
    Lacking_Focus: 0.052
2025-06-12 04:22:07,371 - INFO - 
Face 1 Prediction Analysis:
  Top Prediction: Interested (0.552)
  Second Best: Lacking_Focus (0.323)
  Prediction Stats:
    Mean: 0.333
    Std: 0.174
    Max: 0.552
    Min: 0.125
  All Predictions:
    Bored: 0.125
    Interested: 0.552
    Lacking_Focus: 0.323
2025-06-12 04:22:07,372 - INFO - 
Face 2 Prediction Analysis:
  Top Prediction: Lacking_Focus (0.603)
  Second Best: Bored (0.209)
  Prediction Stats:
    Mean: 0.333
    Std: 0.191
    Max: 0.603
    Min: 0.188
  All Predictions:
    Bored: 0.209
    Interested: 0.188
    Lacking_Focus: 0.603
2025-06-12 04:22:07,373 - INFO - 
Face 3 Prediction Analysis:
  Top Prediction: Interested (0.564)
  Second Best: Lacking_Focus (0.223)
  Prediction Stats:
    Mean: 0.333
    Std: 0.163
    Max: 0.564
    Min: 0.213
  All Predictions:
    Bored: 0.213
    Interested: 0.564
    Lacking_Focus: 0.223
2025-06-12 04:22:07,374 - INFO - 
Face 4 Prediction Analysis:
  Top Prediction: Lacking_Focus (0.543)
  Second Best: Interested (0.369)
  Prediction Stats:
    Mean: 0.333
    Std: 0.188
    Max: 0.543
    Min: 0.087
  All Predictions:
    Bored: 0.087
    Interested: 0.369
    Lacking_Focus: 0.543
2025-06-12 04:22:07,375 - INFO - 
Face 5 Prediction Analysis:
  Top Prediction: Interested (0.498)
  Second Best: Bored (0.346)
  Prediction Stats:
    Mean: 0.333
    Std: 0.140
    Max: 0.498
    Min: 0.156
  All Predictions:
    Bored: 0.346
    Interested: 0.498
    Lacking_Focus: 0.156
2025-06-12 04:22:07,376 - INFO - 
Face 6 Prediction Analysis:
  Top Prediction: Bored (0.651)
  Second Best: Interested (0.264)
  Prediction Stats:
    Mean: 0.333
    Std: 0.236
    Max: 0.651
    Min: 0.085
  All Predictions:
    Bored: 0.651
    Interested: 0.264
    Lacking_Focus: 0.085
2025-06-12 04:22:07,377 - WARNING - Face 6: High confidence Bored prediction (0.651)
2025-06-12 04:22:07,377 - INFO - 
Face 7 Prediction Analysis:
  Top Prediction: Interested (0.770)
  Second Best: Bored (0.205)
  Prediction Stats:
    Mean: 0.333
    Std: 0.318
    Max: 0.770
    Min: 0.025
  All Predictions:
    Bored: 0.205
    Interested: 0.770
    Lacking_Focus: 0.025
2025-06-12 04:22:07,378 - DEBUG - 📦 Processed frame: 8 faces, 2030.1ms
2025-06-12 04:22:07,387 - DEBUG - Image decoded successfully: (540, 960, 3)
2025-06-12 04:22:10,528 - DEBUG - Face preprocessed: shape=(224, 224, 3), range=[-120.680, 104.320], mean=-38.751
2025-06-12 04:22:10,536 - DEBUG - Face preprocessed: shape=(224, 224, 3), range=[-123.680, 138.061], mean=-39.481
2025-06-12 04:22:10,544 - DEBUG - Face preprocessed: shape=(224, 224, 3), range=[-123.680, 148.061], mean=-31.899
2025-06-12 04:22:10,555 - DEBUG - Face preprocessed: shape=(224, 224, 3), range=[-123.680, 151.061], mean=-1.313
2025-06-12 04:22:10,563 - DEBUG - Face preprocessed: shape=(224, 224, 3), range=[-123.680, 151.061], mean=-21.236
2025-06-12 04:22:10,574 - DEBUG - Face preprocessed: shape=(224, 224, 3), range=[-123.680, 151.061], mean=-18.120
2025-06-12 04:22:10,585 - DEBUG - Face preprocessed: shape=(224, 224, 3), range=[-116.779, 151.061], mean=-13.165
2025-06-12 04:22:10,592 - DEBUG - Face preprocessed: shape=(224, 224, 3), range=[-123.680, 94.320], mean=-28.855
2025-06-12 04:22:10,592 - DEBUG - Detected 8 valid faces
2025-06-12 04:22:10,594 - DEBUG - Processing batch of 8 faces, shape: (8, 224, 224, 3)
2025-06-12 04:22:11,003 - INFO - 
Face 0 Prediction Analysis:
  Top Prediction: Interested (0.571)
  Second Best: Lacking_Focus (0.307)
  Prediction Stats:
    Mean: 0.333
    Std: 0.184
    Max: 0.571
    Min: 0.122
  All Predictions:
    Bored: 0.122
    Interested: 0.571
    Lacking_Focus: 0.307
2025-06-12 04:22:11,004 - INFO - 
Face 1 Prediction Analysis:
  Top Prediction: Interested (0.853)
  Second Best: Bored (0.087)
  Prediction Stats:
    Mean: 0.333
    Std: 0.368
    Max: 0.853
    Min: 0.059
  All Predictions:
    Bored: 0.087
    Interested: 0.853
    Lacking_Focus: 0.059
2025-06-12 04:22:11,005 - INFO - 
Face 2 Prediction Analysis:
  Top Prediction: Bored (0.458)
  Second Best: Interested (0.426)
  Prediction Stats:
    Mean: 0.333
    Std: 0.155
    Max: 0.458
    Min: 0.116
  All Predictions:
    Bored: 0.458
    Interested: 0.426
    Lacking_Focus: 0.116
2025-06-12 04:22:11,005 - INFO - 
Face 3 Prediction Analysis:
  Top Prediction: Lacking_Focus (0.564)
  Second Best: Bored (0.223)
  Prediction Stats:
    Mean: 0.333
    Std: 0.163
    Max: 0.564
    Min: 0.213
  All Predictions:
    Bored: 0.223
    Interested: 0.213
    Lacking_Focus: 0.564
2025-06-12 04:22:11,006 - INFO - 
Face 4 Prediction Analysis:
  Top Prediction: Lacking_Focus (0.542)
  Second Best: Interested (0.365)
  Prediction Stats:
    Mean: 0.333
    Std: 0.185
    Max: 0.542
    Min: 0.092
  All Predictions:
    Bored: 0.092
    Interested: 0.365
    Lacking_Focus: 0.542
2025-06-12 04:22:11,007 - INFO - 
Face 5 Prediction Analysis:
  Top Prediction: Bored (0.574)
  Second Best: Interested (0.385)
  Prediction Stats:
    Mean: 0.333
    Std: 0.221
    Max: 0.574
    Min: 0.041
  All Predictions:
    Bored: 0.574
    Interested: 0.385
    Lacking_Focus: 0.041
2025-06-12 04:22:11,007 - INFO - 
Face 6 Prediction Analysis:
  Top Prediction: Interested (0.479)
  Second Best: Bored (0.306)
  Prediction Stats:
    Mean: 0.333
    Std: 0.109
    Max: 0.479
    Min: 0.215
  All Predictions:
    Bored: 0.306
    Interested: 0.479
    Lacking_Focus: 0.215
2025-06-12 04:22:11,008 - INFO - 
Face 7 Prediction Analysis:
  Top Prediction: Interested (0.805)
  Second Best: Bored (0.167)
  Prediction Stats:
    Mean: 0.333
    Std: 0.338
    Max: 0.805
    Min: 0.028
  All Predictions:
    Bored: 0.167
    Interested: 0.805
    Lacking_Focus: 0.028
2025-06-12 04:22:11,009 - DEBUG - 📦 Processed frame: 8 faces, 3624.7ms
2025-06-12 04:22:11,015 - INFO - ❌ Client disconnected
2025-06-12 04:22:11,015 - INFO - Disconnect reason: disconnect
2025-06-12 04:22:11,290 - INFO - ✅ Client connected
2025-06-12 04:22:11,465 - DEBUG - Image decoded successfully: (540, 960, 3)
2025-06-12 04:22:14,569 - DEBUG - Face preprocessed: shape=(224, 224, 3), range=[-123.680, 150.061], mean=-38.583
2025-06-12 04:22:14,576 - DEBUG - Face preprocessed: shape=(224, 224, 3), range=[-121.680, 106.320], mean=-32.815
2025-06-12 04:22:14,582 - DEBUG - Face preprocessed: shape=(224, 224, 3), range=[-123.680, 151.061], mean=-20.629
2025-06-12 04:22:14,589 - DEBUG - Face preprocessed: shape=(224, 224, 3), range=[-123.680, 131.320], mean=-36.750
2025-06-12 04:22:14,595 - DEBUG - Face preprocessed: shape=(224, 224, 3), range=[-123.680, 151.061], mean=-14.772
2025-06-12 04:22:14,601 - DEBUG - Face preprocessed: shape=(224, 224, 3), range=[-123.680, 151.061], mean=-0.765
2025-06-12 04:22:14,607 - DEBUG - Face preprocessed: shape=(224, 224, 3), range=[-112.779, 151.061], mean=-2.622
2025-06-12 04:22:14,612 - DEBUG - Face preprocessed: shape=(224, 224, 3), range=[-123.680, 81.320], mean=-25.458
2025-06-12 04:22:14,613 - DEBUG - Detected 8 valid faces
2025-06-12 04:22:14,614 - DEBUG - Processing batch of 8 faces, shape: (8, 224, 224, 3)
2025-06-12 04:22:14,998 - INFO - 
Face 0 Prediction Analysis:
  Top Prediction: Interested (0.546)
  Second Best: Bored (0.354)
  Prediction Stats:
    Mean: 0.333
    Std: 0.183
    Max: 0.546
    Min: 0.100
  All Predictions:
    Bored: 0.354
    Interested: 0.546
    Lacking_Focus: 0.100
2025-06-12 04:22:14,998 - INFO - 
Face 1 Prediction Analysis:
  Top Prediction: Interested (0.768)
  Second Best: Lacking_Focus (0.131)
  Prediction Stats:
    Mean: 0.333
    Std: 0.307
    Max: 0.768
    Min: 0.101
  All Predictions:
    Bored: 0.101
    Interested: 0.768
    Lacking_Focus: 0.131
2025-06-12 04:22:14,999 - INFO - 
Face 2 Prediction Analysis:
  Top Prediction: Interested (0.712)
  Second Best: Lacking_Focus (0.171)
  Prediction Stats:
    Mean: 0.333
    Std: 0.269
    Max: 0.712
    Min: 0.117
  All Predictions:
    Bored: 0.117
    Interested: 0.712
    Lacking_Focus: 0.171
2025-06-12 04:22:15,000 - INFO - 
Face 3 Prediction Analysis:
  Top Prediction: Interested (0.728)
  Second Best: Bored (0.236)
  Prediction Stats:
    Mean: 0.333
    Std: 0.291
    Max: 0.728
    Min: 0.036
  All Predictions:
    Bored: 0.236
    Interested: 0.728
    Lacking_Focus: 0.036
2025-06-12 04:22:15,000 - INFO - 
Face 4 Prediction Analysis:
  Top Prediction: Bored (0.698)
  Second Best: Interested (0.177)
  Prediction Stats:
    Mean: 0.333
    Std: 0.259
    Max: 0.698
    Min: 0.125
  All Predictions:
    Bored: 0.698
    Interested: 0.177
    Lacking_Focus: 0.125
2025-06-12 04:22:15,001 - WARNING - Face 4: High confidence Bored prediction (0.698)
2025-06-12 04:22:15,001 - INFO - 
Face 5 Prediction Analysis:
  Top Prediction: Interested (0.564)
  Second Best: Lacking_Focus (0.329)
  Prediction Stats:
    Mean: 0.333
    Std: 0.187
    Max: 0.564
    Min: 0.107
  All Predictions:
    Bored: 0.107
    Interested: 0.564
    Lacking_Focus: 0.329
2025-06-12 04:22:15,002 - INFO - 
Face 6 Prediction Analysis:
  Top Prediction: Lacking_Focus (0.393)
  Second Best: Interested (0.367)
  Prediction Stats:
    Mean: 0.333
    Std: 0.066
    Max: 0.393
    Min: 0.241
  All Predictions:
    Bored: 0.241
    Interested: 0.367
    Lacking_Focus: 0.393
2025-06-12 04:22:15,002 - WARNING - Face 6: Predictions are very close, might be ambiguous
2025-06-12 04:22:15,003 - INFO - 
Face 7 Prediction Analysis:
  Top Prediction: Interested (0.760)
  Second Best: Bored (0.194)
  Prediction Stats:
    Mean: 0.333
    Std: 0.308
    Max: 0.760
    Min: 0.046
  All Predictions:
    Bored: 0.194
    Interested: 0.760
    Lacking_Focus: 0.046
2025-06-12 04:22:15,004 - DEBUG - 📦 Processed frame: 8 faces, 3543.0ms
2025-06-12 04:22:15,092 - DEBUG - Image decoded successfully: (540, 960, 3)
2025-06-12 04:22:17,816 - DEBUG - Face preprocessed: shape=(224, 224, 3), range=[-123.680, 151.061], mean=-38.516
2025-06-12 04:22:17,820 - DEBUG - Face preprocessed: shape=(224, 224, 3), range=[-123.680, 112.320], mean=-34.856
2025-06-12 04:22:17,825 - DEBUG - Face preprocessed: shape=(224, 224, 3), range=[-123.680, 151.061], mean=-12.603
2025-06-12 04:22:17,829 - DEBUG - Face preprocessed: shape=(224, 224, 3), range=[-123.680, 131.320], mean=-36.360
2025-06-12 04:22:17,835 - DEBUG - Face preprocessed: shape=(224, 224, 3), range=[-123.680, 151.061], mean=-21.080
2025-06-12 04:22:17,840 - DEBUG - Face preprocessed: shape=(224, 224, 3), range=[-116.779, 151.061], mean=-15.397
2025-06-12 04:22:17,846 - DEBUG - Face preprocessed: shape=(224, 224, 3), range=[-123.680, 151.061], mean=-4.624
2025-06-12 04:22:17,852 - DEBUG - Face preprocessed: shape=(224, 224, 3), range=[-123.680, 91.061], mean=-25.783
2025-06-12 04:22:17,853 - DEBUG - Detected 8 valid faces
2025-06-12 04:22:17,855 - DEBUG - Processing batch of 8 faces, shape: (8, 224, 224, 3)
2025-06-12 04:22:18,279 - INFO - 
Face 0 Prediction Analysis:
  Top Prediction: Interested (0.499)
  Second Best: Bored (0.357)
  Prediction Stats:
    Mean: 0.333
    Std: 0.145
    Max: 0.499
    Min: 0.145
  All Predictions:
    Bored: 0.357
    Interested: 0.499
    Lacking_Focus: 0.145
2025-06-12 04:22:18,280 - INFO - 
Face 1 Prediction Analysis:
  Top Prediction: Interested (0.804)
  Second Best: Bored (0.106)
  Prediction Stats:
    Mean: 0.333
    Std: 0.333
    Max: 0.804
    Min: 0.091
  All Predictions:
    Bored: 0.106
    Interested: 0.804
    Lacking_Focus: 0.091
2025-06-12 04:22:18,281 - INFO - 
Face 2 Prediction Analysis:
  Top Prediction: Bored (0.784)
  Second Best: Interested (0.154)
  Prediction Stats:
    Mean: 0.333
    Std: 0.321
    Max: 0.784
    Min: 0.062
  All Predictions:
    Bored: 0.784
    Interested: 0.154
    Lacking_Focus: 0.062
2025-06-12 04:22:18,282 - WARNING - Face 2: High confidence Bored prediction (0.784)
2025-06-12 04:22:18,282 - INFO - 
Face 3 Prediction Analysis:
  Top Prediction: Interested (0.758)
  Second Best: Bored (0.216)
  Prediction Stats:
    Mean: 0.333
    Std: 0.310
    Max: 0.758
    Min: 0.026
  All Predictions:
    Bored: 0.216
    Interested: 0.758
    Lacking_Focus: 0.026
2025-06-12 04:22:18,283 - INFO - 
Face 4 Prediction Analysis:
  Top Prediction: Interested (0.831)
  Second Best: Bored (0.088)
  Prediction Stats:
    Mean: 0.333
    Std: 0.352
    Max: 0.831
    Min: 0.081
  All Predictions:
    Bored: 0.088
    Interested: 0.831
    Lacking_Focus: 0.081
2025-06-12 04:22:18,283 - INFO - 
Face 5 Prediction Analysis:
  Top Prediction: Interested (0.543)
  Second Best: Bored (0.232)
  Prediction Stats:
    Mean: 0.333
    Std: 0.148
    Max: 0.543
    Min: 0.225
  All Predictions:
    Bored: 0.232
    Interested: 0.543
    Lacking_Focus: 0.225
2025-06-12 04:22:18,284 - INFO - 
Face 6 Prediction Analysis:
  Top Prediction: Lacking_Focus (0.533)
  Second Best: Interested (0.354)
  Prediction Stats:
    Mean: 0.333
    Std: 0.172
    Max: 0.533
    Min: 0.114
  All Predictions:
    Bored: 0.114
    Interested: 0.354
    Lacking_Focus: 0.533
2025-06-12 04:22:18,285 - INFO - 
Face 7 Prediction Analysis:
  Top Prediction: Interested (0.935)
  Second Best: Lacking_Focus (0.035)
  Prediction Stats:
    Mean: 0.333
    Std: 0.425
    Max: 0.935
    Min: 0.030
  All Predictions:
    Bored: 0.030
    Interested: 0.935
    Lacking_Focus: 0.035
2025-06-12 04:22:18,286 - DEBUG - 📦 Processed frame: 8 faces, 3196.2ms
2025-06-12 04:22:18,429 - DEBUG - Image decoded successfully: (540, 960, 3)
2025-06-12 04:22:21,367 - DEBUG - Face preprocessed: shape=(224, 224, 3), range=[-123.680, 150.061], mean=-38.363
2025-06-12 04:22:21,374 - DEBUG - Face preprocessed: shape=(224, 224, 3), range=[-123.680, 104.320], mean=-36.635
2025-06-12 04:22:21,380 - DEBUG - Face preprocessed: shape=(224, 224, 3), range=[-123.680, 131.320], mean=-36.316
2025-06-12 04:22:21,385 - DEBUG - Face preprocessed: shape=(224, 224, 3), range=[-123.680, 151.061], mean=-12.537
2025-06-12 04:22:21,394 - DEBUG - Face preprocessed: shape=(224, 224, 3), range=[-123.680, 151.061], mean=-10.731
2025-06-12 04:22:21,400 - DEBUG - Face preprocessed: shape=(224, 224, 3), range=[-116.779, 151.061], mean=-16.543
2025-06-12 04:22:21,409 - DEBUG - Face preprocessed: shape=(224, 224, 3), range=[-123.680, 151.061], mean=-22.138
2025-06-12 04:22:21,418 - DEBUG - Face preprocessed: shape=(224, 224, 3), range=[-121.680, 83.320], mean=-26.584
2025-06-12 04:22:21,419 - DEBUG - Detected 8 valid faces
2025-06-12 04:22:21,421 - DEBUG - Processing batch of 8 faces, shape: (8, 224, 224, 3)
2025-06-12 04:22:21,820 - INFO - 
Face 0 Prediction Analysis:
  Top Prediction: Interested (0.519)
  Second Best: Bored (0.392)
  Prediction Stats:
    Mean: 0.333
    Std: 0.180
    Max: 0.519
    Min: 0.089
  All Predictions:
    Bored: 0.392
    Interested: 0.519
    Lacking_Focus: 0.089
2025-06-12 04:22:21,821 - INFO - 
Face 1 Prediction Analysis:
  Top Prediction: Interested (0.802)
  Second Best: Lacking_Focus (0.121)
  Prediction Stats:
    Mean: 0.333
    Std: 0.332
    Max: 0.802
    Min: 0.077
  All Predictions:
    Bored: 0.077
    Interested: 0.802
    Lacking_Focus: 0.121
2025-06-12 04:22:21,822 - INFO - 
Face 2 Prediction Analysis:
  Top Prediction: Interested (0.749)
  Second Best: Bored (0.227)
  Prediction Stats:
    Mean: 0.333
    Std: 0.305
    Max: 0.749
    Min: 0.024
  All Predictions:
    Bored: 0.227
    Interested: 0.749
    Lacking_Focus: 0.024
2025-06-12 04:22:21,822 - INFO - 
Face 3 Prediction Analysis:
  Top Prediction: Bored (0.521)
  Second Best: Interested (0.436)
  Prediction Stats:
    Mean: 0.333
    Std: 0.208
    Max: 0.521
    Min: 0.044
  All Predictions:
    Bored: 0.521
    Interested: 0.436
    Lacking_Focus: 0.044
2025-06-12 04:22:21,823 - INFO - 
Face 4 Prediction Analysis:
  Top Prediction: Lacking_Focus (0.539)
  Second Best: Interested (0.363)
  Prediction Stats:
    Mean: 0.333
    Std: 0.182
    Max: 0.539
    Min: 0.097
  All Predictions:
    Bored: 0.097
    Interested: 0.363
    Lacking_Focus: 0.539
2025-06-12 04:22:21,824 - INFO - 
Face 5 Prediction Analysis:
  Top Prediction: Interested (0.684)
  Second Best: Lacking_Focus (0.198)
  Prediction Stats:
    Mean: 0.333
    Std: 0.250
    Max: 0.684
    Min: 0.118
  All Predictions:
    Bored: 0.118
    Interested: 0.684
    Lacking_Focus: 0.198
2025-06-12 04:22:21,824 - INFO - 
Face 6 Prediction Analysis:
  Top Prediction: Interested (0.605)
  Second Best: Bored (0.203)
  Prediction Stats:
    Mean: 0.333
    Std: 0.192
    Max: 0.605
    Min: 0.192
  All Predictions:
    Bored: 0.203
    Interested: 0.605
    Lacking_Focus: 0.192
2025-06-12 04:22:21,825 - INFO - 
Face 7 Prediction Analysis:
  Top Prediction: Interested (0.797)
  Second Best: Bored (0.142)
  Prediction Stats:
    Mean: 0.333
    Std: 0.329
    Max: 0.797
    Min: 0.061
  All Predictions:
    Bored: 0.142
    Interested: 0.797
    Lacking_Focus: 0.061
2025-06-12 04:22:21,826 - DEBUG - 📦 Processed frame: 8 faces, 3399.8ms
2025-06-12 04:22:21,834 - DEBUG - Image decoded successfully: (540, 960, 3)
2025-06-12 04:22:24,682 - DEBUG - Face preprocessed: shape=(224, 224, 3), range=[-123.680, 151.061], mean=-38.104
2025-06-12 04:22:24,689 - DEBUG - Face preprocessed: shape=(224, 224, 3), range=[-123.680, 107.320], mean=-36.968
2025-06-12 04:22:24,695 - DEBUG - Face preprocessed: shape=(224, 224, 3), range=[-123.680, 151.061], mean=-13.429
2025-06-12 04:22:24,702 - DEBUG - Face preprocessed: shape=(224, 224, 3), range=[-123.680, 131.320], mean=-36.555
2025-06-12 04:22:24,711 - DEBUG - Face preprocessed: shape=(224, 224, 3), range=[-123.680, 151.061], mean=-22.548
2025-06-12 04:22:24,717 - DEBUG - Face preprocessed: shape=(224, 224, 3), range=[-123.680, 151.061], mean=-9.458
2025-06-12 04:22:24,725 - DEBUG - Face preprocessed: shape=(224, 224, 3), range=[-112.779, 151.061], mean=-16.902
2025-06-12 04:22:24,733 - DEBUG - Face preprocessed: shape=(224, 224, 3), range=[-121.680, 82.320], mean=-26.627
2025-06-12 04:22:24,734 - DEBUG - Detected 8 valid faces
2025-06-12 04:22:24,735 - DEBUG - Processing batch of 8 faces, shape: (8, 224, 224, 3)
2025-06-12 04:22:25,202 - INFO - 
Face 0 Prediction Analysis:
  Top Prediction: Interested (0.429)
  Second Best: Bored (0.367)
  Prediction Stats:
    Mean: 0.333
    Std: 0.095
    Max: 0.429
    Min: 0.204
  All Predictions:
    Bored: 0.367
    Interested: 0.429
    Lacking_Focus: 0.204
2025-06-12 04:22:25,204 - INFO - 
Face 1 Prediction Analysis:
  Top Prediction: Interested (0.672)
  Second Best: Bored (0.199)
  Prediction Stats:
    Mean: 0.333
    Std: 0.241
    Max: 0.672
    Min: 0.129
  All Predictions:
    Bored: 0.199
    Interested: 0.672
    Lacking_Focus: 0.129
2025-06-12 04:22:25,205 - INFO - 
Face 2 Prediction Analysis:
  Top Prediction: Bored (0.830)
  Second Best: Interested (0.116)
  Prediction Stats:
    Mean: 0.333
    Std: 0.352
    Max: 0.830
    Min: 0.055
  All Predictions:
    Bored: 0.830
    Interested: 0.116
    Lacking_Focus: 0.055
2025-06-12 04:22:25,206 - WARNING - Face 2: High confidence Bored prediction (0.830)
2025-06-12 04:22:25,206 - INFO - 
Face 3 Prediction Analysis:
  Top Prediction: Interested (0.612)
  Second Best: Bored (0.368)
  Prediction Stats:
    Mean: 0.333
    Std: 0.243
    Max: 0.612
    Min: 0.021
  All Predictions:
    Bored: 0.368
    Interested: 0.612
    Lacking_Focus: 0.021
2025-06-12 04:22:25,207 - INFO - 
Face 4 Prediction Analysis:
  Top Prediction: Interested (0.557)
  Second Best: Lacking_Focus (0.372)
  Prediction Stats:
    Mean: 0.333
    Std: 0.200
    Max: 0.557
    Min: 0.071
  All Predictions:
    Bored: 0.071
    Interested: 0.557
    Lacking_Focus: 0.372
2025-06-12 04:22:25,208 - INFO - 
Face 5 Prediction Analysis:
  Top Prediction: Interested (0.580)
  Second Best: Lacking_Focus (0.365)
  Prediction Stats:
    Mean: 0.333
    Std: 0.215
    Max: 0.580
    Min: 0.055
  All Predictions:
    Bored: 0.055
    Interested: 0.580
    Lacking_Focus: 0.365
2025-06-12 04:22:25,209 - INFO - 
Face 6 Prediction Analysis:
  Top Prediction: Interested (0.466)
  Second Best: Bored (0.276)
  Prediction Stats:
    Mean: 0.333
    Std: 0.094
    Max: 0.466
    Min: 0.258
  All Predictions:
    Bored: 0.276
    Interested: 0.466
    Lacking_Focus: 0.258
2025-06-12 04:22:25,210 - INFO - 
Face 7 Prediction Analysis:
  Top Prediction: Interested (0.650)
  Second Best: Bored (0.295)
  Prediction Stats:
    Mean: 0.333
    Std: 0.244
    Max: 0.650
    Min: 0.055
  All Predictions:
    Bored: 0.295
    Interested: 0.650
    Lacking_Focus: 0.055
2025-06-12 04:22:25,211 - DEBUG - 📦 Processed frame: 8 faces, 3379.6ms
2025-06-12 04:22:25,363 - DEBUG - Image decoded successfully: (540, 960, 3)
2025-06-12 04:22:28,271 - DEBUG - Face preprocessed: shape=(224, 224, 3), range=[-123.680, 151.061], mean=-35.720
2025-06-12 04:22:28,278 - DEBUG - Face preprocessed: shape=(224, 224, 3), range=[-123.680, 151.061], mean=-23.175
2025-06-12 04:22:28,285 - DEBUG - Face preprocessed: shape=(224, 224, 3), range=[-123.680, 113.320], mean=-37.325
2025-06-12 04:22:28,293 - DEBUG - Face preprocessed: shape=(224, 224, 3), range=[-123.680, 151.061], mean=-19.236
2025-06-12 04:22:28,300 - DEBUG - Face preprocessed: shape=(224, 224, 3), range=[-123.680, 132.061], mean=-36.824
2025-06-12 04:22:28,309 - DEBUG - Face preprocessed: shape=(224, 224, 3), range=[-112.779, 151.061], mean=-16.889
2025-06-12 04:22:28,317 - DEBUG - Face preprocessed: shape=(224, 224, 3), range=[-123.680, 151.061], mean=-11.638
2025-06-12 04:22:28,324 - DEBUG - Face preprocessed: shape=(224, 224, 3), range=[-123.680, 81.320], mean=-32.915
2025-06-12 04:22:28,325 - DEBUG - Detected 8 valid faces
2025-06-12 04:22:28,327 - DEBUG - Processing batch of 8 faces, shape: (8, 224, 224, 3)
2025-06-12 04:22:28,744 - INFO - 
Face 0 Prediction Analysis:
  Top Prediction: Interested (0.551)
  Second Best: Bored (0.337)
  Prediction Stats:
    Mean: 0.333
    Std: 0.179
    Max: 0.551
    Min: 0.112
  All Predictions:
    Bored: 0.337
    Interested: 0.551
    Lacking_Focus: 0.112
2025-06-12 04:22:28,744 - INFO - 
Face 1 Prediction Analysis:
  Top Prediction: Bored (0.480)
  Second Best: Interested (0.296)
  Prediction Stats:
    Mean: 0.333
    Std: 0.108
    Max: 0.480
    Min: 0.224
  All Predictions:
    Bored: 0.480
    Interested: 0.296
    Lacking_Focus: 0.224
2025-06-12 04:22:28,745 - INFO - 
Face 2 Prediction Analysis:
  Top Prediction: Interested (0.803)
  Second Best: Lacking_Focus (0.105)
  Prediction Stats:
    Mean: 0.333
    Std: 0.332
    Max: 0.803
    Min: 0.093
  All Predictions:
    Bored: 0.093
    Interested: 0.803
    Lacking_Focus: 0.105
2025-06-12 04:22:28,746 - INFO - 
Face 3 Prediction Analysis:
  Top Prediction: Interested (0.663)
  Second Best: Lacking_Focus (0.173)
  Prediction Stats:
    Mean: 0.333
    Std: 0.233
    Max: 0.663
    Min: 0.164
  All Predictions:
    Bored: 0.164
    Interested: 0.663
    Lacking_Focus: 0.173
2025-06-12 04:22:28,747 - INFO - 
Face 4 Prediction Analysis:
  Top Prediction: Interested (0.611)
  Second Best: Bored (0.364)
  Prediction Stats:
    Mean: 0.333
    Std: 0.241
    Max: 0.611
    Min: 0.024
  All Predictions:
    Bored: 0.364
    Interested: 0.611
    Lacking_Focus: 0.024
2025-06-12 04:22:28,748 - INFO - 
Face 5 Prediction Analysis:
  Top Prediction: Interested (0.579)
  Second Best: Bored (0.241)
  Prediction Stats:
    Mean: 0.333
    Std: 0.176
    Max: 0.579
    Min: 0.180
  All Predictions:
    Bored: 0.241
    Interested: 0.579
    Lacking_Focus: 0.180
2025-06-12 04:22:28,748 - INFO - 
Face 6 Prediction Analysis:
  Top Prediction: Bored (0.705)
  Second Best: Interested (0.216)
  Prediction Stats:
    Mean: 0.333
    Std: 0.269
    Max: 0.705
    Min: 0.079
  All Predictions:
    Bored: 0.705
    Interested: 0.216
    Lacking_Focus: 0.079
2025-06-12 04:22:28,749 - WARNING - Face 6: High confidence Bored prediction (0.705)
2025-06-12 04:22:28,750 - INFO - 
Face 7 Prediction Analysis:
  Top Prediction: Interested (0.976)
  Second Best: Bored (0.022)
  Prediction Stats:
    Mean: 0.333
    Std: 0.454
    Max: 0.976
    Min: 0.002
  All Predictions:
    Bored: 0.022
    Interested: 0.976
    Lacking_Focus: 0.002
2025-06-12 04:22:28,751 - DEBUG - 📦 Processed frame: 8 faces, 3391.2ms
2025-06-12 04:22:28,760 - DEBUG - Image decoded successfully: (540, 960, 3)
2025-06-12 04:22:32,710 - DEBUG - Face preprocessed: shape=(224, 224, 3), range=[-123.680, 151.061], mean=-13.673
2025-06-12 04:22:32,719 - DEBUG - Face preprocessed: shape=(224, 224, 3), range=[-123.680, 148.061], mean=-35.651
2025-06-12 04:22:32,733 - DEBUG - Face preprocessed: shape=(224, 224, 3), range=[-123.680, 107.061], mean=-29.952
2025-06-12 04:22:32,746 - DEBUG - Face preprocessed: shape=(224, 224, 3), range=[-123.680, 142.061], mean=-38.389
2025-06-12 04:22:32,758 - DEBUG - Face preprocessed: shape=(224, 224, 3), range=[-123.680, 151.061], mean=-11.145
2025-06-12 04:22:32,770 - DEBUG - Face preprocessed: shape=(224, 224, 3), range=[-123.680, 150.061], mean=-16.175
2025-06-12 04:22:32,783 - DEBUG - Face preprocessed: shape=(224, 224, 3), range=[-114.779, 151.061], mean=-17.266
2025-06-12 04:22:32,790 - DEBUG - Face preprocessed: shape=(224, 224, 3), range=[-123.680, 96.320], mean=-32.075
2025-06-12 04:22:32,791 - DEBUG - Detected 8 valid faces
2025-06-12 04:22:32,793 - DEBUG - Processing batch of 8 faces, shape: (8, 224, 224, 3)
2025-06-12 04:22:33,315 - INFO - 
Face 0 Prediction Analysis:
  Top Prediction: Lacking_Focus (0.389)
  Second Best: Interested (0.357)
  Prediction Stats:
    Mean: 0.333
    Std: 0.057
    Max: 0.389
    Min: 0.255
  All Predictions:
    Bored: 0.255
    Interested: 0.357
    Lacking_Focus: 0.389
2025-06-12 04:22:33,317 - WARNING - Face 0: Predictions are very close, might be ambiguous
2025-06-12 04:22:33,318 - INFO - 
Face 1 Prediction Analysis:
  Top Prediction: Interested (0.534)
  Second Best: Bored (0.333)
  Prediction Stats:
    Mean: 0.333
    Std: 0.164
    Max: 0.534
    Min: 0.133
  All Predictions:
    Bored: 0.333
    Interested: 0.534
    Lacking_Focus: 0.133
2025-06-12 04:22:33,319 - INFO - 
Face 2 Prediction Analysis:
  Top Prediction: Interested (0.658)
  Second Best: Bored (0.181)
  Prediction Stats:
    Mean: 0.333
    Std: 0.230
    Max: 0.658
    Min: 0.161
  All Predictions:
    Bored: 0.181
    Interested: 0.658
    Lacking_Focus: 0.161
2025-06-12 04:22:33,320 - INFO - 
Face 3 Prediction Analysis:
  Top Prediction: Interested (0.804)
  Second Best: Lacking_Focus (0.121)
  Prediction Stats:
    Mean: 0.333
    Std: 0.333
    Max: 0.804
    Min: 0.075
  All Predictions:
    Bored: 0.075
    Interested: 0.804
    Lacking_Focus: 0.121
2025-06-12 04:22:33,321 - INFO - 
Face 4 Prediction Analysis:
  Top Prediction: Bored (0.653)
  Second Best: Interested (0.303)
  Prediction Stats:
    Mean: 0.333
    Std: 0.249
    Max: 0.653
    Min: 0.044
  All Predictions:
    Bored: 0.653
    Interested: 0.303
    Lacking_Focus: 0.044
2025-06-12 04:22:33,323 - WARNING - Face 4: High confidence Bored prediction (0.653)
2025-06-12 04:22:33,324 - INFO - 
Face 5 Prediction Analysis:
  Top Prediction: Interested (0.889)
  Second Best: Bored (0.077)
  Prediction Stats:
    Mean: 0.333
    Std: 0.393
    Max: 0.889
    Min: 0.034
  All Predictions:
    Bored: 0.077
    Interested: 0.889
    Lacking_Focus: 0.034
2025-06-12 04:22:33,325 - INFO - 
Face 6 Prediction Analysis:
  Top Prediction: Lacking_Focus (0.343)
  Second Best: Interested (0.333)
  Prediction Stats:
    Mean: 0.333
    Std: 0.008
    Max: 0.343
    Min: 0.324
  All Predictions:
    Bored: 0.324
    Interested: 0.333
    Lacking_Focus: 0.343
2025-06-12 04:22:33,326 - WARNING - Face 6: Predictions are very close, might be ambiguous
2025-06-12 04:22:33,327 - INFO - 
Face 7 Prediction Analysis:
  Top Prediction: Interested (0.926)
  Second Best: Bored (0.039)
  Prediction Stats:
    Mean: 0.333
    Std: 0.419
    Max: 0.926
    Min: 0.035
  All Predictions:
    Bored: 0.039
    Interested: 0.926
    Lacking_Focus: 0.035
2025-06-12 04:22:33,329 - DEBUG - 📦 Processed frame: 8 faces, 4572.0ms
2025-06-12 04:22:33,341 - DEBUG - Image decoded successfully: (540, 960, 3)
2025-06-12 04:22:36,703 - DEBUG - Face preprocessed: shape=(224, 224, 3), range=[-123.680, 148.061], mean=-35.974
2025-06-12 04:22:36,709 - DEBUG - Face preprocessed: shape=(224, 224, 3), range=[-123.680, 151.061], mean=-16.498
2025-06-12 04:22:36,716 - DEBUG - Face preprocessed: shape=(224, 224, 3), range=[-123.680, 106.320], mean=-32.761
2025-06-12 04:22:36,722 - DEBUG - Face preprocessed: shape=(224, 224, 3), range=[-123.680, 151.061], mean=-16.077
2025-06-12 04:22:36,729 - DEBUG - Face preprocessed: shape=(224, 224, 3), range=[-123.680, 151.061], mean=-16.794
2025-06-12 04:22:36,738 - DEBUG - Face preprocessed: shape=(224, 224, 3), range=[-123.680, 124.320], mean=-36.549
2025-06-12 04:22:36,744 - DEBUG - Face preprocessed: shape=(224, 224, 3), range=[-114.779, 151.061], mean=-17.536
2025-06-12 04:22:36,751 - DEBUG - Face preprocessed: shape=(224, 224, 3), range=[-123.680, 93.320], mean=-28.097
2025-06-12 04:22:36,752 - DEBUG - Detected 8 valid faces
2025-06-12 04:22:36,754 - DEBUG - Processing batch of 8 faces, shape: (8, 224, 224, 3)
2025-06-12 04:22:35,620 - INFO - 
Face 0 Prediction Analysis:
  Top Prediction: Interested (0.497)
  Second Best: Bored (0.267)
  Prediction Stats:
    Mean: 0.333
    Std: 0.116
    Max: 0.497
    Min: 0.236
  All Predictions:
    Bored: 0.267
    Interested: 0.497
    Lacking_Focus: 0.236
2025-06-12 04:22:35,621 - INFO - 
Face 1 Prediction Analysis:
  Top Prediction: Interested (0.437)
  Second Best: Bored (0.360)
  Prediction Stats:
    Mean: 0.333
    Std: 0.098
    Max: 0.437
    Min: 0.203
  All Predictions:
    Bored: 0.360
    Interested: 0.437
    Lacking_Focus: 0.203
2025-06-12 04:22:35,622 - INFO - 
Face 2 Prediction Analysis:
  Top Prediction: Interested (0.747)
  Second Best: Bored (0.211)
  Prediction Stats:
    Mean: 0.333
    Std: 0.301
    Max: 0.747
    Min: 0.042
  All Predictions:
    Bored: 0.211
    Interested: 0.747
    Lacking_Focus: 0.042
2025-06-12 04:22:35,622 - INFO - 
Face 3 Prediction Analysis:
  Top Prediction: Bored (0.740)
  Second Best: Interested (0.219)
  Prediction Stats:
    Mean: 0.333
    Std: 0.296
    Max: 0.740
    Min: 0.041
  All Predictions:
    Bored: 0.740
    Interested: 0.219
    Lacking_Focus: 0.041
2025-06-12 04:22:35,623 - WARNING - Face 3: High confidence Bored prediction (0.740)
2025-06-12 04:22:35,623 - INFO - 
Face 4 Prediction Analysis:
  Top Prediction: Interested (0.909)
  Second Best: Lacking_Focus (0.047)
  Prediction Stats:
    Mean: 0.333
    Std: 0.407
    Max: 0.909
    Min: 0.044
  All Predictions:
    Bored: 0.044
    Interested: 0.909
    Lacking_Focus: 0.047
2025-06-12 04:22:35,624 - INFO - 
Face 5 Prediction Analysis:
  Top Prediction: Interested (0.830)
  Second Best: Bored (0.124)
  Prediction Stats:
    Mean: 0.333
    Std: 0.352
    Max: 0.830
    Min: 0.046
  All Predictions:
    Bored: 0.124
    Interested: 0.830
    Lacking_Focus: 0.046
2025-06-12 04:22:35,624 - INFO - 
Face 6 Prediction Analysis:
  Top Prediction: Interested (0.453)
  Second Best: Bored (0.313)
  Prediction Stats:
    Mean: 0.333
    Std: 0.091
    Max: 0.453
    Min: 0.234
  All Predictions:
    Bored: 0.313
    Interested: 0.453
    Lacking_Focus: 0.234
2025-06-12 04:22:35,625 - INFO - 
Face 7 Prediction Analysis:
  Top Prediction: Lacking_Focus (0.603)
  Second Best: Interested (0.257)
  Prediction Stats:
    Mean: 0.333
    Std: 0.196
    Max: 0.603
    Min: 0.140
  All Predictions:
    Bored: 0.140
    Interested: 0.257
    Lacking_Focus: 0.603
2025-06-12 04:22:35,626 - DEBUG - 📦 Processed frame: 8 faces, 2288.5ms
2025-06-12 04:22:35,980 - DEBUG - Image decoded successfully: (540, 960, 3)
2025-06-12 04:22:39,015 - DEBUG - Face preprocessed: shape=(224, 224, 3), range=[-123.680, 151.061], mean=-16.632
2025-06-12 04:22:39,022 - DEBUG - Face preprocessed: shape=(224, 224, 3), range=[-123.680, 148.061], mean=-34.908
2025-06-12 04:22:39,026 - DEBUG - Face preprocessed: shape=(224, 224, 3), range=[-121.680, 107.320], mean=-34.970
2025-06-12 04:22:39,032 - DEBUG - Face preprocessed: shape=(224, 224, 3), range=[-123.680, 151.061], mean=-16.446
2025-06-12 04:22:39,037 - DEBUG - Face preprocessed: shape=(224, 224, 3), range=[-123.680, 131.320], mean=-34.776
2025-06-12 04:22:39,044 - DEBUG - Face preprocessed: shape=(224, 224, 3), range=[-123.680, 151.061], mean=-14.653
2025-06-12 04:22:39,050 - DEBUG - Face preprocessed: shape=(224, 224, 3), range=[-115.779, 151.061], mean=-17.403
2025-06-12 04:22:39,056 - DEBUG - Face preprocessed: shape=(224, 224, 3), range=[-120.680, 125.320], mean=-31.732
2025-06-12 04:22:39,057 - DEBUG - Detected 8 valid faces
2025-06-12 04:22:39,059 - DEBUG - Processing batch of 8 faces, shape: (8, 224, 224, 3)
2025-06-12 04:22:39,467 - INFO - 
Face 0 Prediction Analysis:
  Top Prediction: Bored (0.540)
  Second Best: Interested (0.303)
  Prediction Stats:
    Mean: 0.333
    Std: 0.158
    Max: 0.540
    Min: 0.157
  All Predictions:
    Bored: 0.540
    Interested: 0.303
    Lacking_Focus: 0.157
2025-06-12 04:22:39,468 - INFO - 
Face 1 Prediction Analysis:
  Top Prediction: Interested (0.470)
  Second Best: Bored (0.433)
  Prediction Stats:
    Mean: 0.333
    Std: 0.168
    Max: 0.470
    Min: 0.097
  All Predictions:
    Bored: 0.433
    Interested: 0.470
    Lacking_Focus: 0.097
2025-06-12 04:22:39,469 - INFO - 
Face 2 Prediction Analysis:
  Top Prediction: Interested (0.710)
  Second Best: Bored (0.153)
  Prediction Stats:
    Mean: 0.333
    Std: 0.267
    Max: 0.710
    Min: 0.137
  All Predictions:
    Bored: 0.153
    Interested: 0.710
    Lacking_Focus: 0.137
2025-06-12 04:22:39,470 - INFO - 
Face 3 Prediction Analysis:
  Top Prediction: Interested (0.859)
  Second Best: Lacking_Focus (0.074)
  Prediction Stats:
    Mean: 0.333
    Std: 0.371
    Max: 0.859
    Min: 0.068
  All Predictions:
    Bored: 0.068
    Interested: 0.859
    Lacking_Focus: 0.074
2025-06-12 04:22:39,470 - INFO - 
Face 4 Prediction Analysis:
  Top Prediction: Interested (0.521)
  Second Best: Bored (0.452)
  Prediction Stats:
    Mean: 0.333
    Std: 0.218
    Max: 0.521
    Min: 0.027
  All Predictions:
    Bored: 0.452
    Interested: 0.521
    Lacking_Focus: 0.027
2025-06-12 04:22:39,471 - INFO - 
Face 5 Prediction Analysis:
  Top Prediction: Bored (0.584)
  Second Best: Interested (0.362)
  Prediction Stats:
    Mean: 0.333
    Std: 0.217
    Max: 0.584
    Min: 0.054
  All Predictions:
    Bored: 0.584
    Interested: 0.362
    Lacking_Focus: 0.054
2025-06-12 04:22:39,472 - INFO - 
Face 6 Prediction Analysis:
  Top Prediction: Interested (0.442)
  Second Best: Lacking_Focus (0.293)
  Prediction Stats:
    Mean: 0.333
    Std: 0.078
    Max: 0.442
    Min: 0.265
  All Predictions:
    Bored: 0.265
    Interested: 0.442
    Lacking_Focus: 0.293
2025-06-12 04:22:39,473 - WARNING - Face 6: Predictions are very close, might be ambiguous
2025-06-12 04:22:39,474 - INFO - 
Face 7 Prediction Analysis:
  Top Prediction: Interested (0.691)
  Second Best: Bored (0.244)
  Prediction Stats:
    Mean: 0.333
    Std: 0.263
    Max: 0.691
    Min: 0.065
  All Predictions:
    Bored: 0.244
    Interested: 0.691
    Lacking_Focus: 0.065
2025-06-12 04:22:39,475 - DEBUG - 📦 Processed frame: 8 faces, 3498.3ms
2025-06-12 04:22:39,485 - DEBUG - Image decoded successfully: (540, 960, 3)
2025-06-12 04:22:42,764 - DEBUG - Face preprocessed: shape=(224, 224, 3), range=[-123.680, 151.061], mean=-16.377
2025-06-12 04:22:42,772 - DEBUG - Face preprocessed: shape=(224, 224, 3), range=[-123.680, 151.061], mean=-42.923
2025-06-12 04:22:42,779 - DEBUG - Face preprocessed: shape=(224, 224, 3), range=[-120.680, 105.320], mean=-34.515
2025-06-12 04:22:42,793 - DEBUG - Face preprocessed: shape=(224, 224, 3), range=[-123.680, 151.061], mean=-12.933
2025-06-12 04:22:42,801 - DEBUG - Face preprocessed: shape=(224, 224, 3), range=[-123.680, 135.061], mean=-35.830
2025-06-12 04:22:42,807 - DEBUG - Face preprocessed: shape=(224, 224, 3), range=[-123.680, 151.061], mean=-20.422
2025-06-12 04:22:42,814 - DEBUG - Face preprocessed: shape=(224, 224, 3), range=[-116.779, 151.061], mean=-12.878
2025-06-12 04:22:42,820 - DEBUG - Face preprocessed: shape=(224, 224, 3), range=[-123.680, 99.320], mean=-29.841
2025-06-12 04:22:42,821 - DEBUG - Detected 8 valid faces
2025-06-12 04:22:42,823 - DEBUG - Processing batch of 8 faces, shape: (8, 224, 224, 3)
2025-06-12 04:22:43,284 - INFO - 
Face 0 Prediction Analysis:
  Top Prediction: Bored (0.470)
  Second Best: Lacking_Focus (0.320)
  Prediction Stats:
    Mean: 0.333
    Std: 0.107
    Max: 0.470
    Min: 0.210
  All Predictions:
    Bored: 0.470
    Interested: 0.210
    Lacking_Focus: 0.320
2025-06-12 04:22:43,285 - INFO - 
Face 1 Prediction Analysis:
  Top Prediction: Interested (0.633)
  Second Best: Lacking_Focus (0.212)
  Prediction Stats:
    Mean: 0.333
    Std: 0.213
    Max: 0.633
    Min: 0.155
  All Predictions:
    Bored: 0.155
    Interested: 0.633
    Lacking_Focus: 0.212
2025-06-12 04:22:43,286 - INFO - 
Face 2 Prediction Analysis:
  Top Prediction: Interested (0.746)
  Second Best: Lacking_Focus (0.182)
  Prediction Stats:
    Mean: 0.333
    Std: 0.295
    Max: 0.746
    Min: 0.072
  All Predictions:
    Bored: 0.072
    Interested: 0.746
    Lacking_Focus: 0.182
2025-06-12 04:22:43,287 - INFO - 
Face 3 Prediction Analysis:
  Top Prediction: Bored (0.549)
  Second Best: Interested (0.311)
  Prediction Stats:
    Mean: 0.333
    Std: 0.168
    Max: 0.549
    Min: 0.140
  All Predictions:
    Bored: 0.549
    Interested: 0.311
    Lacking_Focus: 0.140
2025-06-12 04:22:43,288 - INFO - 
Face 4 Prediction Analysis:
  Top Prediction: Interested (0.721)
  Second Best: Bored (0.247)
  Prediction Stats:
    Mean: 0.333
    Std: 0.288
    Max: 0.721
    Min: 0.032
  All Predictions:
    Bored: 0.247
    Interested: 0.721
    Lacking_Focus: 0.032
2025-06-12 04:22:43,288 - INFO - 
Face 5 Prediction Analysis:
  Top Prediction: Interested (0.860)
  Second Best: Lacking_Focus (0.080)
  Prediction Stats:
    Mean: 0.333
    Std: 0.372
    Max: 0.860
    Min: 0.060
  All Predictions:
    Bored: 0.060
    Interested: 0.860
    Lacking_Focus: 0.080
2025-06-12 04:22:43,289 - INFO - 
Face 6 Prediction Analysis:
  Top Prediction: Interested (0.396)
  Second Best: Bored (0.373)
  Prediction Stats:
    Mean: 0.333
    Std: 0.074
    Max: 0.396
    Min: 0.230
  All Predictions:
    Bored: 0.373
    Interested: 0.396
    Lacking_Focus: 0.230
2025-06-12 04:22:43,290 - WARNING - Face 6: Predictions are very close, might be ambiguous
2025-06-12 04:22:43,291 - INFO - 
Face 7 Prediction Analysis:
  Top Prediction: Interested (0.872)
  Second Best: Bored (0.114)
  Prediction Stats:
    Mean: 0.333
    Std: 0.383
    Max: 0.872
    Min: 0.014
  All Predictions:
    Bored: 0.114
    Interested: 0.872
    Lacking_Focus: 0.014
2025-06-12 04:22:43,292 - DEBUG - 📦 Processed frame: 8 faces, 3809.7ms
2025-06-12 04:22:43,301 - DEBUG - Image decoded successfully: (540, 960, 3)
2025-06-12 04:22:46,139 - DEBUG - Face preprocessed: shape=(224, 224, 3), range=[-123.680, 110.061], mean=-29.794
2025-06-12 04:22:46,148 - DEBUG - Face preprocessed: shape=(224, 224, 3), range=[-123.680, 151.061], mean=-14.657
2025-06-12 04:22:46,155 - DEBUG - Face preprocessed: shape=(224, 224, 3), range=[-123.680, 151.061], mean=-13.526
2025-06-12 04:22:46,161 - DEBUG - Face preprocessed: shape=(224, 224, 3), range=[-123.680, 140.061], mean=-36.591
2025-06-12 04:22:46,168 - DEBUG - Face preprocessed: shape=(224, 224, 3), range=[-123.680, 147.061], mean=-34.359
2025-06-12 04:22:46,174 - DEBUG - Face preprocessed: shape=(224, 224, 3), range=[-123.680, 151.061], mean=-17.605
2025-06-12 04:22:46,183 - DEBUG - Face preprocessed: shape=(224, 224, 3), range=[-116.779, 151.061], mean=-12.077
2025-06-12 04:22:46,190 - DEBUG - Face preprocessed: shape=(224, 224, 3), range=[-123.680, 78.061], mean=-31.734
2025-06-12 04:22:46,191 - DEBUG - Detected 8 valid faces
2025-06-12 04:22:46,193 - DEBUG - Processing batch of 8 faces, shape: (8, 224, 224, 3)
2025-06-12 04:22:46,614 - INFO - 
Face 0 Prediction Analysis:
  Top Prediction: Interested (0.722)
  Second Best: Bored (0.239)
  Prediction Stats:
    Mean: 0.333
    Std: 0.287
    Max: 0.722
    Min: 0.039
  All Predictions:
    Bored: 0.239
    Interested: 0.722
    Lacking_Focus: 0.039
2025-06-12 04:22:46,615 - INFO - 
Face 1 Prediction Analysis:
  Top Prediction: Lacking_Focus (0.391)
  Second Best: Bored (0.310)
  Prediction Stats:
    Mean: 0.333
    Std: 0.041
    Max: 0.391
    Min: 0.300
  All Predictions:
    Bored: 0.310
    Interested: 0.300
    Lacking_Focus: 0.391
2025-06-12 04:22:46,615 - WARNING - Face 1: Predictions are very close, might be ambiguous
2025-06-12 04:22:46,616 - INFO - 
Face 2 Prediction Analysis:
  Top Prediction: Bored (0.590)
  Second Best: Interested (0.355)
  Prediction Stats:
    Mean: 0.333
    Std: 0.219
    Max: 0.590
    Min: 0.055
  All Predictions:
    Bored: 0.590
    Interested: 0.355
    Lacking_Focus: 0.055
2025-06-12 04:22:46,617 - INFO - 
Face 3 Prediction Analysis:
  Top Prediction: Interested (0.747)
  Second Best: Bored (0.215)
  Prediction Stats:
    Mean: 0.333
    Std: 0.301
    Max: 0.747
    Min: 0.038
  All Predictions:
    Bored: 0.215
    Interested: 0.747
    Lacking_Focus: 0.038
2025-06-12 04:22:46,618 - INFO - 
Face 4 Prediction Analysis:
  Top Prediction: Interested (0.403)
  Second Best: Lacking_Focus (0.367)
  Prediction Stats:
    Mean: 0.333
    Std: 0.074
    Max: 0.403
    Min: 0.231
  All Predictions:
    Bored: 0.231
    Interested: 0.403
    Lacking_Focus: 0.367
2025-06-12 04:22:46,619 - WARNING - Face 4: Predictions are very close, might be ambiguous
2025-06-12 04:22:46,621 - INFO - 
Face 5 Prediction Analysis:
  Top Prediction: Interested (0.862)
  Second Best: Lacking_Focus (0.074)
  Prediction Stats:
    Mean: 0.333
    Std: 0.374
    Max: 0.862
    Min: 0.064
  All Predictions:
    Bored: 0.064
    Interested: 0.862
    Lacking_Focus: 0.074
2025-06-12 04:22:46,622 - INFO - 
Face 6 Prediction Analysis:
  Top Prediction: Bored (0.498)
  Second Best: Interested (0.331)
  Prediction Stats:
    Mean: 0.333
    Std: 0.134
    Max: 0.498
    Min: 0.171
  All Predictions:
    Bored: 0.498
    Interested: 0.331
    Lacking_Focus: 0.171
2025-06-12 04:22:46,623 - INFO - 
Face 7 Prediction Analysis:
  Top Prediction: Interested (0.929)
  Second Best: Bored (0.046)
  Prediction Stats:
    Mean: 0.333
    Std: 0.421
    Max: 0.929
    Min: 0.025
  All Predictions:
    Bored: 0.046
    Interested: 0.929
    Lacking_Focus: 0.025
2025-06-12 04:22:46,624 - DEBUG - 📦 Processed frame: 8 faces, 3325.6ms
2025-06-12 04:22:46,636 - DEBUG - Image decoded successfully: (540, 960, 3)
2025-06-12 04:22:49,685 - DEBUG - Face preprocessed: shape=(224, 224, 3), range=[-123.680, 151.061], mean=-15.590
2025-06-12 04:22:49,691 - DEBUG - Face preprocessed: shape=(224, 224, 3), range=[-122.680, 102.320], mean=-32.964
2025-06-12 04:22:49,698 - DEBUG - Face preprocessed: shape=(224, 224, 3), range=[-123.680, 140.061], mean=-38.986
2025-06-12 04:22:49,707 - DEBUG - Face preprocessed: shape=(224, 224, 3), range=[-123.680, 151.061], mean=-13.262
2025-06-12 04:22:49,718 - DEBUG - Face preprocessed: shape=(224, 224, 3), range=[-116.779, 151.061], mean=-12.625
2025-06-12 04:22:49,736 - DEBUG - Face preprocessed: shape=(224, 224, 3), range=[-123.680, 151.061], mean=-35.007
2025-06-12 04:22:49,750 - DEBUG - Face preprocessed: shape=(224, 224, 3), range=[-123.680, 151.061], mean=-18.947
2025-06-12 04:22:49,760 - DEBUG - Face preprocessed: shape=(224, 224, 3), range=[-123.680, 84.061], mean=-31.299
2025-06-12 04:22:49,761 - DEBUG - Detected 8 valid faces
2025-06-12 04:22:49,765 - DEBUG - Processing batch of 8 faces, shape: (8, 224, 224, 3)
2025-06-12 04:22:50,259 - INFO - 
Face 0 Prediction Analysis:
  Top Prediction: Bored (0.456)
  Second Best: Interested (0.415)
  Prediction Stats:
    Mean: 0.333
    Std: 0.145
    Max: 0.456
    Min: 0.129
  All Predictions:
    Bored: 0.456
    Interested: 0.415
    Lacking_Focus: 0.129
2025-06-12 04:22:50,260 - INFO - 
Face 1 Prediction Analysis:
  Top Prediction: Interested (0.746)
  Second Best: Lacking_Focus (0.128)
  Prediction Stats:
    Mean: 0.333
    Std: 0.292
    Max: 0.746
    Min: 0.127
  All Predictions:
    Bored: 0.127
    Interested: 0.746
    Lacking_Focus: 0.128
2025-06-12 04:22:50,261 - INFO - 
Face 2 Prediction Analysis:
  Top Prediction: Interested (0.793)
  Second Best: Bored (0.174)
  Prediction Stats:
    Mean: 0.333
    Std: 0.330
    Max: 0.793
    Min: 0.034
  All Predictions:
    Bored: 0.174
    Interested: 0.793
    Lacking_Focus: 0.034
2025-06-12 04:22:50,262 - INFO - 
Face 3 Prediction Analysis:
  Top Prediction: Interested (0.494)
  Second Best: Bored (0.409)
  Prediction Stats:
    Mean: 0.333
    Std: 0.170
    Max: 0.494
    Min: 0.098
  All Predictions:
    Bored: 0.409
    Interested: 0.494
    Lacking_Focus: 0.098
2025-06-12 04:22:50,264 - INFO - 
Face 4 Prediction Analysis:
  Top Prediction: Bored (0.387)
  Second Best: Lacking_Focus (0.382)
  Prediction Stats:
    Mean: 0.333
    Std: 0.072
    Max: 0.387
    Min: 0.231
  All Predictions:
    Bored: 0.387
    Interested: 0.231
    Lacking_Focus: 0.382
2025-06-12 04:22:50,265 - WARNING - Face 4: Predictions are very close, might be ambiguous
2025-06-12 04:22:50,266 - INFO - 
Face 5 Prediction Analysis:
  Top Prediction: Bored (0.375)
  Second Best: Interested (0.348)
  Prediction Stats:
    Mean: 0.333
    Std: 0.041
    Max: 0.375
    Min: 0.277
  All Predictions:
    Bored: 0.375
    Interested: 0.348
    Lacking_Focus: 0.277
2025-06-12 04:22:50,266 - WARNING - Face 5: Predictions are very close, might be ambiguous
2025-06-12 04:22:50,267 - INFO - 
Face 6 Prediction Analysis:
  Top Prediction: Interested (0.462)
  Second Best: Bored (0.368)
  Prediction Stats:
    Mean: 0.333
    Std: 0.121
    Max: 0.462
    Min: 0.170
  All Predictions:
    Bored: 0.368
    Interested: 0.462
    Lacking_Focus: 0.170
2025-06-12 04:22:50,268 - INFO - 
Face 7 Prediction Analysis:
  Top Prediction: Interested (0.908)
  Second Best: Bored (0.084)
  Prediction Stats:
    Mean: 0.333
    Std: 0.408
    Max: 0.908
    Min: 0.007
  All Predictions:
    Bored: 0.084
    Interested: 0.908
    Lacking_Focus: 0.007
2025-06-12 04:22:50,270 - DEBUG - 📦 Processed frame: 8 faces, 3637.7ms
2025-06-12 04:22:50,283 - DEBUG - Image decoded successfully: (540, 960, 3)
2025-06-12 04:22:53,190 - DEBUG - Face preprocessed: shape=(224, 224, 3), range=[-123.680, 151.061], mean=-15.590
2025-06-12 04:22:53,198 - DEBUG - Face preprocessed: shape=(224, 224, 3), range=[-122.680, 102.320], mean=-32.941
2025-06-12 04:22:53,207 - DEBUG - Face preprocessed: shape=(224, 224, 3), range=[-123.680, 140.061], mean=-38.986
2025-06-12 04:22:53,214 - DEBUG - Face preprocessed: shape=(224, 224, 3), range=[-123.680, 151.061], mean=-13.229
2025-06-12 04:22:53,227 - DEBUG - Face preprocessed: shape=(224, 224, 3), range=[-116.779, 151.061], mean=-12.625
2025-06-12 04:22:53,234 - DEBUG - Face preprocessed: shape=(224, 224, 3), range=[-123.680, 151.061], mean=-18.947
2025-06-12 04:22:53,247 - DEBUG - Face preprocessed: shape=(224, 224, 3), range=[-123.680, 151.061], mean=-30.916
2025-06-12 04:22:53,255 - DEBUG - Face preprocessed: shape=(224, 224, 3), range=[-123.680, 84.061], mean=-31.299
2025-06-12 04:22:53,256 - DEBUG - Detected 8 valid faces
2025-06-12 04:22:53,257 - DEBUG - Processing batch of 8 faces, shape: (8, 224, 224, 3)
2025-06-12 04:22:53,780 - INFO - 
Face 0 Prediction Analysis:
  Top Prediction: Bored (0.456)
  Second Best: Interested (0.415)
  Prediction Stats:
    Mean: 0.333
    Std: 0.145
    Max: 0.456
    Min: 0.129
  All Predictions:
    Bored: 0.456
    Interested: 0.415
    Lacking_Focus: 0.129
2025-06-12 04:22:53,781 - INFO - 
Face 1 Prediction Analysis:
  Top Prediction: Interested (0.732)
  Second Best: Bored (0.148)
  Prediction Stats:
    Mean: 0.333
    Std: 0.282
    Max: 0.732
    Min: 0.120
  All Predictions:
    Bored: 0.148
    Interested: 0.732
    Lacking_Focus: 0.120
2025-06-12 04:22:53,782 - INFO - 
Face 2 Prediction Analysis:
  Top Prediction: Interested (0.793)
  Second Best: Bored (0.174)
  Prediction Stats:
    Mean: 0.333
    Std: 0.330
    Max: 0.793
    Min: 0.034
  All Predictions:
    Bored: 0.174
    Interested: 0.793
    Lacking_Focus: 0.034
2025-06-12 04:22:53,783 - INFO - 
Face 3 Prediction Analysis:
  Top Prediction: Interested (0.514)
  Second Best: Bored (0.384)
  Prediction Stats:
    Mean: 0.333
    Std: 0.172
    Max: 0.514
    Min: 0.102
  All Predictions:
    Bored: 0.384
    Interested: 0.514
    Lacking_Focus: 0.102
2025-06-12 04:22:53,784 - INFO - 
Face 4 Prediction Analysis:
  Top Prediction: Bored (0.387)
  Second Best: Lacking_Focus (0.382)
  Prediction Stats:
    Mean: 0.333
    Std: 0.072
    Max: 0.387
    Min: 0.231
  All Predictions:
    Bored: 0.387
    Interested: 0.231
    Lacking_Focus: 0.382
2025-06-12 04:22:53,785 - WARNING - Face 4: Predictions are very close, might be ambiguous
2025-06-12 04:22:53,785 - INFO - 
Face 5 Prediction Analysis:
  Top Prediction: Interested (0.462)
  Second Best: Bored (0.368)
  Prediction Stats:
    Mean: 0.333
    Std: 0.121
    Max: 0.462
    Min: 0.170
  All Predictions:
    Bored: 0.368
    Interested: 0.462
    Lacking_Focus: 0.170
2025-06-12 04:22:53,786 - INFO - 
Face 6 Prediction Analysis:
  Top Prediction: Bored (0.708)
  Second Best: Interested (0.237)
  Prediction Stats:
    Mean: 0.333
    Std: 0.275
    Max: 0.708
    Min: 0.055
  All Predictions:
    Bored: 0.708
    Interested: 0.237
    Lacking_Focus: 0.055
2025-06-12 04:22:53,787 - WARNING - Face 6: High confidence Bored prediction (0.708)
2025-06-12 04:22:53,788 - INFO - 
Face 7 Prediction Analysis:
  Top Prediction: Interested (0.908)
  Second Best: Bored (0.084)
  Prediction Stats:
    Mean: 0.333
    Std: 0.408
    Max: 0.908
    Min: 0.007
  All Predictions:
    Bored: 0.084
    Interested: 0.908
    Lacking_Focus: 0.007
2025-06-12 04:22:53,789 - DEBUG - 📦 Processed frame: 8 faces, 3509.0ms
2025-06-12 04:22:54,136 - DEBUG - Image decoded successfully: (540, 960, 3)
2025-06-12 04:22:56,985 - DEBUG - Face preprocessed: shape=(224, 224, 3), range=[-123.680, 151.061], mean=-15.345
2025-06-12 04:22:56,991 - DEBUG - Face preprocessed: shape=(224, 224, 3), range=[-120.680, 109.320], mean=-32.804
2025-06-12 04:22:56,997 - DEBUG - Face preprocessed: shape=(224, 224, 3), range=[-123.680, 143.061], mean=-38.620
2025-06-12 04:22:57,004 - DEBUG - Face preprocessed: shape=(224, 224, 3), range=[-123.680, 151.061], mean=-12.224
2025-06-12 04:22:57,009 - DEBUG - Face preprocessed: shape=(224, 224, 3), range=[-123.680, 150.061], mean=-38.477
2025-06-12 04:22:57,014 - DEBUG - Face preprocessed: shape=(224, 224, 3), range=[-116.779, 151.061], mean=-12.843
2025-06-12 04:22:57,020 - DEBUG - Face preprocessed: shape=(224, 224, 3), range=[-123.680, 151.061], mean=-19.967
2025-06-12 04:22:57,029 - DEBUG - Face preprocessed: shape=(224, 224, 3), range=[-122.680, 77.061], mean=-30.722
2025-06-12 04:22:57,029 - DEBUG - Detected 8 valid faces
2025-06-12 04:22:57,031 - DEBUG - Processing batch of 8 faces, shape: (8, 224, 224, 3)
2025-06-12 04:22:57,451 - INFO - 
Face 0 Prediction Analysis:
  Top Prediction: Bored (0.352)
  Second Best: Interested (0.352)
  Prediction Stats:
    Mean: 0.333
    Std: 0.027
    Max: 0.352
    Min: 0.296
  All Predictions:
    Bored: 0.352
    Interested: 0.352
    Lacking_Focus: 0.296
2025-06-12 04:22:57,452 - WARNING - Face 0: Predictions are very close, might be ambiguous
2025-06-12 04:22:57,453 - INFO - 
Face 1 Prediction Analysis:
  Top Prediction: Interested (0.726)
  Second Best: Bored (0.185)
  Prediction Stats:
    Mean: 0.333
    Std: 0.280
    Max: 0.726
    Min: 0.089
  All Predictions:
    Bored: 0.185
    Interested: 0.726
    Lacking_Focus: 0.089
2025-06-12 04:22:57,454 - INFO - 
Face 2 Prediction Analysis:
  Top Prediction: Interested (0.828)
  Second Best: Bored (0.123)
  Prediction Stats:
    Mean: 0.333
    Std: 0.351
    Max: 0.828
    Min: 0.049
  All Predictions:
    Bored: 0.123
    Interested: 0.828
    Lacking_Focus: 0.049
2025-06-12 04:22:57,455 - INFO - 
Face 3 Prediction Analysis:
  Top Prediction: Bored (0.582)
  Second Best: Interested (0.271)
  Prediction Stats:
    Mean: 0.333
    Std: 0.183
    Max: 0.582
    Min: 0.147
  All Predictions:
    Bored: 0.582
    Interested: 0.271
    Lacking_Focus: 0.147
2025-06-12 04:22:57,456 - INFO - 
Face 4 Prediction Analysis:
  Top Prediction: Lacking_Focus (0.400)
  Second Best: Interested (0.316)
  Prediction Stats:
    Mean: 0.333
    Std: 0.049
    Max: 0.400
    Min: 0.284
  All Predictions:
    Bored: 0.284
    Interested: 0.316
    Lacking_Focus: 0.400
2025-06-12 04:22:57,456 - WARNING - Face 4: Predictions are very close, might be ambiguous
2025-06-12 04:22:57,457 - INFO - 
Face 5 Prediction Analysis:
  Top Prediction: Bored (0.370)
  Second Best: Interested (0.340)
  Prediction Stats:
    Mean: 0.333
    Std: 0.033
    Max: 0.370
    Min: 0.290
  All Predictions:
    Bored: 0.370
    Interested: 0.340
    Lacking_Focus: 0.290
2025-06-12 04:22:57,458 - WARNING - Face 5: Predictions are very close, might be ambiguous
2025-06-12 04:22:57,458 - INFO - 
Face 6 Prediction Analysis:
  Top Prediction: Interested (0.591)
  Second Best: Bored (0.208)
  Prediction Stats:
    Mean: 0.333
    Std: 0.182
    Max: 0.591
    Min: 0.202
  All Predictions:
    Bored: 0.208
    Interested: 0.591
    Lacking_Focus: 0.202
2025-06-12 04:22:57,459 - INFO - 
Face 7 Prediction Analysis:
  Top Prediction: Interested (0.897)
  Second Best: Bored (0.092)
  Prediction Stats:
    Mean: 0.333
    Std: 0.400
    Max: 0.897
    Min: 0.011
  All Predictions:
    Bored: 0.092
    Interested: 0.897
    Lacking_Focus: 0.011
2025-06-12 04:22:57,460 - DEBUG - 📦 Processed frame: 8 faces, 3328.0ms
2025-06-12 04:22:57,473 - DEBUG - Image decoded successfully: (540, 960, 3)
2025-06-12 04:23:00,448 - DEBUG - Face preprocessed: shape=(224, 224, 3), range=[-123.680, 151.061], mean=-15.345
2025-06-12 04:23:00,454 - DEBUG - Face preprocessed: shape=(224, 224, 3), range=[-120.680, 108.320], mean=-32.809
2025-06-12 04:23:00,462 - DEBUG - Face preprocessed: shape=(224, 224, 3), range=[-123.680, 143.061], mean=-38.620
2025-06-12 04:23:00,468 - DEBUG - Face preprocessed: shape=(224, 224, 3), range=[-123.680, 151.061], mean=-12.219
2025-06-12 04:23:00,476 - DEBUG - Face preprocessed: shape=(224, 224, 3), range=[-116.779, 151.061], mean=-12.850
2025-06-12 04:23:00,485 - DEBUG - Face preprocessed: shape=(224, 224, 3), range=[-123.680, 147.061], mean=-31.339
2025-06-12 04:23:00,492 - DEBUG - Face preprocessed: shape=(224, 224, 3), range=[-123.680, 151.061], mean=-19.961
2025-06-12 04:23:00,498 - DEBUG - Face preprocessed: shape=(224, 224, 3), range=[-122.680, 77.061], mean=-30.708
2025-06-12 04:23:00,498 - DEBUG - Detected 8 valid faces
2025-06-12 04:23:00,503 - DEBUG - Processing batch of 8 faces, shape: (8, 224, 224, 3)
2025-06-12 04:23:00,941 - INFO - 
Face 0 Prediction Analysis:
  Top Prediction: Bored (0.352)
  Second Best: Interested (0.352)
  Prediction Stats:
    Mean: 0.333
    Std: 0.027
    Max: 0.352
    Min: 0.296
  All Predictions:
    Bored: 0.352
    Interested: 0.352
    Lacking_Focus: 0.296
2025-06-12 04:23:00,942 - WARNING - Face 0: Predictions are very close, might be ambiguous
2025-06-12 04:23:00,943 - INFO - 
Face 1 Prediction Analysis:
  Top Prediction: Interested (0.737)
  Second Best: Bored (0.166)
  Prediction Stats:
    Mean: 0.333
    Std: 0.287
    Max: 0.737
    Min: 0.097
  All Predictions:
    Bored: 0.166
    Interested: 0.737
    Lacking_Focus: 0.097
2025-06-12 04:23:00,943 - INFO - 
Face 2 Prediction Analysis:
  Top Prediction: Interested (0.828)
  Second Best: Bored (0.123)
  Prediction Stats:
    Mean: 0.333
    Std: 0.351
    Max: 0.828
    Min: 0.049
  All Predictions:
    Bored: 0.123
    Interested: 0.828
    Lacking_Focus: 0.049
2025-06-12 04:23:00,944 - INFO - 
Face 3 Prediction Analysis:
  Top Prediction: Bored (0.581)
  Second Best: Interested (0.258)
  Prediction Stats:
    Mean: 0.333
    Std: 0.180
    Max: 0.581
    Min: 0.161
  All Predictions:
    Bored: 0.581
    Interested: 0.258
    Lacking_Focus: 0.161
2025-06-12 04:23:00,945 - INFO - 
Face 4 Prediction Analysis:
  Top Prediction: Bored (0.370)
  Second Best: Interested (0.340)
  Prediction Stats:
    Mean: 0.333
    Std: 0.033
    Max: 0.370
    Min: 0.290
  All Predictions:
    Bored: 0.370
    Interested: 0.340
    Lacking_Focus: 0.290
2025-06-12 04:23:00,945 - WARNING - Face 4: Predictions are very close, might be ambiguous
2025-06-12 04:23:00,946 - INFO - 
Face 5 Prediction Analysis:
  Top Prediction: Interested (0.481)
  Second Best: Bored (0.273)
  Prediction Stats:
    Mean: 0.333
    Std: 0.105
    Max: 0.481
    Min: 0.245
  All Predictions:
    Bored: 0.273
    Interested: 0.481
    Lacking_Focus: 0.245
2025-06-12 04:23:00,947 - INFO - 
Face 6 Prediction Analysis:
  Top Prediction: Interested (0.571)
  Second Best: Bored (0.229)
  Prediction Stats:
    Mean: 0.333
    Std: 0.168
    Max: 0.571
    Min: 0.200
  All Predictions:
    Bored: 0.229
    Interested: 0.571
    Lacking_Focus: 0.200
2025-06-12 04:23:00,948 - INFO - 
Face 7 Prediction Analysis:
  Top Prediction: Interested (0.877)
  Second Best: Bored (0.106)
  Prediction Stats:
    Mean: 0.333
    Std: 0.386
    Max: 0.877
    Min: 0.017
  All Predictions:
    Bored: 0.106
    Interested: 0.877
    Lacking_Focus: 0.017
2025-06-12 04:23:00,949 - DEBUG - 📦 Processed frame: 8 faces, 3480.2ms
2025-06-12 04:23:00,960 - DEBUG - Image decoded successfully: (540, 960, 3)
2025-06-12 04:23:03,917 - DEBUG - Face preprocessed: shape=(224, 224, 3), range=[-123.680, 151.061], mean=-15.343
2025-06-12 04:23:03,924 - DEBUG - Face preprocessed: shape=(224, 224, 3), range=[-120.680, 109.320], mean=-32.831
2025-06-12 04:23:03,930 - DEBUG - Face preprocessed: shape=(224, 224, 3), range=[-123.680, 143.061], mean=-38.632
2025-06-12 04:23:03,937 - DEBUG - Face preprocessed: shape=(224, 224, 3), range=[-123.680, 151.061], mean=-12.209
2025-06-12 04:23:03,944 - DEBUG - Face preprocessed: shape=(224, 224, 3), range=[-116.779, 151.061], mean=-12.842
2025-06-12 04:23:03,948 - DEBUG - Face preprocessed: shape=(224, 224, 3), range=[-123.680, 148.061], mean=-31.117
2025-06-12 04:23:03,955 - DEBUG - Face preprocessed: shape=(224, 224, 3), range=[-123.680, 151.061], mean=-19.930
2025-06-12 04:23:03,964 - DEBUG - Face preprocessed: shape=(224, 224, 3), range=[-122.680, 77.061], mean=-30.719
2025-06-12 04:23:03,965 - DEBUG - Detected 8 valid faces
2025-06-12 04:23:03,967 - DEBUG - Processing batch of 8 faces, shape: (8, 224, 224, 3)
2025-06-12 04:23:04,383 - INFO - 
Face 0 Prediction Analysis:
  Top Prediction: Interested (0.381)
  Second Best: Bored (0.332)
  Prediction Stats:
    Mean: 0.333
    Std: 0.038
    Max: 0.381
    Min: 0.287
  All Predictions:
    Bored: 0.332
    Interested: 0.381
    Lacking_Focus: 0.287
2025-06-12 04:23:04,384 - WARNING - Face 0: Predictions are very close, might be ambiguous
2025-06-12 04:23:04,385 - INFO - 
Face 1 Prediction Analysis:
  Top Prediction: Interested (0.718)
  Second Best: Bored (0.178)
  Prediction Stats:
    Mean: 0.333
    Std: 0.273
    Max: 0.718
    Min: 0.105
  All Predictions:
    Bored: 0.178
    Interested: 0.718
    Lacking_Focus: 0.105
2025-06-12 04:23:04,385 - INFO - 
Face 2 Prediction Analysis:
  Top Prediction: Interested (0.812)
  Second Best: Bored (0.142)
  Prediction Stats:
    Mean: 0.333
    Std: 0.341
    Max: 0.812
    Min: 0.046
  All Predictions:
    Bored: 0.142
    Interested: 0.812
    Lacking_Focus: 0.046
2025-06-12 04:23:04,386 - INFO - 
Face 3 Prediction Analysis:
  Top Prediction: Bored (0.592)
  Second Best: Interested (0.241)
  Prediction Stats:
    Mean: 0.333
    Std: 0.186
    Max: 0.592
    Min: 0.167
  All Predictions:
    Bored: 0.592
    Interested: 0.241
    Lacking_Focus: 0.167
2025-06-12 04:23:04,387 - INFO - 
Face 4 Prediction Analysis:
  Top Prediction: Bored (0.372)
  Second Best: Interested (0.347)
  Prediction Stats:
    Mean: 0.333
    Std: 0.038
    Max: 0.372
    Min: 0.281
  All Predictions:
    Bored: 0.372
    Interested: 0.347
    Lacking_Focus: 0.281
2025-06-12 04:23:04,387 - WARNING - Face 4: Predictions are very close, might be ambiguous
2025-06-12 04:23:04,388 - INFO - 
Face 5 Prediction Analysis:
  Top Prediction: Interested (0.422)
  Second Best: Lacking_Focus (0.382)
  Prediction Stats:
    Mean: 0.333
    Std: 0.098
    Max: 0.422
    Min: 0.196
  All Predictions:
    Bored: 0.196
    Interested: 0.422
    Lacking_Focus: 0.382
2025-06-12 04:23:04,389 - INFO - 
Face 6 Prediction Analysis:
  Top Prediction: Interested (0.570)
  Second Best: Bored (0.243)
  Prediction Stats:
    Mean: 0.333
    Std: 0.169
    Max: 0.570
    Min: 0.187
  All Predictions:
    Bored: 0.243
    Interested: 0.570
    Lacking_Focus: 0.187
2025-06-12 04:23:04,390 - INFO - 
Face 7 Prediction Analysis:
  Top Prediction: Interested (0.891)
  Second Best: Bored (0.102)
  Prediction Stats:
    Mean: 0.333
    Std: 0.396
    Max: 0.891
    Min: 0.007
  All Predictions:
    Bored: 0.102
    Interested: 0.891
    Lacking_Focus: 0.007
2025-06-12 04:23:04,391 - DEBUG - 📦 Processed frame: 8 faces, 3435.0ms
2025-06-12 04:23:04,401 - DEBUG - Image decoded successfully: (540, 960, 3)
2025-06-12 04:23:05,624 - DEBUG - Face preprocessed: shape=(224, 224, 3), range=[-123.680, 151.061], mean=-16.051
2025-06-12 04:23:05,631 - DEBUG - Face preprocessed: shape=(224, 224, 3), range=[-123.680, 151.061], mean=-12.758
2025-06-12 04:23:05,636 - DEBUG - Face preprocessed: shape=(224, 224, 3), range=[-123.680, 137.061], mean=-37.602
2025-06-12 04:23:05,643 - DEBUG - Face preprocessed: shape=(224, 224, 3), range=[-123.680, 151.061], mean=-18.112
2025-06-12 04:23:05,652 - DEBUG - Face preprocessed: shape=(224, 224, 3), range=[-116.779, 151.061], mean=-12.897
2025-06-12 04:23:05,658 - DEBUG - Face preprocessed: shape=(224, 224, 3), range=[-123.680, 151.061], mean=-30.210
2025-06-12 04:23:05,666 - DEBUG - Face preprocessed: shape=(224, 224, 3), range=[-123.680, 110.320], mean=-36.933
2025-06-12 04:23:05,672 - DEBUG - Face preprocessed: shape=(224, 224, 3), range=[-122.680, 92.061], mean=-28.248
2025-06-12 04:23:05,673 - DEBUG - Detected 8 valid faces
2025-06-12 04:23:05,674 - DEBUG - Processing batch of 8 faces, shape: (8, 224, 224, 3)
2025-06-12 04:23:06,071 - INFO - 
Face 0 Prediction Analysis:
  Top Prediction: Bored (0.570)
  Second Best: Interested (0.285)
  Prediction Stats:
    Mean: 0.333
    Std: 0.177
    Max: 0.570
    Min: 0.145
  All Predictions:
    Bored: 0.570
    Interested: 0.285
    Lacking_Focus: 0.145
2025-06-12 04:23:06,072 - INFO - 
Face 1 Prediction Analysis:
  Top Prediction: Bored (0.848)
  Second Best: Interested (0.078)
  Prediction Stats:
    Mean: 0.333
    Std: 0.364
    Max: 0.848
    Min: 0.074
  All Predictions:
    Bored: 0.848
    Interested: 0.078
    Lacking_Focus: 0.074
2025-06-12 04:23:06,073 - WARNING - Face 1: High confidence Bored prediction (0.848)
2025-06-12 04:23:06,073 - INFO - 
Face 2 Prediction Analysis:
  Top Prediction: Interested (0.773)
  Second Best: Bored (0.182)
  Prediction Stats:
    Mean: 0.333
    Std: 0.316
    Max: 0.773
    Min: 0.046
  All Predictions:
    Bored: 0.182
    Interested: 0.773
    Lacking_Focus: 0.046
2025-06-12 04:23:06,074 - INFO - 
Face 3 Prediction Analysis:
  Top Prediction: Interested (0.761)
  Second Best: Lacking_Focus (0.132)
  Prediction Stats:
    Mean: 0.333
    Std: 0.303
    Max: 0.761
    Min: 0.107
  All Predictions:
    Bored: 0.107
    Interested: 0.761
    Lacking_Focus: 0.132
2025-06-12 04:23:06,075 - INFO - 
Face 4 Prediction Analysis:
  Top Prediction: Interested (0.371)
  Second Best: Bored (0.330)
  Prediction Stats:
    Mean: 0.333
    Std: 0.029
    Max: 0.371
    Min: 0.300
  All Predictions:
    Bored: 0.330
    Interested: 0.371
    Lacking_Focus: 0.300
2025-06-12 04:23:06,076 - WARNING - Face 4: Predictions are very close, might be ambiguous
2025-06-12 04:23:06,077 - INFO - 
Face 5 Prediction Analysis:
  Top Prediction: Interested (0.425)
  Second Best: Lacking_Focus (0.416)
  Prediction Stats:
    Mean: 0.333
    Std: 0.123
    Max: 0.425
    Min: 0.159
  All Predictions:
    Bored: 0.159
    Interested: 0.425
    Lacking_Focus: 0.416
2025-06-12 04:23:06,077 - INFO - 
Face 6 Prediction Analysis:
  Top Prediction: Lacking_Focus (0.413)
  Second Best: Interested (0.315)
  Prediction Stats:
    Mean: 0.333
    Std: 0.059
    Max: 0.413
    Min: 0.272
  All Predictions:
    Bored: 0.272
    Interested: 0.315
    Lacking_Focus: 0.413
2025-06-12 04:23:06,078 - WARNING - Face 6: Predictions are very close, might be ambiguous
2025-06-12 04:23:06,078 - INFO - 
Face 7 Prediction Analysis:
  Top Prediction: Interested (0.689)
  Second Best: Lacking_Focus (0.214)
  Prediction Stats:
    Mean: 0.333
    Std: 0.256
    Max: 0.689
    Min: 0.097
  All Predictions:
    Bored: 0.097
    Interested: 0.689
    Lacking_Focus: 0.214
2025-06-12 04:23:06,079 - DEBUG - 📦 Processed frame: 8 faces, 1681.2ms
2025-06-12 04:23:06,087 - DEBUG - Image decoded successfully: (540, 960, 3)
2025-06-12 04:23:09,009 - DEBUG - Face preprocessed: shape=(224, 224, 3), range=[-123.680, 149.061], mean=-13.150
2025-06-12 04:23:09,016 - DEBUG - Face preprocessed: shape=(224, 224, 3), range=[-123.680, 151.061], mean=-15.781
2025-06-12 04:23:09,025 - DEBUG - Face preprocessed: shape=(224, 224, 3), range=[-121.680, 104.320], mean=-32.707
2025-06-12 04:23:09,032 - DEBUG - Face preprocessed: shape=(224, 224, 3), range=[-123.680, 146.061], mean=-24.262
2025-06-12 04:23:09,038 - DEBUG - Face preprocessed: shape=(224, 224, 3), range=[-123.680, 124.320], mean=-37.042
2025-06-12 04:23:09,044 - DEBUG - Face preprocessed: shape=(224, 224, 3), range=[-123.680, 149.061], mean=-30.368
2025-06-12 04:23:09,051 - DEBUG - Face preprocessed: shape=(224, 224, 3), range=[-116.779, 151.061], mean=-10.956
2025-06-12 04:23:09,057 - DEBUG - Face preprocessed: shape=(224, 224, 3), range=[-123.680, 86.320], mean=-24.811
2025-06-12 04:23:09,057 - DEBUG - Detected 8 valid faces
2025-06-12 04:23:09,059 - DEBUG - Processing batch of 8 faces, shape: (8, 224, 224, 3)
2025-06-12 04:23:09,462 - INFO - 
Face 0 Prediction Analysis:
  Top Prediction: Bored (0.682)
  Second Best: Interested (0.247)
  Prediction Stats:
    Mean: 0.333
    Std: 0.257
    Max: 0.682
    Min: 0.071
  All Predictions:
    Bored: 0.682
    Interested: 0.247
    Lacking_Focus: 0.071
2025-06-12 04:23:09,463 - WARNING - Face 0: High confidence Bored prediction (0.682)
2025-06-12 04:23:09,463 - INFO - 
Face 1 Prediction Analysis:
  Top Prediction: Bored (0.465)
  Second Best: Interested (0.327)
  Prediction Stats:
    Mean: 0.333
    Std: 0.105
    Max: 0.465
    Min: 0.208
  All Predictions:
    Bored: 0.465
    Interested: 0.327
    Lacking_Focus: 0.208
2025-06-12 04:23:09,464 - INFO - 
Face 2 Prediction Analysis:
  Top Prediction: Interested (0.581)
  Second Best: Lacking_Focus (0.282)
  Prediction Stats:
    Mean: 0.333
    Std: 0.184
    Max: 0.581
    Min: 0.138
  All Predictions:
    Bored: 0.138
    Interested: 0.581
    Lacking_Focus: 0.282
2025-06-12 04:23:09,465 - INFO - 
Face 3 Prediction Analysis:
  Top Prediction: Interested (0.766)
  Second Best: Lacking_Focus (0.169)
  Prediction Stats:
    Mean: 0.333
    Std: 0.309
    Max: 0.766
    Min: 0.065
  All Predictions:
    Bored: 0.065
    Interested: 0.766
    Lacking_Focus: 0.169
2025-06-12 04:23:09,466 - INFO - 
Face 4 Prediction Analysis:
  Top Prediction: Interested (0.747)
  Second Best: Bored (0.243)
  Prediction Stats:
    Mean: 0.333
    Std: 0.308
    Max: 0.747
    Min: 0.010
  All Predictions:
    Bored: 0.243
    Interested: 0.747
    Lacking_Focus: 0.010
2025-06-12 04:23:09,466 - INFO - 
Face 5 Prediction Analysis:
  Top Prediction: Interested (0.391)
  Second Best: Lacking_Focus (0.371)
  Prediction Stats:
    Mean: 0.333
    Std: 0.068
    Max: 0.391
    Min: 0.238
  All Predictions:
    Bored: 0.238
    Interested: 0.391
    Lacking_Focus: 0.371
2025-06-12 04:23:09,467 - WARNING - Face 5: Predictions are very close, might be ambiguous
2025-06-12 04:23:09,467 - INFO - 
Face 6 Prediction Analysis:
  Top Prediction: Interested (0.404)
  Second Best: Lacking_Focus (0.311)
  Prediction Stats:
    Mean: 0.333
    Std: 0.051
    Max: 0.404
    Min: 0.285
  All Predictions:
    Bored: 0.285
    Interested: 0.404
    Lacking_Focus: 0.311
2025-06-12 04:23:09,468 - WARNING - Face 6: Predictions are very close, might be ambiguous
2025-06-12 04:23:09,468 - INFO - 
Face 7 Prediction Analysis:
  Top Prediction: Interested (0.818)
  Second Best: Bored (0.134)
  Prediction Stats:
    Mean: 0.333
    Std: 0.344
    Max: 0.818
    Min: 0.048
  All Predictions:
    Bored: 0.134
    Interested: 0.818
    Lacking_Focus: 0.048
2025-06-12 04:23:09,469 - DEBUG - 📦 Processed frame: 8 faces, 3385.0ms
2025-06-12 04:23:09,477 - DEBUG - Image decoded successfully: (240, 320, 3)
2025-06-12 04:23:10,009 - DEBUG - Face preprocessed: shape=(224, 224, 3), range=[-100.680, 120.320], mean=-6.296
2025-06-12 04:23:10,010 - DEBUG - Detected 1 valid faces
2025-06-12 04:23:10,011 - DEBUG - Processing batch of 1 faces, shape: (1, 224, 224, 3)
2025-06-12 04:23:10,428 - INFO - 
Face 0 Prediction Analysis:
  Top Prediction: Bored (0.532)
  Second Best: Lacking_Focus (0.301)
  Prediction Stats:
    Mean: 0.333
    Std: 0.151
    Max: 0.532
    Min: 0.167
  All Predictions:
    Bored: 0.532
    Interested: 0.167
    Lacking_Focus: 0.301
2025-06-12 04:23:10,432 - DEBUG - 📦 Processed frame: 8 faces, 956.1ms
2025-06-12 04:23:10,474 - INFO - ❌ Client disconnected
2025-06-12 04:23:10,475 - INFO - Disconnect reason: disconnect
2025-06-12 04:23:10,799 - INFO - ✅ Client connected
2025-06-12 04:23:11,097 - DEBUG - Image decoded successfully: (240, 320, 3)
2025-06-12 04:23:12,371 - DEBUG - Face preprocessed: shape=(224, 224, 3), range=[-109.680, 114.320], mean=-8.983
2025-06-12 04:23:12,372 - DEBUG - Detected 1 valid faces
2025-06-12 04:23:12,373 - DEBUG - Processing batch of 1 faces, shape: (1, 224, 224, 3)
2025-06-12 04:23:12,596 - INFO - 
Face 0 Prediction Analysis:
  Top Prediction: Lacking_Focus (0.721)
  Second Best: Bored (0.141)
  Prediction Stats:
    Mean: 0.333
    Std: 0.274
    Max: 0.721
    Min: 0.138
  All Predictions:
    Bored: 0.141
    Interested: 0.138
    Lacking_Focus: 0.721
2025-06-12 04:23:12,597 - DEBUG - 📦 Processed frame: 1 faces, 1501.8ms
2025-06-12 04:23:12,818 - DEBUG - Image decoded successfully: (240, 320, 3)
2025-06-12 04:23:13,316 - DEBUG - Face preprocessed: shape=(224, 224, 3), range=[-106.779, 123.320], mean=-8.154
2025-06-12 04:23:13,316 - DEBUG - Detected 1 valid faces
2025-06-12 04:23:13,317 - DEBUG - Processing batch of 1 faces, shape: (1, 224, 224, 3)
2025-06-12 04:23:13,598 - INFO - 
Face 0 Prediction Analysis:
  Top Prediction: Lacking_Focus (0.577)
  Second Best: Bored (0.280)
  Prediction Stats:
    Mean: 0.333
    Std: 0.181
    Max: 0.577
    Min: 0.143
  All Predictions:
    Bored: 0.280
    Interested: 0.143
    Lacking_Focus: 0.577
2025-06-12 04:23:13,599 - DEBUG - 📦 Processed frame: 1 faces, 781.8ms
2025-06-12 04:23:13,719 - DEBUG - Image decoded successfully: (240, 320, 3)
2025-06-12 04:23:14,252 - DEBUG - Face preprocessed: shape=(224, 224, 3), range=[-106.680, 119.320], mean=-10.075
2025-06-12 04:23:14,253 - DEBUG - Detected 1 valid faces
2025-06-12 04:23:14,254 - DEBUG - Processing batch of 1 faces, shape: (1, 224, 224, 3)
2025-06-12 04:23:14,482 - INFO - 
Face 0 Prediction Analysis:
  Top Prediction: Lacking_Focus (0.441)
  Second Best: Bored (0.423)
  Prediction Stats:
    Mean: 0.333
    Std: 0.140
    Max: 0.441
    Min: 0.136
  All Predictions:
    Bored: 0.423
    Interested: 0.136
    Lacking_Focus: 0.441
2025-06-12 04:23:14,483 - DEBUG - 📦 Processed frame: 1 faces, 765.0ms
2025-06-12 04:23:14,561 - DEBUG - Image decoded successfully: (240, 320, 3)
2025-06-12 04:23:15,245 - DEBUG - Face preprocessed: shape=(224, 224, 3), range=[-105.680, 126.320], mean=-10.006
2025-06-12 04:23:15,245 - DEBUG - Detected 1 valid faces
2025-06-12 04:23:15,246 - DEBUG - Processing batch of 1 faces, shape: (1, 224, 224, 3)
2025-06-12 04:23:15,482 - INFO - 
Face 0 Prediction Analysis:
  Top Prediction: Lacking_Focus (0.562)
  Second Best: Bored (0.264)
  Prediction Stats:
    Mean: 0.333
    Std: 0.166
    Max: 0.562
    Min: 0.175
  All Predictions:
    Bored: 0.264
    Interested: 0.175
    Lacking_Focus: 0.562
2025-06-12 04:23:15,484 - DEBUG - 📦 Processed frame: 1 faces, 923.1ms
2025-06-12 04:23:15,613 - DEBUG - Image decoded successfully: (240, 320, 3)
2025-06-12 04:23:16,241 - DEBUG - Face preprocessed: shape=(224, 224, 3), range=[-100.680, 115.061], mean=-7.795
2025-06-12 04:23:16,242 - DEBUG - Detected 1 valid faces
2025-06-12 04:23:16,245 - DEBUG - Processing batch of 1 faces, shape: (1, 224, 224, 3)
2025-06-12 04:23:16,487 - INFO - 
Face 0 Prediction Analysis:
  Top Prediction: Bored (0.468)
  Second Best: Lacking_Focus (0.382)
  Prediction Stats:
    Mean: 0.333
    Std: 0.135
    Max: 0.468
    Min: 0.150
  All Predictions:
    Bored: 0.468
    Interested: 0.150
    Lacking_Focus: 0.382
2025-06-12 04:23:16,488 - DEBUG - 📦 Processed frame: 1 faces, 875.5ms
2025-06-12 04:23:16,612 - DEBUG - Image decoded successfully: (240, 320, 3)
2025-06-12 04:23:17,134 - DEBUG - Face preprocessed: shape=(224, 224, 3), range=[-103.680, 125.320], mean=-7.881
2025-06-12 04:23:17,134 - DEBUG - Detected 1 valid faces
2025-06-12 04:23:17,135 - DEBUG - Processing batch of 1 faces, shape: (1, 224, 224, 3)
2025-06-12 04:23:17,360 - INFO - 
Face 0 Prediction Analysis:
  Top Prediction: Bored (0.543)
  Second Best: Lacking_Focus (0.330)
  Prediction Stats:
    Mean: 0.333
    Std: 0.170
    Max: 0.543
    Min: 0.127
  All Predictions:
    Bored: 0.543
    Interested: 0.127
    Lacking_Focus: 0.330
2025-06-12 04:23:17,361 - DEBUG - 📦 Processed frame: 1 faces, 750.0ms
2025-06-12 04:23:17,406 - DEBUG - Image decoded successfully: (240, 320, 3)
2025-06-12 04:23:17,952 - DEBUG - Face preprocessed: shape=(224, 224, 3), range=[-100.680, 117.320], mean=-8.786
2025-06-12 04:23:17,953 - DEBUG - Detected 1 valid faces
2025-06-12 04:23:17,953 - DEBUG - Processing batch of 1 faces, shape: (1, 224, 224, 3)
2025-06-12 04:23:18,220 - INFO - 
Face 0 Prediction Analysis:
  Top Prediction: Bored (0.518)
  Second Best: Lacking_Focus (0.314)
  Prediction Stats:
    Mean: 0.333
    Std: 0.143
    Max: 0.518
    Min: 0.168
  All Predictions:
    Bored: 0.518
    Interested: 0.168
    Lacking_Focus: 0.314
2025-06-12 04:23:18,221 - DEBUG - 📦 Processed frame: 1 faces, 815.6ms
2025-06-12 04:23:18,367 - DEBUG - Image decoded successfully: (240, 320, 3)
2025-06-12 04:23:18,921 - DEBUG - Face preprocessed: shape=(224, 224, 3), range=[-109.680, 124.320], mean=-7.219
2025-06-12 04:23:18,922 - DEBUG - Detected 1 valid faces
2025-06-12 04:23:18,923 - DEBUG - Processing batch of 1 faces, shape: (1, 224, 224, 3)
2025-06-12 04:23:19,192 - INFO - 
Face 0 Prediction Analysis:
  Top Prediction: Lacking_Focus (0.434)
  Second Best: Bored (0.423)
  Prediction Stats:
    Mean: 0.333
    Std: 0.135
    Max: 0.434
    Min: 0.143
  All Predictions:
    Bored: 0.423
    Interested: 0.143
    Lacking_Focus: 0.434
2025-06-12 04:23:19,193 - DEBUG - 📦 Processed frame: 1 faces, 826.2ms
2025-06-12 04:23:19,376 - DEBUG - Image decoded successfully: (240, 320, 3)
2025-06-12 04:23:19,919 - DEBUG - Face preprocessed: shape=(224, 224, 3), range=[-106.779, 119.320], mean=-7.067
2025-06-12 04:23:19,920 - DEBUG - Detected 1 valid faces
2025-06-12 04:23:19,921 - DEBUG - Processing batch of 1 faces, shape: (1, 224, 224, 3)
2025-06-12 04:23:20,164 - INFO - 
Face 0 Prediction Analysis:
  Top Prediction: Bored (0.682)
  Second Best: Interested (0.298)
  Prediction Stats:
    Mean: 0.333
    Std: 0.271
    Max: 0.682
    Min: 0.020
  All Predictions:
    Bored: 0.682
    Interested: 0.298
    Lacking_Focus: 0.020
2025-06-12 04:23:20,165 - WARNING - Face 0: High confidence Bored prediction (0.682)
2025-06-12 04:23:20,166 - DEBUG - 📦 Processed frame: 1 faces, 791.0ms
2025-06-12 04:23:20,268 - DEBUG - Image decoded successfully: (240, 320, 3)
2025-06-12 04:23:20,872 - DEBUG - Face preprocessed: shape=(224, 224, 3), range=[-107.680, 123.320], mean=-7.655
2025-06-12 04:23:20,873 - DEBUG - Detected 1 valid faces
2025-06-12 04:23:20,874 - DEBUG - Processing batch of 1 faces, shape: (1, 224, 224, 3)
2025-06-12 04:23:21,132 - INFO - 
Face 0 Prediction Analysis:
  Top Prediction: Bored (0.689)
  Second Best: Interested (0.214)
  Prediction Stats:
    Mean: 0.333
    Std: 0.256
    Max: 0.689
    Min: 0.097
  All Predictions:
    Bored: 0.689
    Interested: 0.214
    Lacking_Focus: 0.097
2025-06-12 04:23:21,133 - WARNING - Face 0: High confidence Bored prediction (0.689)
2025-06-12 04:23:21,133 - DEBUG - 📦 Processed frame: 1 faces, 866.2ms
2025-06-12 04:23:21,225 - DEBUG - Image decoded successfully: (240, 320, 3)
2025-06-12 04:23:21,754 - DEBUG - Face preprocessed: shape=(224, 224, 3), range=[-102.680, 115.320], mean=-10.431
2025-06-12 04:23:21,755 - DEBUG - Detected 1 valid faces
2025-06-12 04:23:21,756 - DEBUG - Processing batch of 1 faces, shape: (1, 224, 224, 3)
2025-06-12 04:23:21,975 - INFO - 
Face 0 Prediction Analysis:
  Top Prediction: Bored (0.649)
  Second Best: Lacking_Focus (0.240)
  Prediction Stats:
    Mean: 0.333
    Std: 0.229
    Max: 0.649
    Min: 0.111
  All Predictions:
    Bored: 0.649
    Interested: 0.111
    Lacking_Focus: 0.240
2025-06-12 04:23:21,975 - WARNING - Face 0: High confidence Bored prediction (0.649)
2025-06-12 04:23:21,976 - DEBUG - 📦 Processed frame: 1 faces, 752.0ms
2025-06-12 04:23:22,071 - DEBUG - Image decoded successfully: (240, 320, 3)
2025-06-12 04:23:22,596 - DEBUG - Face preprocessed: shape=(224, 224, 3), range=[-114.680, 118.320], mean=-9.904
2025-06-12 04:23:22,596 - DEBUG - Detected 1 valid faces
2025-06-12 04:23:22,597 - DEBUG - Processing batch of 1 faces, shape: (1, 224, 224, 3)
2025-06-12 04:23:22,828 - INFO - 
Face 0 Prediction Analysis:
  Top Prediction: Bored (0.744)
  Second Best: Interested (0.175)
  Prediction Stats:
    Mean: 0.333
    Std: 0.293
    Max: 0.744
    Min: 0.081
  All Predictions:
    Bored: 0.744
    Interested: 0.175
    Lacking_Focus: 0.081
2025-06-12 04:23:22,829 - WARNING - Face 0: High confidence Bored prediction (0.744)
2025-06-12 04:23:22,830 - DEBUG - 📦 Processed frame: 1 faces, 759.7ms
2025-06-12 04:23:23,026 - DEBUG - Image decoded successfully: (240, 320, 3)
2025-06-12 04:23:23,514 - DEBUG - Face preprocessed: shape=(224, 224, 3), range=[-106.680, 115.320], mean=-9.196
2025-06-12 04:23:23,515 - DEBUG - Detected 1 valid faces
2025-06-12 04:23:23,516 - DEBUG - Processing batch of 1 faces, shape: (1, 224, 224, 3)
2025-06-12 04:23:23,740 - INFO - 
Face 0 Prediction Analysis:
  Top Prediction: Bored (0.794)
  Second Best: Interested (0.119)
  Prediction Stats:
    Mean: 0.333
    Std: 0.326
    Max: 0.794
    Min: 0.087
  All Predictions:
    Bored: 0.794
    Interested: 0.119
    Lacking_Focus: 0.087
2025-06-12 04:23:23,741 - WARNING - Face 0: High confidence Bored prediction (0.794)
2025-06-12 04:23:23,742 - DEBUG - 📦 Processed frame: 1 faces, 716.1ms
2025-06-12 04:23:23,774 - DEBUG - Image decoded successfully: (240, 320, 3)
2025-06-12 04:23:24,262 - DEBUG - Face preprocessed: shape=(224, 224, 3), range=[-115.680, 115.320], mean=-9.153
2025-06-12 04:23:24,262 - DEBUG - Detected 1 valid faces
2025-06-12 04:23:24,263 - DEBUG - Processing batch of 1 faces, shape: (1, 224, 224, 3)
2025-06-12 04:23:24,487 - INFO - 
Face 0 Prediction Analysis:
  Top Prediction: Bored (0.583)
  Second Best: Interested (0.276)
  Prediction Stats:
    Mean: 0.333
    Std: 0.185
    Max: 0.583
    Min: 0.140
  All Predictions:
    Bored: 0.583
    Interested: 0.276
    Lacking_Focus: 0.140
2025-06-12 04:23:24,488 - DEBUG - 📦 Processed frame: 1 faces, 714.6ms
2025-06-12 04:23:24,608 - DEBUG - Image decoded successfully: (240, 320, 3)
2025-06-12 04:23:25,126 - DEBUG - Face preprocessed: shape=(224, 224, 3), range=[-105.680, 111.320], mean=-11.831
2025-06-12 04:23:25,133 - DEBUG - Detected 1 valid faces
2025-06-12 04:23:25,135 - DEBUG - Processing batch of 1 faces, shape: (1, 224, 224, 3)
2025-06-12 04:23:25,464 - INFO - 
Face 0 Prediction Analysis:
  Top Prediction: Bored (0.540)
  Second Best: Interested (0.289)
  Prediction Stats:
    Mean: 0.333
    Std: 0.154
    Max: 0.540
    Min: 0.171
  All Predictions:
    Bored: 0.540
    Interested: 0.289
    Lacking_Focus: 0.171
2025-06-12 04:23:25,465 - DEBUG - 📦 Processed frame: 1 faces, 858.0ms
2025-06-12 04:23:28,215 - INFO - ❌ Client disconnected
2025-06-12 04:23:28,216 - INFO - Disconnect reason: disconnect
2025-06-12 04:24:36,497 - INFO - ✅ Face detection model initialized
2025-06-12 04:24:43,714 - INFO - Model output shape: (1, 3)
2025-06-12 04:24:43,715 - INFO - Expected classes: 3
2025-06-12 04:24:43,716 - INFO - Model output classes: 3
2025-06-12 04:24:43,717 - INFO - Test output sum: 1.0000
2025-06-12 04:24:43,745 - INFO - Model architecture:
Model: "Resnet50_Engagement_Classifier"
┏━━━━━━━━━━━━━━━━━━━━━━━━━━━━━━━━━┳━━━━━━━━━━━━━━━━━━━━━━━━┳━━━━━━━━━━━━━━━┓
┃ Layer (type)                    ┃ Output Shape           ┃       Param # ┃
┡━━━━━━━━━━━━━━━━━━━━━━━━━━━━━━━━━╇━━━━━━━━━━━━━━━━━━━━━━━━╇━━━━━━━━━━━━━━━┩
│ input_image (InputLayer)        │ (None, 224, 224, 3)    │             0 │
├─────────────────────────────────┼────────────────────────┼───────────────┤
│ resnet50 (Functional)           │ (None, 7, 7, 2048)     │    23,587,712 │
├─────────────────────────────────┼────────────────────────┼───────────────┤
│ global_average_pooling2d        │ (None, 2048)           │             0 │
│ (GlobalAveragePooling2D)        │                        │               │
├─────────────────────────────────┼────────────────────────┼───────────────┤
│ dense (Dense)                   │ (None, 512)            │     1,049,088 │
├─────────────────────────────────┼────────────────────────┼───────────────┤
│ batch_normalization             │ (None, 512)            │         2,048 │
│ (BatchNormalization)            │                        │               │
├─────────────────────────────────┼────────────────────────┼───────────────┤
│ dropout (Dropout)               │ (None, 512)            │             0 │
├─────────────────────────────────┼────────────────────────┼───────────────┤
│ dense_1 (Dense)                 │ (None, 256)            │       131,328 │
├─────────────────────────────────┼────────────────────────┼───────────────┤
│ batch_normalization_1           │ (None, 256)            │         1,024 │
│ (BatchNormalization)            │                        │               │
├─────────────────────────────────┼────────────────────────┼───────────────┤
│ dropout_1 (Dropout)             │ (None, 256)            │             0 │
├─────────────────────────────────┼────────────────────────┼───────────────┤
│ engagement_predictions (Dense)  │ (None, 3)              │           771 │
└─────────────────────────────────┴────────────────────────┴───────────────┘
 Total params: 24,771,971 (94.50 MB)
 Trainable params: 1,182,723 (4.51 MB)
 Non-trainable params: 23,589,248 (89.99 MB)

2025-06-12 04:24:43,746 - INFO - ✅ Model validation passed
2025-06-12 04:24:43,746 - INFO - ✅ Emotion model loaded and validated: /app/apps/models/emotion_recognition_model.keras
2025-06-12 04:24:43,747 - INFO - ✅ Using emotion labels: ['Bored', 'Interested', 'Lacking_Focus']
2025-06-12 04:25:13,827 - INFO - ✅ Client connected
2025-06-12 04:25:15,826 - DEBUG - Image decoded successfully: (240, 320, 3)
2025-06-12 04:25:16,463 - DEBUG - Face 0 too small: 98x117
2025-06-12 04:25:16,465 - DEBUG - Detected 0 valid faces
2025-06-12 04:25:16,472 - DEBUG - 📦 Processed frame: 0 faces, 647.5ms
2025-06-12 04:25:16,716 - DEBUG - Image decoded successfully: (240, 320, 3)
2025-06-12 04:25:17,247 - DEBUG - Face 0 too small: 94x122
2025-06-12 04:25:17,248 - DEBUG - Detected 0 valid faces
2025-06-12 04:25:17,248 - DEBUG - 📦 Processed frame: 0 faces, 532.8ms
2025-06-12 04:25:17,429 - DEBUG - Image decoded successfully: (240, 320, 3)
2025-06-12 04:25:18,009 - DEBUG - Face 0 too small: 94x123
2025-06-12 04:25:18,010 - DEBUG - Detected 0 valid faces
2025-06-12 04:25:18,011 - DEBUG - 📦 Processed frame: 0 faces, 582.5ms
2025-06-12 04:25:18,159 - DEBUG - Image decoded successfully: (240, 320, 3)
2025-06-12 04:25:18,726 - DEBUG - Face 0 too small: 94x122
2025-06-12 04:25:18,727 - DEBUG - Detected 0 valid faces
2025-06-12 04:25:18,730 - DEBUG - 📦 Processed frame: 0 faces, 571.3ms
2025-06-12 04:25:18,803 - DEBUG - Image decoded successfully: (240, 320, 3)
2025-06-12 04:25:19,357 - DEBUG - Face 0 too small: 94x122
2025-06-12 04:25:19,357 - DEBUG - Detected 0 valid faces
2025-06-12 04:25:19,358 - DEBUG - 📦 Processed frame: 0 faces, 556.0ms
2025-06-12 04:25:19,529 - DEBUG - Image decoded successfully: (240, 320, 3)
2025-06-12 04:25:20,083 - DEBUG - Face 0 too small: 92x120
2025-06-12 04:25:20,083 - DEBUG - Detected 0 valid faces
2025-06-12 04:25:20,084 - DEBUG - 📦 Processed frame: 0 faces, 555.8ms
2025-06-12 04:25:20,178 - DEBUG - Image decoded successfully: (240, 320, 3)
2025-06-12 04:25:20,698 - DEBUG - Face 0 too small: 92x120
2025-06-12 04:25:20,698 - DEBUG - Detected 0 valid faces
2025-06-12 04:25:20,699 - DEBUG - 📦 Processed frame: 0 faces, 521.5ms
2025-06-12 04:25:20,903 - DEBUG - Image decoded successfully: (240, 320, 3)
2025-06-12 04:25:21,385 - DEBUG - Face 0 too small: 94x122
2025-06-12 04:25:21,386 - DEBUG - Detected 0 valid faces
2025-06-12 04:25:21,386 - DEBUG - 📦 Processed frame: 0 faces, 483.7ms
2025-06-12 04:25:21,450 - DEBUG - Image decoded successfully: (240, 320, 3)
2025-06-12 04:25:21,966 - DEBUG - Face 0 too small: 92x120
2025-06-12 04:25:21,967 - DEBUG - Detected 0 valid faces
2025-06-12 04:25:21,968 - DEBUG - 📦 Processed frame: 0 faces, 518.8ms
2025-06-12 04:25:22,073 - DEBUG - Image decoded successfully: (240, 320, 3)
2025-06-12 04:25:22,588 - DEBUG - Face 0 too small: 94x122
2025-06-12 04:25:22,589 - DEBUG - Detected 0 valid faces
2025-06-12 04:25:22,590 - DEBUG - 📦 Processed frame: 0 faces, 517.8ms
2025-06-12 04:25:22,708 - DEBUG - Image decoded successfully: (240, 320, 3)
2025-06-12 04:25:23,211 - DEBUG - Face 0 too small: 94x123
2025-06-12 04:25:23,212 - DEBUG - Detected 0 valid faces
2025-06-12 04:25:23,214 - DEBUG - 📦 Processed frame: 0 faces, 505.6ms
2025-06-12 04:25:23,353 - DEBUG - Image decoded successfully: (240, 320, 3)
2025-06-12 04:25:23,868 - DEBUG - Face 0 too small: 94x122
2025-06-12 04:25:23,869 - DEBUG - Detected 0 valid faces
2025-06-12 04:25:23,872 - DEBUG - 📦 Processed frame: 0 faces, 519.3ms
2025-06-12 04:25:23,993 - DEBUG - Image decoded successfully: (240, 320, 3)
2025-06-12 04:25:24,533 - DEBUG - Face 0 too small: 93x120
2025-06-12 04:25:24,533 - DEBUG - Detected 0 valid faces
2025-06-12 04:25:24,536 - DEBUG - 📦 Processed frame: 0 faces, 543.6ms
2025-06-12 04:25:24,723 - DEBUG - Image decoded successfully: (240, 320, 3)
2025-06-12 04:25:25,335 - DEBUG - Face 0 too small: 94x122
2025-06-12 04:25:25,335 - DEBUG - Detected 0 valid faces
2025-06-12 04:25:25,336 - DEBUG - 📦 Processed frame: 0 faces, 614.4ms
2025-06-12 04:25:25,475 - DEBUG - Image decoded successfully: (240, 320, 3)
2025-06-12 04:25:25,999 - DEBUG - Face 0 too small: 93x122
2025-06-12 04:25:26,000 - DEBUG - Detected 0 valid faces
2025-06-12 04:25:26,001 - DEBUG - 📦 Processed frame: 0 faces, 526.8ms
2025-06-12 04:25:26,216 - DEBUG - Image decoded successfully: (240, 320, 3)
2025-06-12 04:25:26,720 - DEBUG - Face 0 too small: 93x122
2025-06-12 04:25:26,721 - DEBUG - Detected 0 valid faces
2025-06-12 04:25:26,721 - DEBUG - 📦 Processed frame: 0 faces, 506.3ms
2025-06-12 04:25:26,838 - DEBUG - Image decoded successfully: (240, 320, 3)
2025-06-12 04:25:25,710 - DEBUG - Face 0 too small: 94x122
2025-06-12 04:25:25,711 - DEBUG - Detected 0 valid faces
2025-06-12 04:25:25,713 - DEBUG - 📦 Processed frame: 0 faces, -1124.6ms
2025-06-12 04:25:25,920 - DEBUG - Image decoded successfully: (240, 320, 3)
2025-06-12 04:25:26,487 - DEBUG - Face 0 too small: 95x123
2025-06-12 04:25:26,488 - DEBUG - Detected 0 valid faces
2025-06-12 04:25:26,489 - DEBUG - 📦 Processed frame: 0 faces, 568.8ms
2025-06-12 04:25:26,556 - DEBUG - Image decoded successfully: (240, 320, 3)
2025-06-12 04:25:27,290 - DEBUG - Face 0 too small: 93x122
2025-06-12 04:25:27,291 - DEBUG - Detected 0 valid faces
2025-06-12 04:25:27,292 - DEBUG - 📦 Processed frame: 0 faces, 735.8ms
2025-06-12 04:25:28,281 - DEBUG - Image decoded successfully: (240, 320, 3)
2025-06-12 04:25:28,901 - DEBUG - Face 0 too small: 94x122
2025-06-12 04:25:28,901 - DEBUG - Detected 0 valid faces
2025-06-12 04:25:28,903 - DEBUG - 📦 Processed frame: 0 faces, 622.4ms
2025-06-12 04:25:29,338 - DEBUG - Image decoded successfully: (240, 320, 3)
2025-06-12 04:25:29,859 - DEBUG - Face 0 too small: 93x122
2025-06-12 04:25:29,860 - DEBUG - Detected 0 valid faces
2025-06-12 04:25:29,861 - DEBUG - 📦 Processed frame: 0 faces, 523.0ms
2025-06-12 04:25:30,396 - DEBUG - Image decoded successfully: (240, 320, 3)
2025-06-12 04:25:30,956 - DEBUG - Face 0 too small: 92x120
2025-06-12 04:25:30,957 - DEBUG - Detected 0 valid faces
2025-06-12 04:25:30,958 - DEBUG - 📦 Processed frame: 0 faces, 562.4ms
2025-06-12 04:25:31,452 - DEBUG - Image decoded successfully: (240, 320, 3)
2025-06-12 04:25:32,021 - DEBUG - Face 0 too small: 95x122
2025-06-12 04:25:32,022 - DEBUG - Detected 0 valid faces
2025-06-12 04:25:32,022 - DEBUG - 📦 Processed frame: 0 faces, 571.0ms
2025-06-12 04:25:32,520 - DEBUG - Image decoded successfully: (240, 320, 3)
2025-06-12 04:25:33,173 - DEBUG - Face 0 too small: 92x120
2025-06-12 04:25:33,174 - DEBUG - Detected 0 valid faces
2025-06-12 04:25:33,176 - DEBUG - 📦 Processed frame: 0 faces, 656.8ms
2025-06-12 04:25:33,567 - DEBUG - Image decoded successfully: (240, 320, 3)
2025-06-12 04:25:34,094 - DEBUG - Face 0 too small: 94x122
2025-06-12 04:25:34,095 - DEBUG - Detected 0 valid faces
2025-06-12 04:25:34,096 - DEBUG - 📦 Processed frame: 0 faces, 530.0ms
2025-06-12 04:25:34,632 - DEBUG - Image decoded successfully: (240, 320, 3)
2025-06-12 04:25:35,195 - DEBUG - Face 0 too small: 94x122
2025-06-12 04:25:35,196 - DEBUG - Detected 0 valid faces
2025-06-12 04:25:35,196 - DEBUG - 📦 Processed frame: 0 faces, 564.9ms
2025-06-12 04:25:35,694 - DEBUG - Image decoded successfully: (240, 320, 3)
2025-06-12 04:25:36,302 - DEBUG - Face 0 too small: 94x122
2025-06-12 04:25:36,303 - DEBUG - Detected 0 valid faces
2025-06-12 04:25:36,304 - DEBUG - 📦 Processed frame: 0 faces, 609.7ms
2025-06-12 04:25:36,748 - DEBUG - Image decoded successfully: (240, 320, 3)
2025-06-12 04:25:37,327 - DEBUG - Face 0 too small: 95x122
2025-06-12 04:25:37,328 - DEBUG - Detected 0 valid faces
2025-06-12 04:25:37,329 - DEBUG - 📦 Processed frame: 0 faces, 580.6ms
2025-06-12 04:25:37,820 - DEBUG - Image decoded successfully: (240, 320, 3)
2025-06-12 04:25:38,614 - DEBUG - Face 0 too small: 94x121
2025-06-12 04:25:38,615 - DEBUG - Detected 0 valid faces
2025-06-12 04:25:38,619 - DEBUG - 📦 Processed frame: 0 faces, 800.3ms
2025-06-12 04:25:38,833 - DEBUG - Image decoded successfully: (240, 320, 3)
2025-06-12 04:25:39,521 - DEBUG - Face 0 too small: 93x120
2025-06-12 04:25:39,522 - DEBUG - Detected 0 valid faces
2025-06-12 04:25:39,523 - DEBUG - 📦 Processed frame: 0 faces, 690.9ms
2025-06-12 04:25:43,191 - INFO - ❌ Client disconnected
2025-06-12 04:25:43,192 - INFO - Disconnect reason: disconnect
2025-06-12 04:26:16,761 - INFO - ✅ Face detection model initialized
2025-06-12 04:26:22,895 - INFO - Model output shape: (1, 3)
2025-06-12 04:26:22,897 - INFO - Expected classes: 3
2025-06-12 04:26:22,898 - INFO - Model output classes: 3
2025-06-12 04:26:22,899 - INFO - Test output sum: 1.0000
2025-06-12 04:26:22,929 - INFO - Model architecture:
Model: "Resnet50_Engagement_Classifier"
┏━━━━━━━━━━━━━━━━━━━━━━━━━━━━━━━━━┳━━━━━━━━━━━━━━━━━━━━━━━━┳━━━━━━━━━━━━━━━┓
┃ Layer (type)                    ┃ Output Shape           ┃       Param # ┃
┡━━━━━━━━━━━━━━━━━━━━━━━━━━━━━━━━━╇━━━━━━━━━━━━━━━━━━━━━━━━╇━━━━━━━━━━━━━━━┩
│ input_image (InputLayer)        │ (None, 224, 224, 3)    │             0 │
├─────────────────────────────────┼────────────────────────┼───────────────┤
│ resnet50 (Functional)           │ (None, 7, 7, 2048)     │    23,587,712 │
├─────────────────────────────────┼────────────────────────┼───────────────┤
│ global_average_pooling2d        │ (None, 2048)           │             0 │
│ (GlobalAveragePooling2D)        │                        │               │
├─────────────────────────────────┼────────────────────────┼───────────────┤
│ dense (Dense)                   │ (None, 512)            │     1,049,088 │
├─────────────────────────────────┼────────────────────────┼───────────────┤
│ batch_normalization             │ (None, 512)            │         2,048 │
│ (BatchNormalization)            │                        │               │
├─────────────────────────────────┼────────────────────────┼───────────────┤
│ dropout (Dropout)               │ (None, 512)            │             0 │
├─────────────────────────────────┼────────────────────────┼───────────────┤
│ dense_1 (Dense)                 │ (None, 256)            │       131,328 │
├─────────────────────────────────┼────────────────────────┼───────────────┤
│ batch_normalization_1           │ (None, 256)            │         1,024 │
│ (BatchNormalization)            │                        │               │
├─────────────────────────────────┼────────────────────────┼───────────────┤
│ dropout_1 (Dropout)             │ (None, 256)            │             0 │
├─────────────────────────────────┼────────────────────────┼───────────────┤
│ engagement_predictions (Dense)  │ (None, 3)              │           771 │
└─────────────────────────────────┴────────────────────────┴───────────────┘
 Total params: 24,771,971 (94.50 MB)
 Trainable params: 1,182,723 (4.51 MB)
 Non-trainable params: 23,589,248 (89.99 MB)

2025-06-12 04:26:22,930 - INFO - ✅ Model validation passed
2025-06-12 04:26:22,931 - INFO - ✅ Emotion model loaded and validated: /app/apps/models/emotion_recognition_model.keras
2025-06-12 04:26:22,931 - INFO - ✅ Using emotion labels: ['Bored', 'Interested', 'Lacking_Focus']
2025-06-12 04:26:44,400 - INFO - ✅ Client connected
2025-06-12 04:26:46,156 - DEBUG - Image decoded successfully: (240, 320, 3)
2025-06-12 04:26:46,889 - DEBUG - Face preprocessed: shape=(224, 224, 3), range=[-98.779, 117.061], mean=-10.003
2025-06-12 04:26:46,889 - DEBUG - Detected 1 valid faces
2025-06-12 04:26:46,890 - DEBUG - Processing batch of 1 faces, shape: (1, 224, 224, 3)
2025-06-12 04:26:47,178 - INFO - 
Face 0 Prediction Analysis:
  Top Prediction: Bored (0.536)
  Second Best: Lacking_Focus (0.338)
  Prediction Stats:
    Mean: 0.333
    Std: 0.168
    Max: 0.536
    Min: 0.126
  All Predictions:
    Bored: 0.536
    Interested: 0.126
    Lacking_Focus: 0.338
2025-06-12 04:26:47,178 - DEBUG - 📦 Processed frame: 1 faces, 1023.7ms
2025-06-12 04:26:47,326 - DEBUG - Image decoded successfully: (240, 320, 3)
2025-06-12 04:26:47,963 - DEBUG - Face preprocessed: shape=(224, 224, 3), range=[-97.680, 115.320], mean=-9.375
2025-06-12 04:26:47,966 - DEBUG - Detected 1 valid faces
2025-06-12 04:26:47,969 - DEBUG - Processing batch of 1 faces, shape: (1, 224, 224, 3)
2025-06-12 04:26:48,250 - INFO - 
Face 0 Prediction Analysis:
  Top Prediction: Bored (0.699)
  Second Best: Interested (0.167)
  Prediction Stats:
    Mean: 0.333
    Std: 0.259
    Max: 0.699
    Min: 0.133
  All Predictions:
    Bored: 0.699
    Interested: 0.167
    Lacking_Focus: 0.133
2025-06-12 04:26:48,253 - DEBUG - 📦 Processed frame: 1 faces, 927.8ms
2025-06-12 04:26:48,483 - DEBUG - Image decoded successfully: (240, 320, 3)
2025-06-12 04:26:49,090 - DEBUG - Face preprocessed: shape=(224, 224, 3), range=[-103.779, 117.061], mean=-7.695
2025-06-12 04:26:49,092 - DEBUG - Detected 1 valid faces
2025-06-12 04:26:49,093 - DEBUG - Processing batch of 1 faces, shape: (1, 224, 224, 3)
2025-06-12 04:26:49,371 - INFO - 
Face 0 Prediction Analysis:
  Top Prediction: Interested (0.527)
  Second Best: Bored (0.384)
  Prediction Stats:
    Mean: 0.333
    Std: 0.182
    Max: 0.527
    Min: 0.089
  All Predictions:
    Bored: 0.384
    Interested: 0.527
    Lacking_Focus: 0.089
2025-06-12 04:26:49,372 - DEBUG - 📦 Processed frame: 1 faces, 890.0ms
2025-06-12 04:26:49,539 - DEBUG - Image decoded successfully: (240, 320, 3)
2025-06-12 04:26:50,206 - DEBUG - Face preprocessed: shape=(224, 224, 3), range=[-96.779, 112.061], mean=-8.005
2025-06-12 04:26:50,207 - DEBUG - Detected 1 valid faces
2025-06-12 04:26:50,208 - DEBUG - Processing batch of 1 faces, shape: (1, 224, 224, 3)
2025-06-12 04:26:50,518 - INFO - 
Face 0 Prediction Analysis:
  Top Prediction: Bored (0.615)
  Second Best: Lacking_Focus (0.195)
  Prediction Stats:
    Mean: 0.333
    Std: 0.199
    Max: 0.615
    Min: 0.190
  All Predictions:
    Bored: 0.615
    Interested: 0.190
    Lacking_Focus: 0.195
2025-06-12 04:26:50,520 - DEBUG - 📦 Processed frame: 1 faces, 981.0ms
2025-06-12 04:26:50,717 - DEBUG - Image decoded successfully: (240, 320, 3)
2025-06-12 04:26:51,365 - DEBUG - Face preprocessed: shape=(224, 224, 3), range=[-99.680, 112.320], mean=-6.684
2025-06-12 04:26:51,366 - DEBUG - Detected 1 valid faces
2025-06-12 04:26:51,368 - DEBUG - Processing batch of 1 faces, shape: (1, 224, 224, 3)
2025-06-12 04:26:51,697 - INFO - 
Face 0 Prediction Analysis:
  Top Prediction: Bored (0.501)
  Second Best: Interested (0.258)
  Prediction Stats:
    Mean: 0.333
    Std: 0.119
    Max: 0.501
    Min: 0.241
  All Predictions:
    Bored: 0.501
    Interested: 0.258
    Lacking_Focus: 0.241
2025-06-12 04:26:51,699 - DEBUG - 📦 Processed frame: 1 faces, 983.1ms
2025-06-12 04:26:51,875 - DEBUG - Image decoded successfully: (240, 320, 3)
2025-06-12 04:26:50,863 - DEBUG - Face preprocessed: shape=(224, 224, 3), range=[-105.779, 108.320], mean=-7.835
2025-06-12 04:26:50,864 - DEBUG - Detected 1 valid faces
2025-06-12 04:26:50,866 - DEBUG - Processing batch of 1 faces, shape: (1, 224, 224, 3)
2025-06-12 04:26:51,168 - INFO - 
Face 0 Prediction Analysis:
  Top Prediction: Bored (0.543)
  Second Best: Interested (0.251)
  Prediction Stats:
    Mean: 0.333
    Std: 0.149
    Max: 0.543
    Min: 0.206
  All Predictions:
    Bored: 0.543
    Interested: 0.251
    Lacking_Focus: 0.206
2025-06-12 04:26:51,170 - DEBUG - 📦 Processed frame: 1 faces, -705.0ms
2025-06-12 04:26:51,350 - DEBUG - Image decoded successfully: (240, 320, 3)
2025-06-12 04:26:52,028 - DEBUG - Face preprocessed: shape=(224, 224, 3), range=[-98.779, 109.320], mean=-6.813
2025-06-12 04:26:52,029 - DEBUG - Detected 1 valid faces
2025-06-12 04:26:52,030 - DEBUG - Processing batch of 1 faces, shape: (1, 224, 224, 3)
2025-06-12 04:26:52,364 - INFO - 
Face 0 Prediction Analysis:
  Top Prediction: Bored (0.577)
  Second Best: Lacking_Focus (0.255)
  Prediction Stats:
    Mean: 0.333
    Std: 0.176
    Max: 0.577
    Min: 0.168
  All Predictions:
    Bored: 0.577
    Interested: 0.168
    Lacking_Focus: 0.255
2025-06-12 04:26:52,365 - DEBUG - 📦 Processed frame: 1 faces, 1015.8ms
2025-06-12 04:26:52,529 - DEBUG - Image decoded successfully: (240, 320, 3)
2025-06-12 04:26:53,208 - DEBUG - Face preprocessed: shape=(224, 224, 3), range=[-103.680, 113.320], mean=-9.027
2025-06-12 04:26:53,209 - DEBUG - Detected 1 valid faces
2025-06-12 04:26:53,213 - DEBUG - Processing batch of 1 faces, shape: (1, 224, 224, 3)
2025-06-12 04:26:53,517 - INFO - 
Face 0 Prediction Analysis:
  Top Prediction: Bored (0.642)
  Second Best: Interested (0.203)
  Prediction Stats:
    Mean: 0.333
    Std: 0.219
    Max: 0.642
    Min: 0.155
  All Predictions:
    Bored: 0.642
    Interested: 0.203
    Lacking_Focus: 0.155
2025-06-12 04:26:53,518 - DEBUG - 📦 Processed frame: 1 faces, 990.2ms
2025-06-12 04:26:53,687 - DEBUG - Image decoded successfully: (240, 320, 3)
2025-06-12 04:26:54,468 - DEBUG - Face preprocessed: shape=(224, 224, 3), range=[-97.779, 118.320], mean=-5.869
2025-06-12 04:26:54,469 - DEBUG - Detected 1 valid faces
2025-06-12 04:26:54,470 - DEBUG - Processing batch of 1 faces, shape: (1, 224, 224, 3)
2025-06-12 04:26:54,789 - INFO - 
Face 0 Prediction Analysis:
  Top Prediction: Bored (0.571)
  Second Best: Interested (0.236)
  Prediction Stats:
    Mean: 0.333
    Std: 0.169
    Max: 0.571
    Min: 0.192
  All Predictions:
    Bored: 0.571
    Interested: 0.236
    Lacking_Focus: 0.192
2025-06-12 04:26:54,791 - DEBUG - 📦 Processed frame: 1 faces, 1104.1ms
2025-06-12 04:26:54,958 - DEBUG - Image decoded successfully: (240, 320, 3)
2025-06-12 04:26:55,657 - DEBUG - Face preprocessed: shape=(224, 224, 3), range=[-103.680, 114.320], mean=-8.046
2025-06-12 04:26:55,658 - DEBUG - Detected 1 valid faces
2025-06-12 04:26:55,659 - DEBUG - Processing batch of 1 faces, shape: (1, 224, 224, 3)
2025-06-12 04:26:55,943 - INFO - 
Face 0 Prediction Analysis:
  Top Prediction: Bored (0.715)
  Second Best: Lacking_Focus (0.143)
  Prediction Stats:
    Mean: 0.333
    Std: 0.270
    Max: 0.715
    Min: 0.142
  All Predictions:
    Bored: 0.715
    Interested: 0.142
    Lacking_Focus: 0.143
2025-06-12 04:26:55,944 - DEBUG - 📦 Processed frame: 1 faces, 987.0ms
2025-06-12 04:26:56,122 - DEBUG - Image decoded successfully: (240, 320, 3)
2025-06-12 04:26:56,739 - DEBUG - Face preprocessed: shape=(224, 224, 3), range=[-99.779, 115.320], mean=-7.322
2025-06-12 04:26:56,739 - DEBUG - Detected 1 valid faces
2025-06-12 04:26:56,740 - DEBUG - Processing batch of 1 faces, shape: (1, 224, 224, 3)
2025-06-12 04:26:57,072 - INFO - 
Face 0 Prediction Analysis:
  Top Prediction: Bored (0.737)
  Second Best: Lacking_Focus (0.141)
  Prediction Stats:
    Mean: 0.333
    Std: 0.285
    Max: 0.737
    Min: 0.122
  All Predictions:
    Bored: 0.737
    Interested: 0.122
    Lacking_Focus: 0.141
2025-06-12 04:26:57,073 - DEBUG - 📦 Processed frame: 1 faces, 951.4ms
2025-06-12 04:26:57,280 - DEBUG - Image decoded successfully: (240, 320, 3)
2025-06-12 04:26:57,864 - DEBUG - Face preprocessed: shape=(224, 224, 3), range=[-97.779, 113.320], mean=-7.727
2025-06-12 04:26:57,864 - DEBUG - Detected 1 valid faces
2025-06-12 04:26:57,865 - DEBUG - Processing batch of 1 faces, shape: (1, 224, 224, 3)
2025-06-12 04:26:58,111 - INFO - 
Face 0 Prediction Analysis:
  Top Prediction: Bored (0.686)
  Second Best: Lacking_Focus (0.186)
  Prediction Stats:
    Mean: 0.333
    Std: 0.251
    Max: 0.686
    Min: 0.128
  All Predictions:
    Bored: 0.686
    Interested: 0.128
    Lacking_Focus: 0.186
2025-06-12 04:26:58,112 - DEBUG - 📦 Processed frame: 1 faces, 832.7ms
2025-06-12 04:26:58,243 - DEBUG - Image decoded successfully: (240, 320, 3)
2025-06-12 04:26:58,910 - DEBUG - Face preprocessed: shape=(224, 224, 3), range=[-98.779, 112.320], mean=-8.584
2025-06-12 04:26:58,911 - DEBUG - Detected 1 valid faces
2025-06-12 04:26:58,912 - DEBUG - Processing batch of 1 faces, shape: (1, 224, 224, 3)
2025-06-12 04:26:59,207 - INFO - 
Face 0 Prediction Analysis:
  Top Prediction: Bored (0.685)
  Second Best: Lacking_Focus (0.170)
  Prediction Stats:
    Mean: 0.333
    Std: 0.249
    Max: 0.685
    Min: 0.145
  All Predictions:
    Bored: 0.685
    Interested: 0.145
    Lacking_Focus: 0.170
2025-06-12 04:26:59,208 - DEBUG - 📦 Processed frame: 1 faces, 965.5ms
2025-06-12 04:26:59,332 - DEBUG - Image decoded successfully: (240, 320, 3)
2025-06-12 04:27:00,036 - DEBUG - Face preprocessed: shape=(224, 224, 3), range=[-98.779, 112.320], mean=-8.726
2025-06-12 04:27:00,038 - DEBUG - Detected 1 valid faces
2025-06-12 04:27:00,040 - DEBUG - Processing batch of 1 faces, shape: (1, 224, 224, 3)
2025-06-12 04:27:00,334 - INFO - 
Face 0 Prediction Analysis:
  Top Prediction: Bored (0.612)
  Second Best: Lacking_Focus (0.221)
  Prediction Stats:
    Mean: 0.333
    Std: 0.198
    Max: 0.612
    Min: 0.167
  All Predictions:
    Bored: 0.612
    Interested: 0.167
    Lacking_Focus: 0.221
2025-06-12 04:27:00,336 - DEBUG - 📦 Processed frame: 1 faces, 1005.2ms
2025-06-12 04:27:00,459 - DEBUG - Image decoded successfully: (240, 320, 3)
2025-06-12 04:27:01,056 - DEBUG - Face preprocessed: shape=(224, 224, 3), range=[-98.680, 110.320], mean=-8.937
2025-06-12 04:27:01,057 - DEBUG - Detected 1 valid faces
2025-06-12 04:27:01,059 - DEBUG - Processing batch of 1 faces, shape: (1, 224, 224, 3)
2025-06-12 04:27:01,306 - INFO - 
Face 0 Prediction Analysis:
  Top Prediction: Bored (0.624)
  Second Best: Interested (0.236)
  Prediction Stats:
    Mean: 0.333
    Std: 0.209
    Max: 0.624
    Min: 0.139
  All Predictions:
    Bored: 0.624
    Interested: 0.236
    Lacking_Focus: 0.139
2025-06-12 04:27:01,307 - DEBUG - 📦 Processed frame: 1 faces, 848.9ms
2025-06-12 04:27:01,475 - DEBUG - Image decoded successfully: (240, 320, 3)
2025-06-12 04:27:02,053 - DEBUG - Face preprocessed: shape=(224, 224, 3), range=[-97.779, 116.320], mean=-8.265
2025-06-12 04:27:02,054 - DEBUG - Detected 1 valid faces
2025-06-12 04:27:02,055 - DEBUG - Processing batch of 1 faces, shape: (1, 224, 224, 3)
2025-06-12 04:27:02,288 - INFO - 
Face 0 Prediction Analysis:
  Top Prediction: Bored (0.723)
  Second Best: Interested (0.207)
  Prediction Stats:
    Mean: 0.333
    Std: 0.281
    Max: 0.723
    Min: 0.070
  All Predictions:
    Bored: 0.723
    Interested: 0.207
    Lacking_Focus: 0.070
2025-06-12 04:27:02,288 - DEBUG - 📦 Processed frame: 1 faces, 814.0ms
2025-06-12 04:27:02,370 - DEBUG - Image decoded successfully: (240, 320, 3)
2025-06-12 04:27:02,926 - DEBUG - Face preprocessed: shape=(224, 224, 3), range=[-97.779, 121.320], mean=-2.834
2025-06-12 04:27:02,926 - DEBUG - Detected 1 valid faces
2025-06-12 04:27:02,927 - DEBUG - Processing batch of 1 faces, shape: (1, 224, 224, 3)
2025-06-12 04:27:03,173 - INFO - 
Face 0 Prediction Analysis:
  Top Prediction: Lacking_Focus (0.534)
  Second Best: Bored (0.318)
  Prediction Stats:
    Mean: 0.333
    Std: 0.158
    Max: 0.534
    Min: 0.148
  All Predictions:
    Bored: 0.318
    Interested: 0.148
    Lacking_Focus: 0.534
2025-06-12 04:27:03,174 - DEBUG - 📦 Processed frame: 1 faces, 804.3ms
2025-06-12 04:27:03,325 - DEBUG - Image decoded successfully: (240, 320, 3)
2025-06-12 04:27:03,965 - DEBUG - Face preprocessed: shape=(224, 224, 3), range=[-103.680, 124.061], mean=1.781
2025-06-12 04:27:03,966 - DEBUG - Detected 1 valid faces
2025-06-12 04:27:03,968 - DEBUG - Processing batch of 1 faces, shape: (1, 224, 224, 3)
2025-06-12 04:27:04,208 - INFO - 
Face 0 Prediction Analysis:
  Top Prediction: Lacking_Focus (0.462)
  Second Best: Interested (0.353)
  Prediction Stats:
    Mean: 0.333
    Std: 0.114
    Max: 0.462
    Min: 0.184
  All Predictions:
    Bored: 0.184
    Interested: 0.353
    Lacking_Focus: 0.462
2025-06-12 04:27:04,209 - DEBUG - 📦 Processed frame: 1 faces, 884.0ms
2025-06-12 04:27:04,308 - DEBUG - Image decoded successfully: (240, 320, 3)
2025-06-12 04:27:04,960 - DEBUG - Face preprocessed: shape=(224, 224, 3), range=[-104.779, 129.061], mean=3.251
2025-06-12 04:27:04,960 - DEBUG - Detected 1 valid faces
2025-06-12 04:27:04,962 - DEBUG - Processing batch of 1 faces, shape: (1, 224, 224, 3)
2025-06-12 04:27:05,210 - INFO - 
Face 0 Prediction Analysis:
  Top Prediction: Lacking_Focus (0.776)
  Second Best: Interested (0.115)
  Prediction Stats:
    Mean: 0.333
    Std: 0.313
    Max: 0.776
    Min: 0.109
  All Predictions:
    Bored: 0.109
    Interested: 0.115
    Lacking_Focus: 0.776
2025-06-12 04:27:05,211 - DEBUG - 📦 Processed frame: 1 faces, 902.9ms
2025-06-12 04:27:05,369 - DEBUG - Image decoded successfully: (240, 320, 3)
2025-06-12 04:27:05,968 - DEBUG - Face preprocessed: shape=(224, 224, 3), range=[-103.779, 126.061], mean=3.427
2025-06-12 04:27:05,969 - DEBUG - Detected 1 valid faces
2025-06-12 04:27:05,970 - DEBUG - Processing batch of 1 faces, shape: (1, 224, 224, 3)
2025-06-12 04:27:06,208 - INFO - 
Face 0 Prediction Analysis:
  Top Prediction: Lacking_Focus (0.731)
  Second Best: Bored (0.159)
  Prediction Stats:
    Mean: 0.333
    Std: 0.282
    Max: 0.731
    Min: 0.111
  All Predictions:
    Bored: 0.159
    Interested: 0.111
    Lacking_Focus: 0.731
2025-06-12 04:27:06,209 - DEBUG - 📦 Processed frame: 1 faces, 839.7ms
2025-06-12 04:27:06,295 - DEBUG - Image decoded successfully: (240, 320, 3)
2025-06-12 04:27:06,876 - DEBUG - Face preprocessed: shape=(224, 224, 3), range=[-101.779, 137.061], mean=3.321
2025-06-12 04:27:06,877 - DEBUG - Detected 1 valid faces
2025-06-12 04:27:06,878 - DEBUG - Processing batch of 1 faces, shape: (1, 224, 224, 3)
2025-06-12 04:27:07,120 - INFO - 
Face 0 Prediction Analysis:
  Top Prediction: Lacking_Focus (0.770)
  Second Best: Bored (0.120)
  Prediction Stats:
    Mean: 0.333
    Std: 0.309
    Max: 0.770
    Min: 0.110
  All Predictions:
    Bored: 0.120
    Interested: 0.110
    Lacking_Focus: 0.770
2025-06-12 04:27:07,121 - DEBUG - 📦 Processed frame: 1 faces, 826.0ms
2025-06-12 04:27:07,242 - DEBUG - Image decoded successfully: (240, 320, 3)
2025-06-12 04:27:07,835 - DEBUG - Face preprocessed: shape=(224, 224, 3), range=[-99.779, 126.061], mean=2.202
2025-06-12 04:27:07,836 - DEBUG - Detected 1 valid faces
2025-06-12 04:27:07,837 - DEBUG - Processing batch of 1 faces, shape: (1, 224, 224, 3)
2025-06-12 04:27:08,124 - INFO - 
Face 0 Prediction Analysis:
  Top Prediction: Lacking_Focus (0.784)
  Second Best: Interested (0.136)
  Prediction Stats:
    Mean: 0.333
    Std: 0.319
    Max: 0.784
    Min: 0.080
  All Predictions:
    Bored: 0.080
    Interested: 0.136
    Lacking_Focus: 0.784
2025-06-12 04:27:08,125 - DEBUG - 📦 Processed frame: 1 faces, 883.6ms
2025-06-12 04:27:08,277 - DEBUG - Image decoded successfully: (240, 320, 3)
2025-06-12 04:27:08,810 - DEBUG - Face preprocessed: shape=(224, 224, 3), range=[-96.779, 110.061], mean=-3.787
2025-06-12 04:27:08,811 - DEBUG - Detected 1 valid faces
2025-06-12 04:27:08,812 - DEBUG - Processing batch of 1 faces, shape: (1, 224, 224, 3)
2025-06-12 04:27:09,047 - INFO - 
Face 0 Prediction Analysis:
  Top Prediction: Lacking_Focus (0.514)
  Second Best: Interested (0.264)
  Prediction Stats:
    Mean: 0.333
    Std: 0.129
    Max: 0.514
    Min: 0.222
  All Predictions:
    Bored: 0.222
    Interested: 0.264
    Lacking_Focus: 0.514
2025-06-12 04:27:09,048 - DEBUG - 📦 Processed frame: 1 faces, 770.9ms
2025-06-12 04:27:09,161 - DEBUG - Image decoded successfully: (240, 320, 3)
2025-06-12 04:27:09,754 - DEBUG - Face preprocessed: shape=(224, 224, 3), range=[-107.779, 113.061], mean=-8.556
2025-06-12 04:27:09,755 - DEBUG - Detected 1 valid faces
2025-06-12 04:27:09,756 - DEBUG - Processing batch of 1 faces, shape: (1, 224, 224, 3)
2025-06-12 04:27:10,012 - INFO - 
Face 0 Prediction Analysis:
  Top Prediction: Interested (0.418)
  Second Best: Lacking_Focus (0.294)
  Prediction Stats:
    Mean: 0.333
    Std: 0.060
    Max: 0.418
    Min: 0.288
  All Predictions:
    Bored: 0.288
    Interested: 0.418
    Lacking_Focus: 0.294
2025-06-12 04:27:10,013 - DEBUG - 📦 Processed frame: 1 faces, 853.3ms
2025-06-12 04:27:10,208 - DEBUG - Image decoded successfully: (240, 320, 3)
2025-06-12 04:27:10,810 - DEBUG - Face preprocessed: shape=(224, 224, 3), range=[-98.779, 124.061], mean=-8.697
2025-06-12 04:27:10,811 - DEBUG - Detected 1 valid faces
2025-06-12 04:27:10,812 - DEBUG - Processing batch of 1 faces, shape: (1, 224, 224, 3)
2025-06-12 04:27:11,040 - INFO - 
Face 0 Prediction Analysis:
  Top Prediction: Bored (0.543)
  Second Best: Interested (0.239)
  Prediction Stats:
    Mean: 0.333
    Std: 0.148
    Max: 0.543
    Min: 0.218
  All Predictions:
    Bored: 0.543
    Interested: 0.239
    Lacking_Focus: 0.218
2025-06-12 04:27:11,041 - DEBUG - 📦 Processed frame: 1 faces, 833.5ms
2025-06-12 04:27:11,180 - DEBUG - Image decoded successfully: (240, 320, 3)
2025-06-12 04:27:11,785 - DEBUG - Face preprocessed: shape=(224, 224, 3), range=[-107.779, 121.320], mean=-8.507
2025-06-12 04:27:11,791 - DEBUG - Detected 1 valid faces
2025-06-12 04:27:11,792 - DEBUG - Processing batch of 1 faces, shape: (1, 224, 224, 3)
2025-06-12 04:27:12,017 - INFO - 
Face 0 Prediction Analysis:
  Top Prediction: Bored (0.520)
  Second Best: Lacking_Focus (0.326)
  Prediction Stats:
    Mean: 0.333
    Std: 0.150
    Max: 0.520
    Min: 0.154
  All Predictions:
    Bored: 0.520
    Interested: 0.154
    Lacking_Focus: 0.326
2025-06-12 04:27:12,018 - DEBUG - 📦 Processed frame: 1 faces, 839.0ms
2025-06-12 04:27:12,126 - DEBUG - Image decoded successfully: (240, 320, 3)
2025-06-12 04:27:12,737 - DEBUG - Face preprocessed: shape=(224, 224, 3), range=[-103.680, 116.320], mean=-6.445
2025-06-12 04:27:12,739 - DEBUG - Detected 1 valid faces
2025-06-12 04:27:12,740 - DEBUG - Processing batch of 1 faces, shape: (1, 224, 224, 3)
2025-06-12 04:27:13,006 - INFO - 
Face 0 Prediction Analysis:
  Top Prediction: Bored (0.502)
  Second Best: Interested (0.389)
  Prediction Stats:
    Mean: 0.333
    Std: 0.165
    Max: 0.502
    Min: 0.110
  All Predictions:
    Bored: 0.502
    Interested: 0.389
    Lacking_Focus: 0.110
2025-06-12 04:27:13,007 - DEBUG - 📦 Processed frame: 1 faces, 881.4ms
2025-06-12 04:27:13,173 - DEBUG - Image decoded successfully: (240, 320, 3)
2025-06-12 04:27:13,700 - DEBUG - Face preprocessed: shape=(224, 224, 3), range=[-109.779, 122.061], mean=-6.539
2025-06-12 04:27:13,700 - DEBUG - Detected 1 valid faces
2025-06-12 04:27:13,701 - DEBUG - Processing batch of 1 faces, shape: (1, 224, 224, 3)
2025-06-12 04:27:13,944 - INFO - 
Face 0 Prediction Analysis:
  Top Prediction: Bored (0.526)
  Second Best: Interested (0.359)
  Prediction Stats:
    Mean: 0.333
    Std: 0.169
    Max: 0.526
    Min: 0.115
  All Predictions:
    Bored: 0.526
    Interested: 0.359
    Lacking_Focus: 0.115
2025-06-12 04:27:13,945 - DEBUG - 📦 Processed frame: 1 faces, 772.9ms
2025-06-12 04:27:14,024 - DEBUG - Image decoded successfully: (240, 320, 3)
2025-06-12 04:27:14,597 - DEBUG - Face preprocessed: shape=(224, 224, 3), range=[-101.680, 116.061], mean=-7.795
2025-06-12 04:27:14,598 - DEBUG - Detected 1 valid faces
2025-06-12 04:27:14,598 - DEBUG - Processing batch of 1 faces, shape: (1, 224, 224, 3)
2025-06-12 04:27:14,845 - INFO - 
Face 0 Prediction Analysis:
  Top Prediction: Bored (0.649)
  Second Best: Lacking_Focus (0.177)
  Prediction Stats:
    Mean: 0.333
    Std: 0.223
    Max: 0.649
    Min: 0.174
  All Predictions:
    Bored: 0.649
    Interested: 0.174
    Lacking_Focus: 0.177
2025-06-12 04:27:14,846 - DEBUG - 📦 Processed frame: 1 faces, 821.8ms
2025-06-12 04:27:14,984 - DEBUG - Image decoded successfully: (240, 320, 3)
2025-06-12 04:27:15,562 - DEBUG - Face preprocessed: shape=(224, 224, 3), range=[-98.779, 128.061], mean=-8.224
2025-06-12 04:27:15,564 - DEBUG - Detected 1 valid faces
2025-06-12 04:27:15,565 - DEBUG - Processing batch of 1 faces, shape: (1, 224, 224, 3)
2025-06-12 04:27:15,812 - INFO - 
Face 0 Prediction Analysis:
  Top Prediction: Bored (0.682)
  Second Best: Interested (0.160)
  Prediction Stats:
    Mean: 0.333
    Std: 0.246
    Max: 0.682
    Min: 0.158
  All Predictions:
    Bored: 0.682
    Interested: 0.160
    Lacking_Focus: 0.158
2025-06-12 04:27:15,813 - DEBUG - 📦 Processed frame: 1 faces, 829.3ms
2025-06-12 04:27:15,987 - DEBUG - Image decoded successfully: (240, 320, 3)
2025-06-12 04:27:16,599 - DEBUG - Face preprocessed: shape=(224, 224, 3), range=[-114.779, 118.061], mean=-9.231
2025-06-12 04:27:16,600 - DEBUG - Detected 1 valid faces
2025-06-12 04:27:16,602 - DEBUG - Processing batch of 1 faces, shape: (1, 224, 224, 3)
2025-06-12 04:27:16,836 - INFO - 
Face 0 Prediction Analysis:
  Top Prediction: Bored (0.549)
  Second Best: Interested (0.308)
  Prediction Stats:
    Mean: 0.333
    Std: 0.167
    Max: 0.549
    Min: 0.143
  All Predictions:
    Bored: 0.549
    Interested: 0.308
    Lacking_Focus: 0.143
2025-06-12 04:27:16,837 - DEBUG - 📦 Processed frame: 1 faces, 850.6ms
2025-06-12 04:27:16,887 - DEBUG - Image decoded successfully: (240, 320, 3)
2025-06-12 04:27:17,473 - DEBUG - Face preprocessed: shape=(224, 224, 3), range=[-101.779, 121.320], mean=-3.615
2025-06-12 04:27:17,474 - DEBUG - Detected 1 valid faces
2025-06-12 04:27:17,475 - DEBUG - Processing batch of 1 faces, shape: (1, 224, 224, 3)
2025-06-12 04:27:17,734 - INFO - 
Face 0 Prediction Analysis:
  Top Prediction: Bored (0.547)
  Second Best: Interested (0.341)
  Prediction Stats:
    Mean: 0.333
    Std: 0.177
    Max: 0.547
    Min: 0.112
  All Predictions:
    Bored: 0.547
    Interested: 0.341
    Lacking_Focus: 0.112
2025-06-12 04:27:17,735 - DEBUG - 📦 Processed frame: 1 faces, 848.2ms
2025-06-12 04:27:17,838 - DEBUG - Image decoded successfully: (240, 320, 3)
2025-06-12 04:27:18,423 - DEBUG - Face preprocessed: shape=(224, 224, 3), range=[-105.779, 116.061], mean=-5.141
2025-06-12 04:27:18,424 - DEBUG - Detected 1 valid faces
2025-06-12 04:27:18,425 - DEBUG - Processing batch of 1 faces, shape: (1, 224, 224, 3)
2025-06-12 04:27:18,669 - INFO - 
Face 0 Prediction Analysis:
  Top Prediction: Lacking_Focus (0.418)
  Second Best: Bored (0.337)
  Prediction Stats:
    Mean: 0.333
    Std: 0.071
    Max: 0.418
    Min: 0.245
  All Predictions:
    Bored: 0.337
    Interested: 0.245
    Lacking_Focus: 0.418
2025-06-12 04:27:18,670 - DEBUG - 📦 Processed frame: 1 faces, 832.6ms
2025-06-12 04:27:18,795 - DEBUG - Image decoded successfully: (240, 320, 3)
2025-06-12 04:27:19,428 - DEBUG - Face preprocessed: shape=(224, 224, 3), range=[-102.779, 127.061], mean=-5.294
2025-06-12 04:27:19,429 - DEBUG - Detected 1 valid faces
2025-06-12 04:27:19,429 - DEBUG - Processing batch of 1 faces, shape: (1, 224, 224, 3)
2025-06-12 04:27:19,663 - INFO - 
Face 0 Prediction Analysis:
  Top Prediction: Bored (0.479)
  Second Best: Lacking_Focus (0.275)
  Prediction Stats:
    Mean: 0.333
    Std: 0.104
    Max: 0.479
    Min: 0.246
  All Predictions:
    Bored: 0.479
    Interested: 0.246
    Lacking_Focus: 0.275
2025-06-12 04:27:19,664 - DEBUG - 📦 Processed frame: 1 faces, 869.4ms
2025-06-12 04:27:19,855 - DEBUG - Image decoded successfully: (240, 320, 3)
2025-06-12 04:27:18,840 - DEBUG - Face preprocessed: shape=(224, 224, 3), range=[-100.779, 114.061], mean=-5.547
2025-06-12 04:27:18,841 - DEBUG - Detected 1 valid faces
2025-06-12 04:27:18,842 - DEBUG - Processing batch of 1 faces, shape: (1, 224, 224, 3)
2025-06-12 04:27:19,127 - INFO - 
Face 0 Prediction Analysis:
  Top Prediction: Interested (0.388)
  Second Best: Lacking_Focus (0.372)
  Prediction Stats:
    Mean: 0.333
    Std: 0.066
    Max: 0.388
    Min: 0.240
  All Predictions:
    Bored: 0.240
    Interested: 0.388
    Lacking_Focus: 0.372
2025-06-12 04:27:19,128 - DEBUG - 📦 Processed frame: 1 faces, -726.3ms
2025-06-12 04:27:19,245 - DEBUG - Image decoded successfully: (240, 320, 3)
2025-06-12 04:27:19,850 - DEBUG - Face preprocessed: shape=(224, 224, 3), range=[-102.779, 124.061], mean=-5.771
2025-06-12 04:27:19,851 - DEBUG - Detected 1 valid faces
2025-06-12 04:27:19,852 - DEBUG - Processing batch of 1 faces, shape: (1, 224, 224, 3)
2025-06-12 04:27:20,093 - INFO - 
Face 0 Prediction Analysis:
  Top Prediction: Lacking_Focus (0.369)
  Second Best: Bored (0.321)
  Prediction Stats:
    Mean: 0.333
    Std: 0.025
    Max: 0.369
    Min: 0.311
  All Predictions:
    Bored: 0.321
    Interested: 0.311
    Lacking_Focus: 0.369
2025-06-12 04:27:20,094 - DEBUG - 📦 Processed frame: 1 faces, 849.7ms
2025-06-12 04:27:20,197 - DEBUG - Image decoded successfully: (240, 320, 3)
2025-06-12 04:27:20,833 - DEBUG - Face preprocessed: shape=(224, 224, 3), range=[-97.779, 112.320], mean=-9.463
2025-06-12 04:27:20,833 - DEBUG - Detected 1 valid faces
2025-06-12 04:27:20,838 - DEBUG - Processing batch of 1 faces, shape: (1, 224, 224, 3)
2025-06-12 04:27:21,141 - INFO - 
Face 0 Prediction Analysis:
  Top Prediction: Bored (0.514)
  Second Best: Interested (0.294)
  Prediction Stats:
    Mean: 0.333
    Std: 0.134
    Max: 0.514
    Min: 0.192
  All Predictions:
    Bored: 0.514
    Interested: 0.294
    Lacking_Focus: 0.192
2025-06-12 04:27:21,143 - DEBUG - 📦 Processed frame: 1 faces, 946.0ms
2025-06-12 04:27:24,197 - INFO - ❌ Client disconnected
2025-06-12 04:27:24,198 - INFO - Disconnect reason: disconnect
2025-06-12 04:28:16,179 - INFO - ✅ Face detection model initialized
2025-06-12 04:28:21,684 - INFO - Model output shape: (1, 3)
2025-06-12 04:28:21,685 - INFO - Expected classes: 3
2025-06-12 04:28:21,686 - INFO - Model output classes: 3
2025-06-12 04:28:21,687 - INFO - Test output sum: 1.0000
2025-06-12 04:28:21,713 - INFO - Model architecture:
Model: "Resnet50_Engagement_Classifier"
┏━━━━━━━━━━━━━━━━━━━━━━━━━━━━━━━━━┳━━━━━━━━━━━━━━━━━━━━━━━━┳━━━━━━━━━━━━━━━┓
┃ Layer (type)                    ┃ Output Shape           ┃       Param # ┃
┡━━━━━━━━━━━━━━━━━━━━━━━━━━━━━━━━━╇━━━━━━━━━━━━━━━━━━━━━━━━╇━━━━━━━━━━━━━━━┩
│ input_image (InputLayer)        │ (None, 224, 224, 3)    │             0 │
├─────────────────────────────────┼────────────────────────┼───────────────┤
│ resnet50 (Functional)           │ (None, 7, 7, 2048)     │    23,587,712 │
├─────────────────────────────────┼────────────────────────┼───────────────┤
│ global_average_pooling2d        │ (None, 2048)           │             0 │
│ (GlobalAveragePooling2D)        │                        │               │
├─────────────────────────────────┼────────────────────────┼───────────────┤
│ dense (Dense)                   │ (None, 512)            │     1,049,088 │
├─────────────────────────────────┼────────────────────────┼───────────────┤
│ batch_normalization             │ (None, 512)            │         2,048 │
│ (BatchNormalization)            │                        │               │
├─────────────────────────────────┼────────────────────────┼───────────────┤
│ dropout (Dropout)               │ (None, 512)            │             0 │
├─────────────────────────────────┼────────────────────────┼───────────────┤
│ dense_1 (Dense)                 │ (None, 256)            │       131,328 │
├─────────────────────────────────┼────────────────────────┼───────────────┤
│ batch_normalization_1           │ (None, 256)            │         1,024 │
│ (BatchNormalization)            │                        │               │
├─────────────────────────────────┼────────────────────────┼───────────────┤
│ dropout_1 (Dropout)             │ (None, 256)            │             0 │
├─────────────────────────────────┼────────────────────────┼───────────────┤
│ engagement_predictions (Dense)  │ (None, 3)              │           771 │
└─────────────────────────────────┴────────────────────────┴───────────────┘
 Total params: 24,771,971 (94.50 MB)
 Trainable params: 1,182,723 (4.51 MB)
 Non-trainable params: 23,589,248 (89.99 MB)

2025-06-12 04:28:21,714 - INFO - ✅ Model validation passed
2025-06-12 04:28:21,715 - INFO - ✅ Emotion model loaded and validated: /app/apps/models/emotion_recognition_model.keras
2025-06-12 04:28:21,716 - INFO - ✅ Using emotion labels: ['Bored', 'Interested', 'Lacking_Focus']
2025-06-12 04:28:28,086 - INFO - ✅ Client connected
2025-06-12 04:28:29,699 - DEBUG - Image decoded successfully: (240, 320, 3)
2025-06-12 04:28:30,296 - DEBUG - Face preprocessed: shape=(224, 224, 3), range=[-106.680, 126.061], mean=-10.409
2025-06-12 04:28:30,296 - DEBUG - Detected 1 valid faces
2025-06-12 04:28:30,297 - DEBUG - Processing batch of 1 faces, shape: (1, 224, 224, 3)
2025-06-12 04:28:30,515 - INFO - 
Face 0 Prediction Analysis:
  Top Prediction: Bored (0.468)
  Second Best: Interested (0.318)
  Prediction Stats:
    Mean: 0.333
    Std: 0.105
    Max: 0.468
    Min: 0.213
  All Predictions:
    Bored: 0.468
    Interested: 0.318
    Lacking_Focus: 0.213
2025-06-12 04:28:30,515 - DEBUG - 📦 Processed frame: 1 faces, 817.7ms
2025-06-12 04:28:30,749 - DEBUG - Image decoded successfully: (240, 320, 3)
2025-06-12 04:28:31,383 - DEBUG - Face preprocessed: shape=(224, 224, 3), range=[-99.680, 120.061], mean=-11.269
2025-06-12 04:28:31,384 - DEBUG - Detected 1 valid faces
2025-06-12 04:28:31,386 - DEBUG - Processing batch of 1 faces, shape: (1, 224, 224, 3)
2025-06-12 04:28:31,616 - INFO - 
Face 0 Prediction Analysis:
  Top Prediction: Lacking_Focus (0.351)
  Second Best: Interested (0.341)
  Prediction Stats:
    Mean: 0.333
    Std: 0.018
    Max: 0.351
    Min: 0.308
  All Predictions:
    Bored: 0.308
    Interested: 0.341
    Lacking_Focus: 0.351
2025-06-12 04:28:31,617 - DEBUG - 📦 Processed frame: 1 faces, 868.0ms
2025-06-12 04:28:31,715 - DEBUG - Image decoded successfully: (240, 320, 3)
2025-06-12 04:28:32,167 - DEBUG - Face preprocessed: shape=(224, 224, 3), range=[-97.779, 126.061], mean=-7.106
2025-06-12 04:28:32,168 - DEBUG - Detected 1 valid faces
2025-06-12 04:28:32,168 - DEBUG - Processing batch of 1 faces, shape: (1, 224, 224, 3)
2025-06-12 04:28:32,362 - INFO - 
Face 0 Prediction Analysis:
  Top Prediction: Bored (0.397)
  Second Best: Interested (0.372)
  Prediction Stats:
    Mean: 0.333
    Std: 0.073
    Max: 0.397
    Min: 0.231
  All Predictions:
    Bored: 0.397
    Interested: 0.372
    Lacking_Focus: 0.231
2025-06-12 04:28:32,363 - DEBUG - 📦 Processed frame: 1 faces, 648.4ms
2025-06-12 04:28:32,453 - DEBUG - Image decoded successfully: (240, 320, 3)
2025-06-12 04:28:32,924 - DEBUG - Face preprocessed: shape=(224, 224, 3), range=[-95.779, 126.061], mean=-9.817
2025-06-12 04:28:32,925 - DEBUG - Detected 1 valid faces
2025-06-12 04:28:32,926 - DEBUG - Processing batch of 1 faces, shape: (1, 224, 224, 3)
2025-06-12 04:28:33,116 - INFO - 
Face 0 Prediction Analysis:
  Top Prediction: Interested (0.523)
  Second Best: Lacking_Focus (0.351)
  Prediction Stats:
    Mean: 0.333
    Std: 0.162
    Max: 0.523
    Min: 0.126
  All Predictions:
    Bored: 0.126
    Interested: 0.523
    Lacking_Focus: 0.351
2025-06-12 04:28:33,117 - DEBUG - 📦 Processed frame: 1 faces, 663.7ms
2025-06-12 04:28:33,222 - DEBUG - Image decoded successfully: (240, 320, 3)
2025-06-12 04:28:33,726 - DEBUG - Face preprocessed: shape=(224, 224, 3), range=[-102.779, 122.061], mean=-8.625
2025-06-12 04:28:33,727 - DEBUG - Detected 1 valid faces
2025-06-12 04:28:33,728 - DEBUG - Processing batch of 1 faces, shape: (1, 224, 224, 3)
2025-06-12 04:28:33,932 - INFO - 
Face 0 Prediction Analysis:
  Top Prediction: Lacking_Focus (0.487)
  Second Best: Bored (0.338)
  Prediction Stats:
    Mean: 0.333
    Std: 0.128
    Max: 0.487
    Min: 0.174
  All Predictions:
    Bored: 0.338
    Interested: 0.174
    Lacking_Focus: 0.487
2025-06-12 04:28:33,941 - DEBUG - 📦 Processed frame: 1 faces, 719.9ms
2025-06-12 04:28:34,047 - DEBUG - Image decoded successfully: (240, 320, 3)
2025-06-12 04:28:34,572 - DEBUG - Face preprocessed: shape=(224, 224, 3), range=[-98.779, 127.061], mean=-8.472
2025-06-12 04:28:34,572 - DEBUG - Detected 1 valid faces
2025-06-12 04:28:34,573 - DEBUG - Processing batch of 1 faces, shape: (1, 224, 224, 3)
2025-06-12 04:28:34,768 - INFO - 
Face 0 Prediction Analysis:
  Top Prediction: Lacking_Focus (0.397)
  Second Best: Bored (0.310)
  Prediction Stats:
    Mean: 0.333
    Std: 0.045
    Max: 0.397
    Min: 0.294
  All Predictions:
    Bored: 0.310
    Interested: 0.294
    Lacking_Focus: 0.397
2025-06-12 04:28:34,769 - DEBUG - 📦 Processed frame: 1 faces, 721.9ms
2025-06-12 04:28:34,890 - DEBUG - Image decoded successfully: (240, 320, 3)
2025-06-12 04:28:35,360 - DEBUG - Face preprocessed: shape=(224, 224, 3), range=[-95.779, 128.061], mean=-8.283
2025-06-12 04:28:35,360 - DEBUG - Detected 1 valid faces
2025-06-12 04:28:35,361 - DEBUG - Processing batch of 1 faces, shape: (1, 224, 224, 3)
2025-06-12 04:28:35,576 - INFO - 
Face 0 Prediction Analysis:
  Top Prediction: Lacking_Focus (0.571)
  Second Best: Bored (0.216)
  Prediction Stats:
    Mean: 0.333
    Std: 0.168
    Max: 0.571
    Min: 0.213
  All Predictions:
    Bored: 0.216
    Interested: 0.213
    Lacking_Focus: 0.571
2025-06-12 04:28:35,577 - DEBUG - 📦 Processed frame: 1 faces, 687.1ms
2025-06-12 04:28:35,650 - DEBUG - Image decoded successfully: (240, 320, 3)
2025-06-12 04:28:36,194 - DEBUG - Face preprocessed: shape=(224, 224, 3), range=[-96.680, 122.061], mean=-7.815
2025-06-12 04:28:36,195 - DEBUG - Detected 1 valid faces
2025-06-12 04:28:36,196 - DEBUG - Processing batch of 1 faces, shape: (1, 224, 224, 3)
2025-06-12 04:28:36,403 - INFO - 
Face 0 Prediction Analysis:
  Top Prediction: Lacking_Focus (0.586)
  Second Best: Interested (0.213)
  Prediction Stats:
    Mean: 0.333
    Std: 0.179
    Max: 0.586
    Min: 0.201
  All Predictions:
    Bored: 0.201
    Interested: 0.213
    Lacking_Focus: 0.586
2025-06-12 04:28:36,403 - DEBUG - 📦 Processed frame: 1 faces, 753.8ms
2025-06-12 04:28:36,493 - DEBUG - Image decoded successfully: (240, 320, 3)
2025-06-12 04:28:36,989 - DEBUG - Face preprocessed: shape=(224, 224, 3), range=[-97.680, 125.061], mean=-7.692
2025-06-12 04:28:36,990 - DEBUG - Detected 1 valid faces
2025-06-12 04:28:36,991 - DEBUG - Processing batch of 1 faces, shape: (1, 224, 224, 3)
2025-06-12 04:28:37,190 - INFO - 
Face 0 Prediction Analysis:
  Top Prediction: Lacking_Focus (0.568)
  Second Best: Interested (0.218)
  Prediction Stats:
    Mean: 0.333
    Std: 0.166
    Max: 0.568
    Min: 0.214
  All Predictions:
    Bored: 0.214
    Interested: 0.218
    Lacking_Focus: 0.568
2025-06-12 04:28:37,191 - DEBUG - 📦 Processed frame: 1 faces, 698.6ms
2025-06-12 04:28:37,229 - DEBUG - Image decoded successfully: (240, 320, 3)
2025-06-12 04:28:37,684 - DEBUG - Face preprocessed: shape=(224, 224, 3), range=[-100.779, 126.061], mean=-7.770
2025-06-12 04:28:37,685 - DEBUG - Detected 1 valid faces
2025-06-12 04:28:37,686 - DEBUG - Processing batch of 1 faces, shape: (1, 224, 224, 3)
2025-06-12 04:28:37,883 - INFO - 
Face 0 Prediction Analysis:
  Top Prediction: Lacking_Focus (0.621)
  Second Best: Bored (0.191)
  Prediction Stats:
    Mean: 0.333
    Std: 0.203
    Max: 0.621
    Min: 0.188
  All Predictions:
    Bored: 0.191
    Interested: 0.188
    Lacking_Focus: 0.621
2025-06-12 04:28:37,884 - DEBUG - 📦 Processed frame: 1 faces, 655.3ms
2025-06-12 04:28:37,985 - DEBUG - Image decoded successfully: (240, 320, 3)
2025-06-12 04:28:38,491 - DEBUG - Face preprocessed: shape=(224, 224, 3), range=[-101.779, 125.061], mean=-6.496
2025-06-12 04:28:38,492 - DEBUG - Detected 1 valid faces
2025-06-12 04:28:38,492 - DEBUG - Processing batch of 1 faces, shape: (1, 224, 224, 3)
2025-06-12 04:28:38,750 - INFO - 
Face 0 Prediction Analysis:
  Top Prediction: Bored (0.422)
  Second Best: Lacking_Focus (0.311)
  Prediction Stats:
    Mean: 0.333
    Std: 0.065
    Max: 0.422
    Min: 0.268
  All Predictions:
    Bored: 0.422
    Interested: 0.268
    Lacking_Focus: 0.311
2025-06-12 04:28:38,750 - DEBUG - 📦 Processed frame: 1 faces, 766.0ms
2025-06-12 04:28:38,818 - DEBUG - Image decoded successfully: (240, 320, 3)
2025-06-12 04:28:39,309 - DEBUG - Face preprocessed: shape=(224, 224, 3), range=[-98.680, 116.320], mean=-9.474
2025-06-12 04:28:39,309 - DEBUG - Detected 1 valid faces
2025-06-12 04:28:39,310 - DEBUG - Processing batch of 1 faces, shape: (1, 224, 224, 3)
2025-06-12 04:28:39,507 - INFO - 
Face 0 Prediction Analysis:
  Top Prediction: Bored (0.582)
  Second Best: Interested (0.297)
  Prediction Stats:
    Mean: 0.333
    Std: 0.190
    Max: 0.582
    Min: 0.122
  All Predictions:
    Bored: 0.582
    Interested: 0.297
    Lacking_Focus: 0.122
2025-06-12 04:28:39,508 - DEBUG - 📦 Processed frame: 1 faces, 691.0ms
2025-06-12 04:28:39,663 - DEBUG - Image decoded successfully: (240, 320, 3)
2025-06-12 04:28:40,122 - DEBUG - Face preprocessed: shape=(224, 224, 3), range=[-107.779, 127.320], mean=-10.022
2025-06-12 04:28:40,123 - DEBUG - Detected 1 valid faces
2025-06-12 04:28:40,124 - DEBUG - Processing batch of 1 faces, shape: (1, 224, 224, 3)
2025-06-12 04:28:40,347 - INFO - 
Face 0 Prediction Analysis:
  Top Prediction: Bored (0.465)
  Second Best: Interested (0.287)
  Prediction Stats:
    Mean: 0.333
    Std: 0.094
    Max: 0.465
    Min: 0.248
  All Predictions:
    Bored: 0.465
    Interested: 0.287
    Lacking_Focus: 0.248
2025-06-12 04:28:40,348 - DEBUG - 📦 Processed frame: 1 faces, 685.7ms
2025-06-12 04:28:40,410 - DEBUG - Image decoded successfully: (240, 320, 3)
2025-06-12 04:28:40,937 - DEBUG - Face preprocessed: shape=(224, 224, 3), range=[-99.680, 114.320], mean=-10.977
2025-06-12 04:28:40,938 - DEBUG - Detected 1 valid faces
2025-06-12 04:28:40,939 - DEBUG - Processing batch of 1 faces, shape: (1, 224, 224, 3)
2025-06-12 04:28:41,155 - INFO - 
Face 0 Prediction Analysis:
  Top Prediction: Bored (0.550)
  Second Best: Interested (0.305)
  Prediction Stats:
    Mean: 0.333
    Std: 0.167
    Max: 0.550
    Min: 0.145
  All Predictions:
    Bored: 0.550
    Interested: 0.305
    Lacking_Focus: 0.145
2025-06-12 04:28:41,156 - DEBUG - 📦 Processed frame: 1 faces, 746.5ms
2025-06-12 04:28:41,250 - DEBUG - Image decoded successfully: (240, 320, 3)
2025-06-12 04:28:41,762 - DEBUG - Face preprocessed: shape=(224, 224, 3), range=[-98.779, 116.320], mean=-11.179
2025-06-12 04:28:41,762 - DEBUG - Detected 1 valid faces
2025-06-12 04:28:41,763 - DEBUG - Processing batch of 1 faces, shape: (1, 224, 224, 3)
2025-06-12 04:28:41,968 - INFO - 
Face 0 Prediction Analysis:
  Top Prediction: Bored (0.479)
  Second Best: Interested (0.263)
  Prediction Stats:
    Mean: 0.333
    Std: 0.103
    Max: 0.479
    Min: 0.258
  All Predictions:
    Bored: 0.479
    Interested: 0.263
    Lacking_Focus: 0.258
2025-06-12 04:28:41,969 - DEBUG - 📦 Processed frame: 1 faces, 720.5ms
2025-06-12 04:28:41,998 - DEBUG - Image decoded successfully: (240, 320, 3)
2025-06-12 04:28:42,498 - DEBUG - Face preprocessed: shape=(224, 224, 3), range=[-98.680, 114.320], mean=-11.021
2025-06-12 04:28:42,499 - DEBUG - Detected 1 valid faces
2025-06-12 04:28:42,499 - DEBUG - Processing batch of 1 faces, shape: (1, 224, 224, 3)
2025-06-12 04:28:42,683 - INFO - 
Face 0 Prediction Analysis:
  Top Prediction: Bored (0.418)
  Second Best: Interested (0.381)
  Prediction Stats:
    Mean: 0.333
    Std: 0.095
    Max: 0.418
    Min: 0.201
  All Predictions:
    Bored: 0.418
    Interested: 0.381
    Lacking_Focus: 0.201
2025-06-12 04:28:42,684 - DEBUG - 📦 Processed frame: 1 faces, 686.2ms
2025-06-12 04:28:42,837 - DEBUG - Image decoded successfully: (240, 320, 3)
2025-06-12 04:28:43,362 - DEBUG - Face preprocessed: shape=(224, 224, 3), range=[-98.680, 114.320], mean=-9.470
2025-06-12 04:28:43,363 - DEBUG - Detected 1 valid faces
2025-06-12 04:28:43,364 - DEBUG - Processing batch of 1 faces, shape: (1, 224, 224, 3)
2025-06-12 04:28:43,605 - INFO - 
Face 0 Prediction Analysis:
  Top Prediction: Bored (0.483)
  Second Best: Interested (0.298)
  Prediction Stats:
    Mean: 0.333
    Std: 0.111
    Max: 0.483
    Min: 0.219
  All Predictions:
    Bored: 0.483
    Interested: 0.298
    Lacking_Focus: 0.219
2025-06-12 04:28:43,606 - DEBUG - 📦 Processed frame: 1 faces, 770.3ms
2025-06-12 04:28:43,690 - DEBUG - Image decoded successfully: (240, 320, 3)
2025-06-12 04:28:44,247 - DEBUG - Face preprocessed: shape=(224, 224, 3), range=[-96.779, 113.320], mean=-10.617
2025-06-12 04:28:44,248 - DEBUG - Detected 1 valid faces
2025-06-12 04:28:44,249 - DEBUG - Processing batch of 1 faces, shape: (1, 224, 224, 3)
2025-06-12 04:28:44,524 - INFO - 
Face 0 Prediction Analysis:
  Top Prediction: Interested (0.501)
  Second Best: Bored (0.449)
  Prediction Stats:
    Mean: 0.333
    Std: 0.201
    Max: 0.501
    Min: 0.050
  All Predictions:
    Bored: 0.449
    Interested: 0.501
    Lacking_Focus: 0.050
2025-06-12 04:28:44,525 - DEBUG - 📦 Processed frame: 1 faces, 836.8ms
2025-06-12 04:28:46,311 - INFO - ❌ Client disconnected
2025-06-12 04:28:46,312 - INFO - Disconnect reason: disconnect
2025-06-12 04:29:05,538 - INFO - ✅ Face detection model initialized
2025-06-12 04:29:10,274 - INFO - Model output shape: (1, 3)
2025-06-12 04:29:10,275 - INFO - Expected classes: 3
2025-06-12 04:29:10,275 - INFO - Model output classes: 3
2025-06-12 04:29:10,276 - INFO - Test output sum: 1.0000
2025-06-12 04:29:10,295 - INFO - Model architecture:
Model: "Resnet50_Engagement_Classifier"
┏━━━━━━━━━━━━━━━━━━━━━━━━━━━━━━━━━┳━━━━━━━━━━━━━━━━━━━━━━━━┳━━━━━━━━━━━━━━━┓
┃ Layer (type)                    ┃ Output Shape           ┃       Param # ┃
┡━━━━━━━━━━━━━━━━━━━━━━━━━━━━━━━━━╇━━━━━━━━━━━━━━━━━━━━━━━━╇━━━━━━━━━━━━━━━┩
│ input_image (InputLayer)        │ (None, 224, 224, 3)    │             0 │
├─────────────────────────────────┼────────────────────────┼───────────────┤
│ resnet50 (Functional)           │ (None, 7, 7, 2048)     │    23,587,712 │
├─────────────────────────────────┼────────────────────────┼───────────────┤
│ global_average_pooling2d        │ (None, 2048)           │             0 │
│ (GlobalAveragePooling2D)        │                        │               │
├─────────────────────────────────┼────────────────────────┼───────────────┤
│ dense (Dense)                   │ (None, 512)            │     1,049,088 │
├─────────────────────────────────┼────────────────────────┼───────────────┤
│ batch_normalization             │ (None, 512)            │         2,048 │
│ (BatchNormalization)            │                        │               │
├─────────────────────────────────┼────────────────────────┼───────────────┤
│ dropout (Dropout)               │ (None, 512)            │             0 │
├─────────────────────────────────┼────────────────────────┼───────────────┤
│ dense_1 (Dense)                 │ (None, 256)            │       131,328 │
├─────────────────────────────────┼────────────────────────┼───────────────┤
│ batch_normalization_1           │ (None, 256)            │         1,024 │
│ (BatchNormalization)            │                        │               │
├─────────────────────────────────┼────────────────────────┼───────────────┤
│ dropout_1 (Dropout)             │ (None, 256)            │             0 │
├─────────────────────────────────┼────────────────────────┼───────────────┤
│ engagement_predictions (Dense)  │ (None, 3)              │           771 │
└─────────────────────────────────┴────────────────────────┴───────────────┘
 Total params: 24,771,971 (94.50 MB)
 Trainable params: 1,182,723 (4.51 MB)
 Non-trainable params: 23,589,248 (89.99 MB)

2025-06-12 04:29:10,296 - INFO - ✅ Model validation passed
2025-06-12 04:29:10,297 - INFO - ✅ Emotion model loaded and validated: /app/apps/models/emotion_recognition_model.keras
2025-06-12 04:29:10,297 - INFO - ✅ Using emotion labels: ['Bored', 'Interested', 'Lacking_Focus']
2025-06-12 04:33:03,475 - INFO - ✅ Client connected
2025-06-12 04:33:08,461 - DEBUG - Image decoded successfully: (240, 320, 3)
2025-06-12 04:33:09,153 - DEBUG - Face preprocessed: shape=(224, 224, 3), range=[-97.779, 112.320], mean=-7.563
2025-06-12 04:33:09,154 - DEBUG - Detected 1 valid faces
2025-06-12 04:33:09,155 - DEBUG - Processing batch of 1 faces, shape: (1, 224, 224, 3)
2025-06-12 04:33:09,469 - INFO - 
Face 0 Prediction Analysis:
  Top Prediction: Interested (0.401)
  Second Best: Bored (0.396)
  Prediction Stats:
    Mean: 0.333
    Std: 0.092
    Max: 0.401
    Min: 0.203
  All Predictions:
    Bored: 0.396
    Interested: 0.401
    Lacking_Focus: 0.203
2025-06-12 04:33:09,470 - DEBUG - 📦 Processed frame: 1 faces, 1010.2ms
2025-06-12 04:33:09,727 - DEBUG - Image decoded successfully: (240, 320, 3)
2025-06-12 04:33:10,376 - DEBUG - Face preprocessed: shape=(224, 224, 3), range=[-103.779, 127.061], mean=-8.899
2025-06-12 04:33:10,377 - DEBUG - Detected 1 valid faces
2025-06-12 04:33:10,379 - DEBUG - Processing batch of 1 faces, shape: (1, 224, 224, 3)
2025-06-12 04:33:10,623 - INFO - 
Face 0 Prediction Analysis:
  Top Prediction: Bored (0.469)
  Second Best: Lacking_Focus (0.315)
  Prediction Stats:
    Mean: 0.333
    Std: 0.104
    Max: 0.469
    Min: 0.216
  All Predictions:
    Bored: 0.469
    Interested: 0.216
    Lacking_Focus: 0.315
2025-06-12 04:33:10,625 - DEBUG - 📦 Processed frame: 1 faces, 897.9ms
2025-06-12 04:33:10,805 - DEBUG - Image decoded successfully: (240, 320, 3)
2025-06-12 04:33:11,421 - DEBUG - Face preprocessed: shape=(224, 224, 3), range=[-96.779, 129.061], mean=-7.985
2025-06-12 04:33:11,423 - DEBUG - Detected 1 valid faces
2025-06-12 04:33:11,424 - DEBUG - Processing batch of 1 faces, shape: (1, 224, 224, 3)
2025-06-12 04:33:11,700 - INFO - 
Face 0 Prediction Analysis:
  Top Prediction: Bored (0.402)
  Second Best: Lacking_Focus (0.402)
  Prediction Stats:
    Mean: 0.333
    Std: 0.097
    Max: 0.402
    Min: 0.196
  All Predictions:
    Bored: 0.402
    Interested: 0.196
    Lacking_Focus: 0.402
2025-06-12 04:33:11,701 - DEBUG - 📦 Processed frame: 1 faces, 897.4ms
2025-06-12 04:33:11,844 - DEBUG - Image decoded successfully: (240, 320, 3)
2025-06-12 04:33:12,439 - DEBUG - Face preprocessed: shape=(224, 224, 3), range=[-97.680, 124.061], mean=-7.761
2025-06-12 04:33:12,440 - DEBUG - Detected 1 valid faces
2025-06-12 04:33:12,441 - DEBUG - Processing batch of 1 faces, shape: (1, 224, 224, 3)
2025-06-12 04:33:12,699 - INFO - 
Face 0 Prediction Analysis:
  Top Prediction: Lacking_Focus (0.366)
  Second Best: Interested (0.339)
  Prediction Stats:
    Mean: 0.333
    Std: 0.029
    Max: 0.366
    Min: 0.295
  All Predictions:
    Bored: 0.295
    Interested: 0.339
    Lacking_Focus: 0.366
2025-06-12 04:33:12,700 - DEBUG - 📦 Processed frame: 1 faces, 856.3ms
2025-06-12 04:33:12,835 - DEBUG - Image decoded successfully: (240, 320, 3)
2025-06-12 04:33:13,376 - DEBUG - Face preprocessed: shape=(224, 224, 3), range=[-105.779, 124.061], mean=-8.632
2025-06-12 04:33:13,377 - DEBUG - Detected 1 valid faces
2025-06-12 04:33:13,377 - DEBUG - Processing batch of 1 faces, shape: (1, 224, 224, 3)
2025-06-12 04:33:13,677 - INFO - 
Face 0 Prediction Analysis:
  Top Prediction: Bored (0.467)
  Second Best: Lacking_Focus (0.301)
  Prediction Stats:
    Mean: 0.333
    Std: 0.099
    Max: 0.467
    Min: 0.232
  All Predictions:
    Bored: 0.467
    Interested: 0.232
    Lacking_Focus: 0.301
2025-06-12 04:33:13,678 - DEBUG - 📦 Processed frame: 1 faces, 843.8ms
2025-06-12 04:33:13,754 - DEBUG - Image decoded successfully: (240, 320, 3)
2025-06-12 04:33:14,366 - DEBUG - Face preprocessed: shape=(224, 224, 3), range=[-103.779, 135.061], mean=-7.833
2025-06-12 04:33:14,367 - DEBUG - Detected 1 valid faces
2025-06-12 04:33:14,368 - DEBUG - Processing batch of 1 faces, shape: (1, 224, 224, 3)
2025-06-12 04:33:14,653 - INFO - 
Face 0 Prediction Analysis:
  Top Prediction: Lacking_Focus (0.484)
  Second Best: Interested (0.349)
  Prediction Stats:
    Mean: 0.333
    Std: 0.130
    Max: 0.484
    Min: 0.167
  All Predictions:
    Bored: 0.167
    Interested: 0.349
    Lacking_Focus: 0.484
2025-06-12 04:33:14,654 - DEBUG - 📦 Processed frame: 1 faces, 899.9ms
2025-06-12 04:33:14,816 - DEBUG - Image decoded successfully: (240, 320, 3)
2025-06-12 04:33:15,440 - DEBUG - Face preprocessed: shape=(224, 224, 3), range=[-104.779, 130.061], mean=-8.620
2025-06-12 04:33:15,441 - DEBUG - Detected 1 valid faces
2025-06-12 04:33:15,442 - DEBUG - Processing batch of 1 faces, shape: (1, 224, 224, 3)
2025-06-12 04:33:15,761 - INFO - 
Face 0 Prediction Analysis:
  Top Prediction: Lacking_Focus (0.460)
  Second Best: Bored (0.353)
  Prediction Stats:
    Mean: 0.333
    Std: 0.112
    Max: 0.460
    Min: 0.187
  All Predictions:
    Bored: 0.353
    Interested: 0.187
    Lacking_Focus: 0.460
2025-06-12 04:33:15,762 - DEBUG - 📦 Processed frame: 1 faces, 946.8ms
2025-06-12 04:33:15,888 - DEBUG - Image decoded successfully: (240, 320, 3)
2025-06-12 04:33:16,608 - DEBUG - Face preprocessed: shape=(224, 224, 3), range=[-101.680, 132.061], mean=-8.798
2025-06-12 04:33:16,610 - DEBUG - Detected 1 valid faces
2025-06-12 04:33:16,611 - DEBUG - Processing batch of 1 faces, shape: (1, 224, 224, 3)
2025-06-12 04:33:16,924 - INFO - 
Face 0 Prediction Analysis:
  Top Prediction: Bored (0.404)
  Second Best: Lacking_Focus (0.390)
  Prediction Stats:
    Mean: 0.333
    Std: 0.090
    Max: 0.404
    Min: 0.206
  All Predictions:
    Bored: 0.404
    Interested: 0.206
    Lacking_Focus: 0.390
2025-06-12 04:33:16,925 - DEBUG - 📦 Processed frame: 1 faces, 1037.5ms
2025-06-12 04:33:17,040 - DEBUG - Image decoded successfully: (240, 320, 3)
2025-06-12 04:33:17,722 - DEBUG - Face preprocessed: shape=(224, 224, 3), range=[-102.779, 132.061], mean=-11.031
2025-06-12 04:33:17,723 - DEBUG - Detected 1 valid faces
2025-06-12 04:33:17,724 - DEBUG - Processing batch of 1 faces, shape: (1, 224, 224, 3)
2025-06-12 04:33:18,000 - INFO - 
Face 0 Prediction Analysis:
  Top Prediction: Lacking_Focus (0.458)
  Second Best: Bored (0.305)
  Prediction Stats:
    Mean: 0.333
    Std: 0.092
    Max: 0.458
    Min: 0.237
  All Predictions:
    Bored: 0.305
    Interested: 0.237
    Lacking_Focus: 0.458
2025-06-12 04:33:18,001 - DEBUG - 📦 Processed frame: 1 faces, 962.1ms
2025-06-12 04:33:18,204 - DEBUG - Image decoded successfully: (240, 320, 3)
2025-06-12 04:33:18,840 - DEBUG - Face preprocessed: shape=(224, 224, 3), range=[-108.779, 133.061], mean=-10.650
2025-06-12 04:33:18,841 - DEBUG - Detected 1 valid faces
2025-06-12 04:33:18,842 - DEBUG - Processing batch of 1 faces, shape: (1, 224, 224, 3)
2025-06-12 04:33:19,142 - INFO - 
Face 0 Prediction Analysis:
  Top Prediction: Interested (0.572)
  Second Best: Bored (0.247)
  Prediction Stats:
    Mean: 0.333
    Std: 0.171
    Max: 0.572
    Min: 0.181
  All Predictions:
    Bored: 0.247
    Interested: 0.572
    Lacking_Focus: 0.181
2025-06-12 04:33:19,143 - DEBUG - 📦 Processed frame: 1 faces, 940.3ms
2025-06-12 04:33:19,262 - DEBUG - Image decoded successfully: (240, 320, 3)
2025-06-12 04:33:19,908 - DEBUG - Face preprocessed: shape=(224, 224, 3), range=[-107.779, 134.061], mean=-8.419
2025-06-12 04:33:19,909 - DEBUG - Detected 1 valid faces
2025-06-12 04:33:19,909 - DEBUG - Processing batch of 1 faces, shape: (1, 224, 224, 3)
2025-06-12 04:33:20,199 - INFO - 
Face 0 Prediction Analysis:
  Top Prediction: Interested (0.428)
  Second Best: Lacking_Focus (0.329)
  Prediction Stats:
    Mean: 0.333
    Std: 0.075
    Max: 0.428
    Min: 0.244
  All Predictions:
    Bored: 0.244
    Interested: 0.428
    Lacking_Focus: 0.329
2025-06-12 04:33:20,200 - DEBUG - 📦 Processed frame: 1 faces, 938.4ms
2025-06-12 04:33:20,318 - DEBUG - Image decoded successfully: (240, 320, 3)
2025-06-12 04:33:20,911 - DEBUG - Face preprocessed: shape=(224, 224, 3), range=[-100.779, 130.061], mean=-10.203
2025-06-12 04:33:20,912 - DEBUG - Detected 1 valid faces
2025-06-12 04:33:20,913 - DEBUG - Processing batch of 1 faces, shape: (1, 224, 224, 3)
2025-06-12 04:33:21,177 - INFO - 
Face 0 Prediction Analysis:
  Top Prediction: Lacking_Focus (0.408)
  Second Best: Bored (0.376)
  Prediction Stats:
    Mean: 0.333
    Std: 0.084
    Max: 0.408
    Min: 0.216
  All Predictions:
    Bored: 0.376
    Interested: 0.216
    Lacking_Focus: 0.408
2025-06-12 04:33:21,178 - DEBUG - 📦 Processed frame: 1 faces, 861.0ms
2025-06-12 04:33:21,272 - DEBUG - Image decoded successfully: (240, 320, 3)
2025-06-12 04:33:21,895 - DEBUG - Face preprocessed: shape=(224, 224, 3), range=[-99.779, 132.061], mean=-10.240
2025-06-12 04:33:21,896 - DEBUG - Detected 1 valid faces
2025-06-12 04:33:21,897 - DEBUG - Processing batch of 1 faces, shape: (1, 224, 224, 3)
2025-06-12 04:33:22,212 - INFO - 
Face 0 Prediction Analysis:
  Top Prediction: Lacking_Focus (0.354)
  Second Best: Bored (0.342)
  Prediction Stats:
    Mean: 0.333
    Std: 0.021
    Max: 0.354
    Min: 0.304
  All Predictions:
    Bored: 0.342
    Interested: 0.304
    Lacking_Focus: 0.354
2025-06-12 04:33:22,213 - DEBUG - 📦 Processed frame: 1 faces, 941.8ms
2025-06-12 04:33:22,338 - DEBUG - Image decoded successfully: (240, 320, 3)
2025-06-12 04:33:22,983 - DEBUG - Face preprocessed: shape=(224, 224, 3), range=[-101.779, 120.061], mean=-11.247
2025-06-12 04:33:22,984 - DEBUG - Detected 1 valid faces
2025-06-12 04:33:22,986 - DEBUG - Processing batch of 1 faces, shape: (1, 224, 224, 3)
2025-06-12 04:33:23,237 - INFO - 
Face 0 Prediction Analysis:
  Top Prediction: Bored (0.363)
  Second Best: Lacking_Focus (0.349)
  Prediction Stats:
    Mean: 0.333
    Std: 0.033
    Max: 0.363
    Min: 0.288
  All Predictions:
    Bored: 0.363
    Interested: 0.288
    Lacking_Focus: 0.349
2025-06-12 04:33:23,238 - DEBUG - 📦 Processed frame: 1 faces, 901.6ms
2025-06-12 04:33:23,288 - DEBUG - Image decoded successfully: (240, 320, 3)
2025-06-12 04:33:23,848 - DEBUG - Face preprocessed: shape=(224, 224, 3), range=[-96.779, 127.061], mean=-12.166
2025-06-12 04:33:23,850 - DEBUG - Detected 1 valid faces
2025-06-12 04:33:23,851 - DEBUG - Processing batch of 1 faces, shape: (1, 224, 224, 3)
2025-06-12 04:33:24,097 - INFO - 
Face 0 Prediction Analysis:
  Top Prediction: Lacking_Focus (0.380)
  Second Best: Bored (0.345)
  Prediction Stats:
    Mean: 0.333
    Std: 0.044
    Max: 0.380
    Min: 0.275
  All Predictions:
    Bored: 0.345
    Interested: 0.275
    Lacking_Focus: 0.380
2025-06-12 04:33:24,098 - DEBUG - 📦 Processed frame: 1 faces, 810.7ms
2025-06-12 04:33:24,241 - DEBUG - Image decoded successfully: (240, 320, 3)
2025-06-12 04:33:24,813 - DEBUG - Face preprocessed: shape=(224, 224, 3), range=[-96.779, 128.061], mean=-8.723
2025-06-12 04:33:24,814 - DEBUG - Detected 1 valid faces
2025-06-12 04:33:24,815 - DEBUG - Processing batch of 1 faces, shape: (1, 224, 224, 3)
2025-06-12 04:33:25,057 - INFO - 
Face 0 Prediction Analysis:
  Top Prediction: Lacking_Focus (0.603)
  Second Best: Bored (0.256)
  Prediction Stats:
    Mean: 0.333
    Std: 0.197
    Max: 0.603
    Min: 0.141
  All Predictions:
    Bored: 0.256
    Interested: 0.141
    Lacking_Focus: 0.603
2025-06-12 04:33:25,058 - DEBUG - 📦 Processed frame: 1 faces, 818.1ms
2025-06-12 04:33:25,095 - DEBUG - Image decoded successfully: (240, 320, 3)
2025-06-12 04:33:25,643 - DEBUG - Face preprocessed: shape=(224, 224, 3), range=[-101.779, 122.061], mean=-10.108
2025-06-12 04:33:25,645 - DEBUG - Detected 1 valid faces
2025-06-12 04:33:25,647 - DEBUG - Processing batch of 1 faces, shape: (1, 224, 224, 3)
2025-06-12 04:33:25,907 - INFO - 
Face 0 Prediction Analysis:
  Top Prediction: Lacking_Focus (0.581)
  Second Best: Bored (0.275)
  Prediction Stats:
    Mean: 0.333
    Std: 0.183
    Max: 0.581
    Min: 0.144
  All Predictions:
    Bored: 0.275
    Interested: 0.144
    Lacking_Focus: 0.581
2025-06-12 04:33:25,909 - DEBUG - 📦 Processed frame: 1 faces, 813.8ms
2025-06-12 04:33:26,048 - DEBUG - Image decoded successfully: (240, 320, 3)
2025-06-12 04:33:26,627 - DEBUG - Face preprocessed: shape=(224, 224, 3), range=[-101.779, 131.061], mean=-10.399
2025-06-12 04:33:26,628 - DEBUG - Detected 1 valid faces
2025-06-12 04:33:26,629 - DEBUG - Processing batch of 1 faces, shape: (1, 224, 224, 3)
2025-06-12 04:33:26,907 - INFO - 
Face 0 Prediction Analysis:
  Top Prediction: Bored (0.470)
  Second Best: Lacking_Focus (0.307)
  Prediction Stats:
    Mean: 0.333
    Std: 0.103
    Max: 0.470
    Min: 0.222
  All Predictions:
    Bored: 0.470
    Interested: 0.222
    Lacking_Focus: 0.307
2025-06-12 04:33:26,908 - DEBUG - 📦 Processed frame: 1 faces, 861.2ms
2025-06-12 04:33:27,043 - DEBUG - Image decoded successfully: (240, 320, 3)
2025-06-12 04:33:27,578 - DEBUG - Face preprocessed: shape=(224, 224, 3), range=[-98.779, 130.061], mean=-9.429
2025-06-12 04:33:27,578 - DEBUG - Detected 1 valid faces
2025-06-12 04:33:27,579 - DEBUG - Processing batch of 1 faces, shape: (1, 224, 224, 3)
2025-06-12 04:33:27,813 - INFO - 
Face 0 Prediction Analysis:
  Top Prediction: Lacking_Focus (0.401)
  Second Best: Bored (0.328)
  Prediction Stats:
    Mean: 0.333
    Std: 0.053
    Max: 0.401
    Min: 0.271
  All Predictions:
    Bored: 0.328
    Interested: 0.271
    Lacking_Focus: 0.401
2025-06-12 04:33:27,813 - DEBUG - 📦 Processed frame: 1 faces, 771.0ms
2025-06-12 04:33:27,850 - DEBUG - Image decoded successfully: (240, 320, 3)
2025-06-12 04:33:28,369 - DEBUG - Face preprocessed: shape=(224, 224, 3), range=[-100.680, 130.061], mean=-10.648
2025-06-12 04:33:28,379 - DEBUG - Detected 1 valid faces
2025-06-12 04:33:28,385 - DEBUG - Processing batch of 1 faces, shape: (1, 224, 224, 3)
2025-06-12 04:33:26,983 - INFO - 
Face 0 Prediction Analysis:
  Top Prediction: Lacking_Focus (0.431)
  Second Best: Interested (0.378)
  Prediction Stats:
    Mean: 0.333
    Std: 0.103
    Max: 0.431
    Min: 0.191
  All Predictions:
    Bored: 0.191
    Interested: 0.378
    Lacking_Focus: 0.431
2025-06-12 04:33:26,984 - DEBUG - 📦 Processed frame: 1 faces, -865.6ms
2025-06-12 04:33:27,129 - DEBUG - Image decoded successfully: (240, 320, 3)
2025-06-12 04:33:27,765 - DEBUG - Face preprocessed: shape=(224, 224, 3), range=[-96.779, 131.061], mean=-9.771
2025-06-12 04:33:27,766 - DEBUG - Detected 1 valid faces
2025-06-12 04:33:27,768 - DEBUG - Processing batch of 1 faces, shape: (1, 224, 224, 3)
2025-06-12 04:33:28,010 - INFO - 
Face 0 Prediction Analysis:
  Top Prediction: Lacking_Focus (0.595)
  Second Best: Interested (0.246)
  Prediction Stats:
    Mean: 0.333
    Std: 0.188
    Max: 0.595
    Min: 0.159
  All Predictions:
    Bored: 0.159
    Interested: 0.246
    Lacking_Focus: 0.595
2025-06-12 04:33:28,012 - DEBUG - 📦 Processed frame: 1 faces, 883.2ms
2025-06-12 04:33:28,126 - DEBUG - Image decoded successfully: (240, 320, 3)
2025-06-12 04:33:28,809 - DEBUG - Face preprocessed: shape=(224, 224, 3), range=[-102.779, 123.320], mean=-8.891
2025-06-12 04:33:28,810 - DEBUG - Detected 1 valid faces
2025-06-12 04:33:28,812 - DEBUG - Processing batch of 1 faces, shape: (1, 224, 224, 3)
2025-06-12 04:33:29,165 - INFO - 
Face 0 Prediction Analysis:
  Top Prediction: Interested (0.450)
  Second Best: Lacking_Focus (0.380)
  Prediction Stats:
    Mean: 0.333
    Std: 0.119
    Max: 0.450
    Min: 0.170
  All Predictions:
    Bored: 0.170
    Interested: 0.450
    Lacking_Focus: 0.380
2025-06-12 04:33:29,166 - DEBUG - 📦 Processed frame: 1 faces, 1040.9ms
2025-06-12 04:33:31,756 - INFO - ❌ Client disconnected
2025-06-12 04:33:31,758 - INFO - Disconnect reason: disconnect
2025-06-12 04:34:30,231 - INFO - ✅ Face detection model initialized
2025-06-12 04:34:35,765 - INFO - Model output shape: (1, 3)
2025-06-12 04:34:35,767 - INFO - Expected classes: 3
2025-06-12 04:34:35,767 - INFO - Model output classes: 3
2025-06-12 04:34:35,768 - INFO - Test output sum: 1.0000
2025-06-12 04:34:35,792 - INFO - Model architecture:
Model: "Resnet50_Engagement_Classifier"
┏━━━━━━━━━━━━━━━━━━━━━━━━━━━━━━━━━┳━━━━━━━━━━━━━━━━━━━━━━━━┳━━━━━━━━━━━━━━━┓
┃ Layer (type)                    ┃ Output Shape           ┃       Param # ┃
┡━━━━━━━━━━━━━━━━━━━━━━━━━━━━━━━━━╇━━━━━━━━━━━━━━━━━━━━━━━━╇━━━━━━━━━━━━━━━┩
│ input_image (InputLayer)        │ (None, 224, 224, 3)    │             0 │
├─────────────────────────────────┼────────────────────────┼───────────────┤
│ resnet50 (Functional)           │ (None, 7, 7, 2048)     │    23,587,712 │
├─────────────────────────────────┼────────────────────────┼───────────────┤
│ global_average_pooling2d        │ (None, 2048)           │             0 │
│ (GlobalAveragePooling2D)        │                        │               │
├─────────────────────────────────┼────────────────────────┼───────────────┤
│ dense (Dense)                   │ (None, 512)            │     1,049,088 │
├─────────────────────────────────┼────────────────────────┼───────────────┤
│ batch_normalization             │ (None, 512)            │         2,048 │
│ (BatchNormalization)            │                        │               │
├─────────────────────────────────┼────────────────────────┼───────────────┤
│ dropout (Dropout)               │ (None, 512)            │             0 │
├─────────────────────────────────┼────────────────────────┼───────────────┤
│ dense_1 (Dense)                 │ (None, 256)            │       131,328 │
├─────────────────────────────────┼────────────────────────┼───────────────┤
│ batch_normalization_1           │ (None, 256)            │         1,024 │
│ (BatchNormalization)            │                        │               │
├─────────────────────────────────┼────────────────────────┼───────────────┤
│ dropout_1 (Dropout)             │ (None, 256)            │             0 │
├─────────────────────────────────┼────────────────────────┼───────────────┤
│ engagement_predictions (Dense)  │ (None, 3)              │           771 │
└─────────────────────────────────┴────────────────────────┴───────────────┘
 Total params: 24,771,971 (94.50 MB)
 Trainable params: 1,182,723 (4.51 MB)
 Non-trainable params: 23,589,248 (89.99 MB)

2025-06-12 04:34:35,793 - INFO - ✅ Model validation passed
2025-06-12 04:34:35,794 - INFO - ✅ Emotion model loaded and validated: /app/apps/models/emotion_recognition_model.keras
2025-06-12 04:34:35,794 - INFO - ✅ Using emotion labels: ['Bored', 'Interested', 'Lacking_Focus']
2025-06-12 04:34:48,790 - INFO - ✅ Face detection model initialized
2025-06-12 04:34:52,741 - INFO - Model output shape: (1, 3)
2025-06-12 04:34:52,742 - INFO - Expected classes: 3
2025-06-12 04:34:52,742 - INFO - Model output classes: 3
2025-06-12 04:34:52,743 - INFO - Test output sum: 1.0000
2025-06-12 04:34:52,766 - INFO - Model architecture:
Model: "Resnet50_Engagement_Classifier"
┏━━━━━━━━━━━━━━━━━━━━━━━━━━━━━━━━━┳━━━━━━━━━━━━━━━━━━━━━━━━┳━━━━━━━━━━━━━━━┓
┃ Layer (type)                    ┃ Output Shape           ┃       Param # ┃
┡━━━━━━━━━━━━━━━━━━━━━━━━━━━━━━━━━╇━━━━━━━━━━━━━━━━━━━━━━━━╇━━━━━━━━━━━━━━━┩
│ input_image (InputLayer)        │ (None, 224, 224, 3)    │             0 │
├─────────────────────────────────┼────────────────────────┼───────────────┤
│ resnet50 (Functional)           │ (None, 7, 7, 2048)     │    23,587,712 │
├─────────────────────────────────┼────────────────────────┼───────────────┤
│ global_average_pooling2d        │ (None, 2048)           │             0 │
│ (GlobalAveragePooling2D)        │                        │               │
├─────────────────────────────────┼────────────────────────┼───────────────┤
│ dense (Dense)                   │ (None, 512)            │     1,049,088 │
├─────────────────────────────────┼────────────────────────┼───────────────┤
│ batch_normalization             │ (None, 512)            │         2,048 │
│ (BatchNormalization)            │                        │               │
├─────────────────────────────────┼────────────────────────┼───────────────┤
│ dropout (Dropout)               │ (None, 512)            │             0 │
├─────────────────────────────────┼────────────────────────┼───────────────┤
│ dense_1 (Dense)                 │ (None, 256)            │       131,328 │
├─────────────────────────────────┼────────────────────────┼───────────────┤
│ batch_normalization_1           │ (None, 256)            │         1,024 │
│ (BatchNormalization)            │                        │               │
├─────────────────────────────────┼────────────────────────┼───────────────┤
│ dropout_1 (Dropout)             │ (None, 256)            │             0 │
├─────────────────────────────────┼────────────────────────┼───────────────┤
│ engagement_predictions (Dense)  │ (None, 3)              │           771 │
└─────────────────────────────────┴────────────────────────┴───────────────┘
 Total params: 24,771,971 (94.50 MB)
 Trainable params: 1,182,723 (4.51 MB)
 Non-trainable params: 23,589,248 (89.99 MB)

2025-06-12 04:34:52,767 - INFO - ✅ Model validation passed
2025-06-12 04:34:52,768 - INFO - ✅ Emotion model loaded and validated: /app/apps/models/emotion_recognition_model.keras
2025-06-12 04:34:52,768 - INFO - ✅ Using emotion labels: ['Bored', 'Interested', 'Lacking_Focus']
2025-06-12 04:34:58,858 - INFO - ✅ Client connected
2025-06-12 04:35:00,544 - DEBUG - Image decoded successfully: (240, 320, 3)
2025-06-12 04:35:01,136 - DEBUG - Face preprocessed: shape=(224, 224, 3), range=[0.055, 0.906]
2025-06-12 04:35:01,137 - DEBUG - Detected 1 valid faces
2025-06-12 04:35:01,139 - DEBUG - Processing batch of 1 faces, shape: (1, 224, 224, 3)
2025-06-12 04:35:01,387 - INFO - 
Face 0 Prediction Analysis:
  Top Prediction: Lacking_Focus (0.588)
  Second Best: Interested (0.383)
  Prediction Stats:
    Mean: 0.333
    Std: 0.231
    Max: 0.588
    Min: 0.029
  All Predictions:
    Bored: 0.029
    Interested: 0.383
    Lacking_Focus: 0.588
2025-06-12 04:35:01,388 - DEBUG - 📦 Processed frame: 1 faces, 846.0ms
2025-06-12 04:35:01,519 - DEBUG - Image decoded successfully: (240, 320, 3)
2025-06-12 04:35:02,119 - DEBUG - Face preprocessed: shape=(224, 224, 3), range=[0.055, 0.886]
2025-06-12 04:35:02,120 - DEBUG - Detected 1 valid faces
2025-06-12 04:35:02,122 - DEBUG - Processing batch of 1 faces, shape: (1, 224, 224, 3)
2025-06-12 04:35:02,376 - INFO - 
Face 0 Prediction Analysis:
  Top Prediction: Lacking_Focus (0.588)
  Second Best: Interested (0.383)
  Prediction Stats:
    Mean: 0.333
    Std: 0.231
    Max: 0.588
    Min: 0.029
  All Predictions:
    Bored: 0.029
    Interested: 0.383
    Lacking_Focus: 0.588
2025-06-12 04:35:02,377 - DEBUG - 📦 Processed frame: 1 faces, 858.9ms
2025-06-12 04:35:02,574 - DEBUG - Image decoded successfully: (240, 320, 3)
2025-06-12 04:35:03,056 - DEBUG - Face preprocessed: shape=(224, 224, 3), range=[0.035, 0.886]
2025-06-12 04:35:03,057 - DEBUG - Detected 1 valid faces
2025-06-12 04:35:03,058 - DEBUG - Processing batch of 1 faces, shape: (1, 224, 224, 3)
2025-06-12 04:35:03,279 - INFO - 
Face 0 Prediction Analysis:
  Top Prediction: Lacking_Focus (0.590)
  Second Best: Interested (0.382)
  Prediction Stats:
    Mean: 0.333
    Std: 0.232
    Max: 0.590
    Min: 0.028
  All Predictions:
    Bored: 0.028
    Interested: 0.382
    Lacking_Focus: 0.590
2025-06-12 04:35:03,280 - DEBUG - 📦 Processed frame: 1 faces, 706.9ms
2025-06-12 04:35:03,392 - DEBUG - Image decoded successfully: (240, 320, 3)
2025-06-12 04:35:03,906 - DEBUG - Face preprocessed: shape=(224, 224, 3), range=[0.059, 0.882]
2025-06-12 04:35:03,907 - DEBUG - Detected 1 valid faces
2025-06-12 04:35:03,908 - DEBUG - Processing batch of 1 faces, shape: (1, 224, 224, 3)
2025-06-12 04:35:04,110 - INFO - 
Face 0 Prediction Analysis:
  Top Prediction: Lacking_Focus (0.594)
  Second Best: Interested (0.378)
  Prediction Stats:
    Mean: 0.333
    Std: 0.233
    Max: 0.594
    Min: 0.028
  All Predictions:
    Bored: 0.028
    Interested: 0.378
    Lacking_Focus: 0.594
2025-06-12 04:35:04,111 - DEBUG - 📦 Processed frame: 1 faces, 719.7ms
2025-06-12 04:35:04,236 - DEBUG - Image decoded successfully: (240, 320, 3)
2025-06-12 04:35:04,698 - DEBUG - Face preprocessed: shape=(224, 224, 3), range=[0.055, 0.922]
2025-06-12 04:35:04,699 - DEBUG - Detected 1 valid faces
2025-06-12 04:35:04,699 - DEBUG - Processing batch of 1 faces, shape: (1, 224, 224, 3)
2025-06-12 04:35:04,913 - INFO - 
Face 0 Prediction Analysis:
  Top Prediction: Lacking_Focus (0.593)
  Second Best: Interested (0.379)
  Prediction Stats:
    Mean: 0.333
    Std: 0.233
    Max: 0.593
    Min: 0.028
  All Predictions:
    Bored: 0.028
    Interested: 0.379
    Lacking_Focus: 0.593
2025-06-12 04:35:04,914 - DEBUG - 📦 Processed frame: 1 faces, 678.6ms
2025-06-12 04:35:04,981 - DEBUG - Image decoded successfully: (240, 320, 3)
2025-06-12 04:35:05,477 - DEBUG - Face preprocessed: shape=(224, 224, 3), range=[0.055, 0.878]
2025-06-12 04:35:05,478 - DEBUG - Detected 1 valid faces
2025-06-12 04:35:05,479 - DEBUG - Processing batch of 1 faces, shape: (1, 224, 224, 3)
2025-06-12 04:35:05,690 - INFO - 
Face 0 Prediction Analysis:
  Top Prediction: Lacking_Focus (0.592)
  Second Best: Interested (0.379)
  Prediction Stats:
    Mean: 0.333
    Std: 0.233
    Max: 0.592
    Min: 0.028
  All Predictions:
    Bored: 0.028
    Interested: 0.379
    Lacking_Focus: 0.592
2025-06-12 04:35:05,691 - DEBUG - 📦 Processed frame: 1 faces, 709.9ms
2025-06-12 04:35:05,833 - DEBUG - Image decoded successfully: (240, 320, 3)
2025-06-12 04:35:06,395 - DEBUG - Face preprocessed: shape=(224, 224, 3), range=[0.043, 0.898]
2025-06-12 04:35:06,396 - DEBUG - Detected 1 valid faces
2025-06-12 04:35:06,397 - DEBUG - Processing batch of 1 faces, shape: (1, 224, 224, 3)
2025-06-12 04:35:06,619 - INFO - 
Face 0 Prediction Analysis:
  Top Prediction: Lacking_Focus (0.592)
  Second Best: Interested (0.379)
  Prediction Stats:
    Mean: 0.333
    Std: 0.233
    Max: 0.592
    Min: 0.028
  All Predictions:
    Bored: 0.028
    Interested: 0.379
    Lacking_Focus: 0.592
2025-06-12 04:35:06,620 - DEBUG - 📦 Processed frame: 1 faces, 787.5ms
2025-06-12 04:35:06,677 - DEBUG - Image decoded successfully: (240, 320, 3)
2025-06-12 04:35:07,172 - DEBUG - Face preprocessed: shape=(224, 224, 3), range=[0.039, 0.878]
2025-06-12 04:35:07,173 - DEBUG - Detected 1 valid faces
2025-06-12 04:35:07,174 - DEBUG - Processing batch of 1 faces, shape: (1, 224, 224, 3)
2025-06-12 04:35:07,396 - INFO - 
Face 0 Prediction Analysis:
  Top Prediction: Lacking_Focus (0.595)
  Second Best: Interested (0.377)
  Prediction Stats:
    Mean: 0.333
    Std: 0.233
    Max: 0.595
    Min: 0.028
  All Predictions:
    Bored: 0.028
    Interested: 0.377
    Lacking_Focus: 0.595
2025-06-12 04:35:07,397 - DEBUG - 📦 Processed frame: 1 faces, 721.3ms
2025-06-12 04:35:07,541 - DEBUG - Image decoded successfully: (240, 320, 3)
2025-06-12 04:35:08,033 - DEBUG - Face preprocessed: shape=(224, 224, 3), range=[0.055, 0.882]
2025-06-12 04:35:08,033 - DEBUG - Detected 1 valid faces
2025-06-12 04:35:08,034 - DEBUG - Processing batch of 1 faces, shape: (1, 224, 224, 3)
2025-06-12 04:35:08,239 - INFO - 
Face 0 Prediction Analysis:
  Top Prediction: Lacking_Focus (0.590)
  Second Best: Interested (0.382)
  Prediction Stats:
    Mean: 0.333
    Std: 0.232
    Max: 0.590
    Min: 0.028
  All Predictions:
    Bored: 0.028
    Interested: 0.382
    Lacking_Focus: 0.590
2025-06-12 04:35:08,240 - DEBUG - 📦 Processed frame: 1 faces, 700.3ms
2025-06-12 04:35:08,286 - DEBUG - Image decoded successfully: (240, 320, 3)
2025-06-12 04:35:08,807 - DEBUG - Face preprocessed: shape=(224, 224, 3), range=[0.051, 0.898]
2025-06-12 04:35:08,807 - DEBUG - Detected 1 valid faces
2025-06-12 04:35:08,808 - DEBUG - Processing batch of 1 faces, shape: (1, 224, 224, 3)
2025-06-12 04:35:09,033 - INFO - 
Face 0 Prediction Analysis:
  Top Prediction: Lacking_Focus (0.594)
  Second Best: Interested (0.378)
  Prediction Stats:
    Mean: 0.333
    Std: 0.233
    Max: 0.594
    Min: 0.028
  All Predictions:
    Bored: 0.028
    Interested: 0.378
    Lacking_Focus: 0.594
2025-06-12 04:35:09,034 - DEBUG - 📦 Processed frame: 1 faces, 748.9ms
2025-06-12 04:35:11,892 - INFO - ❌ Client disconnected
2025-06-12 04:35:11,893 - INFO - Disconnect reason: disconnect
2025-06-12 04:35:22,767 - INFO - ✅ Face detection model initialized
2025-06-12 04:35:26,713 - INFO - Model output shape: (1, 3)
2025-06-12 04:35:26,714 - INFO - Expected classes: 3
2025-06-12 04:35:26,715 - INFO - Model output classes: 3
2025-06-12 04:35:26,715 - INFO - Test output sum: 1.0000
2025-06-12 04:35:26,735 - INFO - Model architecture:
Model: "Resnet50_Engagement_Classifier"
┏━━━━━━━━━━━━━━━━━━━━━━━━━━━━━━━━━┳━━━━━━━━━━━━━━━━━━━━━━━━┳━━━━━━━━━━━━━━━┓
┃ Layer (type)                    ┃ Output Shape           ┃       Param # ┃
┡━━━━━━━━━━━━━━━━━━━━━━━━━━━━━━━━━╇━━━━━━━━━━━━━━━━━━━━━━━━╇━━━━━━━━━━━━━━━┩
│ input_image (InputLayer)        │ (None, 224, 224, 3)    │             0 │
├─────────────────────────────────┼────────────────────────┼───────────────┤
│ resnet50 (Functional)           │ (None, 7, 7, 2048)     │    23,587,712 │
├─────────────────────────────────┼────────────────────────┼───────────────┤
│ global_average_pooling2d        │ (None, 2048)           │             0 │
│ (GlobalAveragePooling2D)        │                        │               │
├─────────────────────────────────┼────────────────────────┼───────────────┤
│ dense (Dense)                   │ (None, 512)            │     1,049,088 │
├─────────────────────────────────┼────────────────────────┼───────────────┤
│ batch_normalization             │ (None, 512)            │         2,048 │
│ (BatchNormalization)            │                        │               │
├─────────────────────────────────┼────────────────────────┼───────────────┤
│ dropout (Dropout)               │ (None, 512)            │             0 │
├─────────────────────────────────┼────────────────────────┼───────────────┤
│ dense_1 (Dense)                 │ (None, 256)            │       131,328 │
├─────────────────────────────────┼────────────────────────┼───────────────┤
│ batch_normalization_1           │ (None, 256)            │         1,024 │
│ (BatchNormalization)            │                        │               │
├─────────────────────────────────┼────────────────────────┼───────────────┤
│ dropout_1 (Dropout)             │ (None, 256)            │             0 │
├─────────────────────────────────┼────────────────────────┼───────────────┤
│ engagement_predictions (Dense)  │ (None, 3)              │           771 │
└─────────────────────────────────┴────────────────────────┴───────────────┘
 Total params: 24,771,971 (94.50 MB)
 Trainable params: 1,182,723 (4.51 MB)
 Non-trainable params: 23,589,248 (89.99 MB)

2025-06-12 04:35:26,736 - INFO - ✅ Model validation passed
2025-06-12 04:35:26,737 - INFO - ✅ Emotion model loaded and validated: /app/apps/models/emotion_recognition_model.keras
2025-06-12 04:35:26,737 - INFO - ✅ Using emotion labels: ['Bored', 'Interested', 'Lacking_Focus']
2025-06-12 04:36:16,928 - INFO - ✅ Client connected
2025-06-12 04:36:25,568 - DEBUG - Image decoded successfully: (240, 320, 3)
2025-06-12 04:36:26,243 - DEBUG - Face preprocessed: shape=(224, 224, 3), range=[-99.680, 112.061], mean=-12.047
2025-06-12 04:36:26,244 - DEBUG - Detected 1 valid faces
2025-06-12 04:36:26,245 - DEBUG - Processing batch of 1 faces, shape: (1, 224, 224, 3)
2025-06-12 04:36:26,465 - INFO - 
Face 0 Prediction Analysis:
  Top Prediction: Interested (0.621)
  Second Best: Bored (0.303)
  Prediction Stats:
    Mean: 0.333
    Std: 0.224
    Max: 0.621
    Min: 0.075
  All Predictions:
    Bored: 0.303
    Interested: 0.621
    Lacking_Focus: 0.075
2025-06-12 04:36:26,465 - DEBUG - 📦 Processed frame: 1 faces, 898.4ms
2025-06-12 04:36:26,517 - DEBUG - Image decoded successfully: (240, 320, 3)
2025-06-12 04:36:27,098 - DEBUG - Face preprocessed: shape=(224, 224, 3), range=[-103.779, 111.061], mean=-12.854
2025-06-12 04:36:27,099 - DEBUG - Detected 1 valid faces
2025-06-12 04:36:27,100 - DEBUG - Processing batch of 1 faces, shape: (1, 224, 224, 3)
2025-06-12 04:36:27,424 - INFO - 
Face 0 Prediction Analysis:
  Top Prediction: Interested (0.516)
  Second Best: Bored (0.326)
  Prediction Stats:
    Mean: 0.333
    Std: 0.147
    Max: 0.516
    Min: 0.158
  All Predictions:
    Bored: 0.326
    Interested: 0.516
    Lacking_Focus: 0.158
2025-06-12 04:36:27,425 - DEBUG - 📦 Processed frame: 1 faces, 908.8ms
2025-06-12 04:36:27,597 - DEBUG - Image decoded successfully: (240, 320, 3)
2025-06-12 04:36:28,165 - DEBUG - Face preprocessed: shape=(224, 224, 3), range=[-101.939, 121.061], mean=-9.859
2025-06-12 04:36:28,165 - DEBUG - Detected 1 valid faces
2025-06-12 04:36:28,166 - DEBUG - Processing batch of 1 faces, shape: (1, 224, 224, 3)
2025-06-12 04:36:28,592 - INFO - 
Face 0 Prediction Analysis:
  Top Prediction: Bored (0.682)
  Second Best: Interested (0.214)
  Prediction Stats:
    Mean: 0.333
    Std: 0.251
    Max: 0.682
    Min: 0.104
  All Predictions:
    Bored: 0.682
    Interested: 0.214
    Lacking_Focus: 0.104
2025-06-12 04:36:28,594 - DEBUG - 📦 Processed frame: 1 faces, 997.0ms
2025-06-12 04:36:28,819 - DEBUG - Image decoded successfully: (240, 320, 3)
2025-06-12 04:36:29,386 - DEBUG - Face preprocessed: shape=(224, 224, 3), range=[-99.680, 125.061], mean=-10.211
2025-06-12 04:36:29,387 - DEBUG - Detected 1 valid faces
2025-06-12 04:36:29,388 - DEBUG - Processing batch of 1 faces, shape: (1, 224, 224, 3)
2025-06-12 04:36:29,776 - INFO - 
Face 0 Prediction Analysis:
  Top Prediction: Bored (0.467)
  Second Best: Lacking_Focus (0.298)
  Prediction Stats:
    Mean: 0.333
    Std: 0.098
    Max: 0.467
    Min: 0.235
  All Predictions:
    Bored: 0.467
    Interested: 0.235
    Lacking_Focus: 0.298
2025-06-12 04:36:29,777 - DEBUG - 📦 Processed frame: 1 faces, 958.1ms
2025-06-12 04:36:29,885 - DEBUG - Image decoded successfully: (240, 320, 3)
2025-06-12 04:36:30,439 - DEBUG - Face preprocessed: shape=(224, 224, 3), range=[-107.680, 124.061], mean=-8.798
2025-06-12 04:36:30,440 - DEBUG - Detected 1 valid faces
2025-06-12 04:36:30,440 - DEBUG - Processing batch of 1 faces, shape: (1, 224, 224, 3)
2025-06-12 04:36:30,709 - INFO - 
Face 0 Prediction Analysis:
  Top Prediction: Bored (0.514)
  Second Best: Interested (0.443)
  Prediction Stats:
    Mean: 0.333
    Std: 0.207
    Max: 0.514
    Min: 0.044
  All Predictions:
    Bored: 0.514
    Interested: 0.443
    Lacking_Focus: 0.044
2025-06-12 04:36:30,710 - INFO - Face 0: Switched to Interested due to threshold
2025-06-12 04:36:30,711 - DEBUG - 📦 Processed frame: 1 faces, 826.7ms
2025-06-12 04:36:30,840 - DEBUG - Image decoded successfully: (240, 320, 3)
2025-06-12 04:36:31,528 - DEBUG - Face preprocessed: shape=(224, 224, 3), range=[-96.779, 122.061], mean=-10.926
2025-06-12 04:36:31,529 - DEBUG - Detected 1 valid faces
2025-06-12 04:36:31,530 - DEBUG - Processing batch of 1 faces, shape: (1, 224, 224, 3)
2025-06-12 04:36:31,935 - INFO - 
Face 0 Prediction Analysis:
  Top Prediction: Interested (0.483)
  Second Best: Bored (0.432)
  Prediction Stats:
    Mean: 0.333
    Std: 0.177
    Max: 0.483
    Min: 0.085
  All Predictions:
    Bored: 0.432
    Interested: 0.483
    Lacking_Focus: 0.085
2025-06-12 04:36:31,936 - DEBUG - 📦 Processed frame: 1 faces, 1096.9ms
2025-06-12 04:36:32,104 - DEBUG - Image decoded successfully: (240, 320, 3)
2025-06-12 04:36:32,738 - DEBUG - Face preprocessed: shape=(224, 224, 3), range=[-102.779, 124.061], mean=-9.838
2025-06-12 04:36:32,739 - DEBUG - Detected 1 valid faces
2025-06-12 04:36:32,740 - DEBUG - Processing batch of 1 faces, shape: (1, 224, 224, 3)
2025-06-12 04:36:33,143 - INFO - 
Face 0 Prediction Analysis:
  Top Prediction: Interested (0.454)
  Second Best: Bored (0.405)
  Prediction Stats:
    Mean: 0.333
    Std: 0.138
    Max: 0.454
    Min: 0.141
  All Predictions:
    Bored: 0.405
    Interested: 0.454
    Lacking_Focus: 0.141
2025-06-12 04:36:33,145 - DEBUG - 📦 Processed frame: 1 faces, 1040.8ms
2025-06-12 04:36:33,376 - DEBUG - Image decoded successfully: (240, 320, 3)
2025-06-12 04:36:34,031 - DEBUG - Face preprocessed: shape=(224, 224, 3), range=[-101.779, 132.061], mean=-7.742
2025-06-12 04:36:34,032 - DEBUG - Detected 1 valid faces
2025-06-12 04:36:34,033 - DEBUG - Processing batch of 1 faces, shape: (1, 224, 224, 3)
2025-06-12 04:36:34,458 - INFO - 
Face 0 Prediction Analysis:
  Top Prediction: Bored (0.524)
  Second Best: Interested (0.329)
  Prediction Stats:
    Mean: 0.333
    Std: 0.154
    Max: 0.524
    Min: 0.147
  All Predictions:
    Bored: 0.524
    Interested: 0.329
    Lacking_Focus: 0.147
2025-06-12 04:36:34,459 - DEBUG - 📦 Processed frame: 1 faces, 1083.4ms
2025-06-12 04:36:34,651 - DEBUG - Image decoded successfully: (240, 320, 3)
2025-06-12 04:36:35,270 - DEBUG - Face preprocessed: shape=(224, 224, 3), range=[-114.680, 131.061], mean=-9.893
2025-06-12 04:36:35,270 - DEBUG - Detected 1 valid faces
2025-06-12 04:36:35,271 - DEBUG - Processing batch of 1 faces, shape: (1, 224, 224, 3)
2025-06-12 04:36:35,663 - INFO - 
Face 0 Prediction Analysis:
  Top Prediction: Bored (0.486)
  Second Best: Interested (0.381)
  Prediction Stats:
    Mean: 0.333
    Std: 0.148
    Max: 0.486
    Min: 0.133
  All Predictions:
    Bored: 0.486
    Interested: 0.381
    Lacking_Focus: 0.133
2025-06-12 04:36:35,664 - DEBUG - 📦 Processed frame: 1 faces, 1014.2ms
2025-06-12 04:36:35,923 - DEBUG - Image decoded successfully: (240, 320, 3)
2025-06-12 04:36:36,426 - DEBUG - Face preprocessed: shape=(224, 224, 3), range=[-99.680, 128.061], mean=-7.587
2025-06-12 04:36:36,426 - DEBUG - Detected 1 valid faces
2025-06-12 04:36:36,427 - DEBUG - Processing batch of 1 faces, shape: (1, 224, 224, 3)
2025-06-12 04:36:36,811 - INFO - 
Face 0 Prediction Analysis:
  Top Prediction: Interested (0.476)
  Second Best: Bored (0.313)
  Prediction Stats:
    Mean: 0.333
    Std: 0.109
    Max: 0.476
    Min: 0.211
  All Predictions:
    Bored: 0.313
    Interested: 0.476
    Lacking_Focus: 0.211
2025-06-12 04:36:36,813 - DEBUG - 📦 Processed frame: 1 faces, 890.1ms
2025-06-12 04:36:36,995 - DEBUG - Image decoded successfully: (240, 320, 3)
2025-06-12 04:36:37,553 - DEBUG - Face preprocessed: shape=(224, 224, 3), range=[-107.680, 128.061], mean=-12.835
2025-06-12 04:36:37,553 - DEBUG - Detected 1 valid faces
2025-06-12 04:36:37,554 - DEBUG - Processing batch of 1 faces, shape: (1, 224, 224, 3)
2025-06-12 04:36:37,847 - INFO - 
Face 0 Prediction Analysis:
  Top Prediction: Bored (0.392)
  Second Best: Interested (0.323)
  Prediction Stats:
    Mean: 0.333
    Std: 0.044
    Max: 0.392
    Min: 0.285
  All Predictions:
    Bored: 0.392
    Interested: 0.323
    Lacking_Focus: 0.285
2025-06-12 04:36:37,849 - DEBUG - 📦 Processed frame: 1 faces, 854.1ms
2025-06-12 04:36:37,952 - DEBUG - Image decoded successfully: (240, 320, 3)
2025-06-12 04:36:38,542 - DEBUG - Face preprocessed: shape=(224, 224, 3), range=[-98.779, 131.061], mean=-7.856
2025-06-12 04:36:38,543 - DEBUG - Detected 1 valid faces
2025-06-12 04:36:38,544 - DEBUG - Processing batch of 1 faces, shape: (1, 224, 224, 3)
2025-06-12 04:36:38,856 - INFO - 
Face 0 Prediction Analysis:
  Top Prediction: Bored (0.595)
  Second Best: Interested (0.313)
  Prediction Stats:
    Mean: 0.333
    Std: 0.206
    Max: 0.595
    Min: 0.092
  All Predictions:
    Bored: 0.595
    Interested: 0.313
    Lacking_Focus: 0.092
2025-06-12 04:36:38,858 - DEBUG - 📦 Processed frame: 1 faces, 907.1ms
2025-06-12 04:36:38,996 - DEBUG - Image decoded successfully: (240, 320, 3)
2025-06-12 04:36:39,626 - DEBUG - Face preprocessed: shape=(224, 224, 3), range=[-99.680, 135.061], mean=-8.459
2025-06-12 04:36:39,626 - DEBUG - Detected 1 valid faces
2025-06-12 04:36:39,628 - DEBUG - Processing batch of 1 faces, shape: (1, 224, 224, 3)
2025-06-12 04:36:39,936 - INFO - 
Face 0 Prediction Analysis:
  Top Prediction: Interested (0.481)
  Second Best: Lacking_Focus (0.370)
  Prediction Stats:
    Mean: 0.333
    Std: 0.138
    Max: 0.481
    Min: 0.149
  All Predictions:
    Bored: 0.149
    Interested: 0.481
    Lacking_Focus: 0.370
2025-06-12 04:36:39,937 - DEBUG - 📦 Processed frame: 1 faces, 942.1ms
2025-06-12 04:36:40,133 - DEBUG - Image decoded successfully: (240, 320, 3)
2025-06-12 04:36:40,807 - DEBUG - Face preprocessed: shape=(224, 224, 3), range=[-101.779, 134.061], mean=-7.162
2025-06-12 04:36:40,808 - DEBUG - Detected 1 valid faces
2025-06-12 04:36:40,808 - DEBUG - Processing batch of 1 faces, shape: (1, 224, 224, 3)
2025-06-12 04:36:41,127 - INFO - 
Face 0 Prediction Analysis:
  Top Prediction: Lacking_Focus (0.420)
  Second Best: Interested (0.372)
  Prediction Stats:
    Mean: 0.333
    Std: 0.090
    Max: 0.420
    Min: 0.209
  All Predictions:
    Bored: 0.209
    Interested: 0.372
    Lacking_Focus: 0.420
2025-06-12 04:36:41,127 - DEBUG - 📦 Processed frame: 1 faces, 995.2ms
2025-06-12 04:36:41,250 - DEBUG - Image decoded successfully: (240, 320, 3)
2025-06-12 04:36:41,851 - DEBUG - Face preprocessed: shape=(224, 224, 3), range=[-97.779, 132.061], mean=-7.622
2025-06-12 04:36:41,852 - DEBUG - Detected 1 valid faces
2025-06-12 04:36:41,853 - DEBUG - Processing batch of 1 faces, shape: (1, 224, 224, 3)
2025-06-12 04:36:42,169 - INFO - 
Face 0 Prediction Analysis:
  Top Prediction: Lacking_Focus (0.460)
  Second Best: Interested (0.431)
  Prediction Stats:
    Mean: 0.333
    Std: 0.159
    Max: 0.460
    Min: 0.109
  All Predictions:
    Bored: 0.109
    Interested: 0.431
    Lacking_Focus: 0.460
2025-06-12 04:36:42,170 - INFO - Face 0: Switched to Interested due to threshold
2025-06-12 04:36:42,171 - DEBUG - 📦 Processed frame: 1 faces, 922.3ms
2025-06-12 04:36:42,293 - DEBUG - Image decoded successfully: (240, 320, 3)
2025-06-12 04:36:42,816 - DEBUG - Face preprocessed: shape=(224, 224, 3), range=[-101.779, 133.061], mean=-6.568
2025-06-12 04:36:42,818 - DEBUG - Detected 1 valid faces
2025-06-12 04:36:42,819 - DEBUG - Processing batch of 1 faces, shape: (1, 224, 224, 3)
2025-06-12 04:36:43,285 - INFO - 
Face 0 Prediction Analysis:
  Top Prediction: Lacking_Focus (0.541)
  Second Best: Interested (0.325)
  Prediction Stats:
    Mean: 0.333
    Std: 0.166
    Max: 0.541
    Min: 0.134
  All Predictions:
    Bored: 0.134
    Interested: 0.325
    Lacking_Focus: 0.541
2025-06-12 04:36:43,286 - DEBUG - 📦 Processed frame: 1 faces, 993.4ms
2025-06-12 04:36:43,444 - DEBUG - Image decoded successfully: (240, 320, 3)
2025-06-12 04:36:44,185 - DEBUG - Face preprocessed: shape=(224, 224, 3), range=[-104.779, 133.061], mean=-6.616
2025-06-12 04:36:44,189 - DEBUG - Detected 1 valid faces
2025-06-12 04:36:44,198 - DEBUG - Processing batch of 1 faces, shape: (1, 224, 224, 3)
2025-06-12 04:36:44,719 - INFO - 
Face 0 Prediction Analysis:
  Top Prediction: Lacking_Focus (0.607)
  Second Best: Interested (0.321)
  Prediction Stats:
    Mean: 0.333
    Std: 0.218
    Max: 0.607
    Min: 0.073
  All Predictions:
    Bored: 0.073
    Interested: 0.321
    Lacking_Focus: 0.607
2025-06-12 04:36:44,721 - DEBUG - 📦 Processed frame: 1 faces, 1276.9ms
2025-06-12 04:36:44,991 - DEBUG - Image decoded successfully: (240, 320, 3)
2025-06-12 04:36:45,846 - DEBUG - Face preprocessed: shape=(224, 224, 3), range=[-103.779, 132.061], mean=-5.839
2025-06-12 04:36:45,847 - DEBUG - Detected 1 valid faces
2025-06-12 04:36:45,849 - DEBUG - Processing batch of 1 faces, shape: (1, 224, 224, 3)
2025-06-12 04:36:46,392 - INFO - 
Face 0 Prediction Analysis:
  Top Prediction: Lacking_Focus (0.575)
  Second Best: Interested (0.303)
  Prediction Stats:
    Mean: 0.333
    Std: 0.186
    Max: 0.575
    Min: 0.122
  All Predictions:
    Bored: 0.122
    Interested: 0.303
    Lacking_Focus: 0.575
2025-06-12 04:36:46,395 - DEBUG - 📦 Processed frame: 1 faces, 1404.5ms
2025-06-12 04:36:46,677 - DEBUG - Image decoded successfully: (240, 320, 3)
2025-06-12 04:36:45,743 - DEBUG - Face preprocessed: shape=(224, 224, 3), range=[-102.779, 109.061], mean=-8.371
2025-06-12 04:36:45,744 - DEBUG - Detected 1 valid faces
2025-06-12 04:36:45,745 - DEBUG - Processing batch of 1 faces, shape: (1, 224, 224, 3)
2025-06-12 04:36:46,099 - INFO - 
Face 0 Prediction Analysis:
  Top Prediction: Interested (0.472)
  Second Best: Lacking_Focus (0.392)
  Prediction Stats:
    Mean: 0.333
    Std: 0.143
    Max: 0.472
    Min: 0.136
  All Predictions:
    Bored: 0.136
    Interested: 0.472
    Lacking_Focus: 0.392
2025-06-12 04:36:46,100 - DEBUG - 📦 Processed frame: 1 faces, -576.0ms
2025-06-12 04:36:46,230 - DEBUG - Image decoded successfully: (240, 320, 3)
2025-06-12 04:36:46,853 - DEBUG - Face preprocessed: shape=(224, 224, 3), range=[-108.680, 128.061], mean=-9.337
2025-06-12 04:36:46,854 - DEBUG - Detected 1 valid faces
2025-06-12 04:36:46,855 - DEBUG - Processing batch of 1 faces, shape: (1, 224, 224, 3)
2025-06-12 04:36:47,139 - INFO - 
Face 0 Prediction Analysis:
  Top Prediction: Interested (0.550)
  Second Best: Lacking_Focus (0.289)
  Prediction Stats:
    Mean: 0.333
    Std: 0.162
    Max: 0.550
    Min: 0.161
  All Predictions:
    Bored: 0.161
    Interested: 0.550
    Lacking_Focus: 0.289
2025-06-12 04:36:47,140 - DEBUG - 📦 Processed frame: 1 faces, 911.3ms
2025-06-12 04:36:47,167 - DEBUG - Image decoded successfully: (240, 320, 3)
2025-06-12 04:36:47,766 - DEBUG - Face preprocessed: shape=(224, 224, 3), range=[-107.680, 133.061], mean=-8.187
2025-06-12 04:36:47,767 - DEBUG - Detected 1 valid faces
2025-06-12 04:36:47,768 - DEBUG - Processing batch of 1 faces, shape: (1, 224, 224, 3)
2025-06-12 04:36:48,090 - INFO - 
Face 0 Prediction Analysis:
  Top Prediction: Interested (0.493)
  Second Best: Lacking_Focus (0.358)
  Prediction Stats:
    Mean: 0.333
    Std: 0.142
    Max: 0.493
    Min: 0.149
  All Predictions:
    Bored: 0.149
    Interested: 0.493
    Lacking_Focus: 0.358
2025-06-12 04:36:48,091 - DEBUG - 📦 Processed frame: 1 faces, 925.4ms
2025-06-12 04:36:48,300 - DEBUG - Image decoded successfully: (240, 320, 3)
2025-06-12 04:36:48,924 - DEBUG - Face preprocessed: shape=(224, 224, 3), range=[-97.779, 132.061], mean=-7.699
2025-06-12 04:36:48,925 - DEBUG - Detected 1 valid faces
2025-06-12 04:36:48,926 - DEBUG - Processing batch of 1 faces, shape: (1, 224, 224, 3)
2025-06-12 04:36:49,305 - INFO - 
Face 0 Prediction Analysis:
  Top Prediction: Lacking_Focus (0.511)
  Second Best: Interested (0.301)
  Prediction Stats:
    Mean: 0.333
    Std: 0.134
    Max: 0.511
    Min: 0.189
  All Predictions:
    Bored: 0.189
    Interested: 0.301
    Lacking_Focus: 0.511
2025-06-12 04:36:49,306 - DEBUG - 📦 Processed frame: 1 faces, 1007.1ms
2025-06-12 04:36:49,393 - DEBUG - Image decoded successfully: (240, 320, 3)
2025-06-12 04:36:50,008 - DEBUG - Face preprocessed: shape=(224, 224, 3), range=[-107.680, 130.061], mean=-8.021
2025-06-12 04:36:50,009 - DEBUG - Detected 1 valid faces
2025-06-12 04:36:50,010 - DEBUG - Processing batch of 1 faces, shape: (1, 224, 224, 3)
2025-06-12 04:36:50,335 - INFO - 
Face 0 Prediction Analysis:
  Top Prediction: Interested (0.431)
  Second Best: Lacking_Focus (0.389)
  Prediction Stats:
    Mean: 0.333
    Std: 0.110
    Max: 0.431
    Min: 0.180
  All Predictions:
    Bored: 0.180
    Interested: 0.431
    Lacking_Focus: 0.389
2025-06-12 04:36:50,336 - DEBUG - 📦 Processed frame: 1 faces, 943.3ms
2025-06-12 04:36:50,460 - DEBUG - Image decoded successfully: (240, 320, 3)
2025-06-12 04:36:50,995 - DEBUG - Face preprocessed: shape=(224, 224, 3), range=[-99.680, 126.061], mean=-7.335
2025-06-12 04:36:50,996 - DEBUG - Detected 1 valid faces
2025-06-12 04:36:50,997 - DEBUG - Processing batch of 1 faces, shape: (1, 224, 224, 3)
2025-06-12 04:36:51,414 - INFO - 
Face 0 Prediction Analysis:
  Top Prediction: Lacking_Focus (0.467)
  Second Best: Interested (0.328)
  Prediction Stats:
    Mean: 0.333
    Std: 0.107
    Max: 0.467
    Min: 0.205
  All Predictions:
    Bored: 0.205
    Interested: 0.328
    Lacking_Focus: 0.467
2025-06-12 04:36:51,415 - DEBUG - 📦 Processed frame: 1 faces, 955.6ms
2025-06-12 04:36:51,562 - DEBUG - Image decoded successfully: (240, 320, 3)
2025-06-12 04:36:52,132 - DEBUG - Face preprocessed: shape=(224, 224, 3), range=[-100.680, 129.061], mean=-9.649
2025-06-12 04:36:52,132 - DEBUG - Detected 1 valid faces
2025-06-12 04:36:52,133 - DEBUG - Processing batch of 1 faces, shape: (1, 224, 224, 3)
2025-06-12 04:36:52,561 - INFO - 
Face 0 Prediction Analysis:
  Top Prediction: Lacking_Focus (0.554)
  Second Best: Interested (0.340)
  Prediction Stats:
    Mean: 0.333
    Std: 0.183
    Max: 0.554
    Min: 0.106
  All Predictions:
    Bored: 0.106
    Interested: 0.340
    Lacking_Focus: 0.554
2025-06-12 04:36:52,562 - DEBUG - 📦 Processed frame: 1 faces, 1000.9ms
2025-06-12 04:36:52,775 - DEBUG - Image decoded successfully: (240, 320, 3)
2025-06-12 04:36:53,280 - DEBUG - Face preprocessed: shape=(224, 224, 3), range=[-97.939, 134.061], mean=-9.409
2025-06-12 04:36:53,281 - DEBUG - Detected 1 valid faces
2025-06-12 04:36:53,282 - DEBUG - Processing batch of 1 faces, shape: (1, 224, 224, 3)
2025-06-12 04:36:53,632 - INFO - 
Face 0 Prediction Analysis:
  Top Prediction: Bored (0.372)
  Second Best: Lacking_Focus (0.331)
  Prediction Stats:
    Mean: 0.333
    Std: 0.031
    Max: 0.372
    Min: 0.297
  All Predictions:
    Bored: 0.372
    Interested: 0.297
    Lacking_Focus: 0.331
2025-06-12 04:36:53,633 - DEBUG - 📦 Processed frame: 1 faces, 858.5ms
2025-06-12 04:36:53,785 - DEBUG - Image decoded successfully: (240, 320, 3)
2025-06-12 04:36:54,322 - DEBUG - Face preprocessed: shape=(224, 224, 3), range=[-102.680, 129.061], mean=-12.945
2025-06-12 04:36:54,322 - DEBUG - Detected 1 valid faces
2025-06-12 04:36:54,323 - DEBUG - Processing batch of 1 faces, shape: (1, 224, 224, 3)
2025-06-12 04:36:54,676 - INFO - 
Face 0 Prediction Analysis:
  Top Prediction: Bored (0.548)
  Second Best: Lacking_Focus (0.285)
  Prediction Stats:
    Mean: 0.333
    Std: 0.159
    Max: 0.548
    Min: 0.167
  All Predictions:
    Bored: 0.548
    Interested: 0.167
    Lacking_Focus: 0.285
2025-06-12 04:36:54,679 - DEBUG - 📦 Processed frame: 1 faces, 894.9ms
2025-06-12 04:36:54,855 - DEBUG - Image decoded successfully: (240, 320, 3)
2025-06-12 04:36:55,389 - DEBUG - Face preprocessed: shape=(224, 224, 3), range=[-98.779, 135.061], mean=-9.112
2025-06-12 04:36:55,390 - DEBUG - Detected 1 valid faces
2025-06-12 04:36:55,392 - DEBUG - Processing batch of 1 faces, shape: (1, 224, 224, 3)
2025-06-12 04:36:55,667 - INFO - 
Face 0 Prediction Analysis:
  Top Prediction: Lacking_Focus (0.492)
  Second Best: Bored (0.361)
  Prediction Stats:
    Mean: 0.333
    Std: 0.142
    Max: 0.492
    Min: 0.147
  All Predictions:
    Bored: 0.361
    Interested: 0.147
    Lacking_Focus: 0.492
2025-06-12 04:36:55,667 - DEBUG - 📦 Processed frame: 1 faces, 813.2ms
2025-06-12 04:36:55,756 - DEBUG - Image decoded successfully: (240, 320, 3)
2025-06-12 04:36:56,295 - DEBUG - Face preprocessed: shape=(224, 224, 3), range=[-102.939, 128.061], mean=-8.330
2025-06-12 04:36:56,296 - DEBUG - Detected 1 valid faces
2025-06-12 04:36:56,298 - DEBUG - Processing batch of 1 faces, shape: (1, 224, 224, 3)
2025-06-12 04:36:56,652 - INFO - 
Face 0 Prediction Analysis:
  Top Prediction: Interested (0.493)
  Second Best: Bored (0.275)
  Prediction Stats:
    Mean: 0.333
    Std: 0.114
    Max: 0.493
    Min: 0.232
  All Predictions:
    Bored: 0.275
    Interested: 0.493
    Lacking_Focus: 0.232
2025-06-12 04:36:56,653 - DEBUG - 📦 Processed frame: 1 faces, 897.8ms
2025-06-12 04:36:56,809 - DEBUG - Image decoded successfully: (240, 320, 3)
2025-06-12 04:36:57,327 - DEBUG - Face preprocessed: shape=(224, 224, 3), range=[-99.680, 136.061], mean=-9.145
2025-06-12 04:36:57,327 - DEBUG - Detected 1 valid faces
2025-06-12 04:36:57,328 - DEBUG - Processing batch of 1 faces, shape: (1, 224, 224, 3)
2025-06-12 04:36:57,672 - INFO - 
Face 0 Prediction Analysis:
  Top Prediction: Interested (0.499)
  Second Best: Bored (0.312)
  Prediction Stats:
    Mean: 0.333
    Std: 0.127
    Max: 0.499
    Min: 0.190
  All Predictions:
    Bored: 0.312
    Interested: 0.499
    Lacking_Focus: 0.190
2025-06-12 04:36:57,673 - DEBUG - 📦 Processed frame: 1 faces, 864.4ms
2025-06-12 04:36:57,781 - DEBUG - Image decoded successfully: (240, 320, 3)
2025-06-12 04:36:58,330 - DEBUG - Face preprocessed: shape=(224, 224, 3), range=[-102.779, 136.061], mean=-8.186
2025-06-12 04:36:58,331 - DEBUG - Detected 1 valid faces
2025-06-12 04:36:58,332 - DEBUG - Processing batch of 1 faces, shape: (1, 224, 224, 3)
2025-06-12 04:36:58,707 - INFO - 
Face 0 Prediction Analysis:
  Top Prediction: Interested (0.383)
  Second Best: Bored (0.328)
  Prediction Stats:
    Mean: 0.333
    Std: 0.039
    Max: 0.383
    Min: 0.288
  All Predictions:
    Bored: 0.328
    Interested: 0.383
    Lacking_Focus: 0.288
2025-06-12 04:36:58,708 - DEBUG - 📦 Processed frame: 1 faces, 927.6ms
2025-06-12 04:36:58,848 - DEBUG - Image decoded successfully: (240, 320, 3)
2025-06-12 04:36:59,454 - DEBUG - Face preprocessed: shape=(224, 224, 3), range=[-102.680, 136.061], mean=-8.409
2025-06-12 04:36:59,455 - DEBUG - Detected 1 valid faces
2025-06-12 04:36:59,456 - DEBUG - Processing batch of 1 faces, shape: (1, 224, 224, 3)
2025-06-12 04:36:59,900 - INFO - 
Face 0 Prediction Analysis:
  Top Prediction: Bored (0.438)
  Second Best: Interested (0.295)
  Prediction Stats:
    Mean: 0.333
    Std: 0.075
    Max: 0.438
    Min: 0.266
  All Predictions:
    Bored: 0.438
    Interested: 0.295
    Lacking_Focus: 0.266
2025-06-12 04:36:59,901 - DEBUG - 📦 Processed frame: 1 faces, 1054.0ms
2025-06-12 04:37:00,193 - DEBUG - Image decoded successfully: (240, 320, 3)
2025-06-12 04:37:00,635 - DEBUG - Face preprocessed: shape=(224, 224, 3), range=[-100.680, 132.061], mean=-8.804
2025-06-12 04:37:00,635 - DEBUG - Detected 1 valid faces
2025-06-12 04:37:00,636 - DEBUG - Processing batch of 1 faces, shape: (1, 224, 224, 3)
2025-06-12 04:37:01,051 - INFO - 
Face 0 Prediction Analysis:
  Top Prediction: Lacking_Focus (0.466)
  Second Best: Bored (0.327)
  Prediction Stats:
    Mean: 0.333
    Std: 0.105
    Max: 0.466
    Min: 0.208
  All Predictions:
    Bored: 0.327
    Interested: 0.208
    Lacking_Focus: 0.466
2025-06-12 04:37:01,053 - DEBUG - 📦 Processed frame: 1 faces, 860.3ms
2025-06-12 04:37:01,194 - DEBUG - Image decoded successfully: (240, 320, 3)
2025-06-12 04:37:01,747 - DEBUG - Face preprocessed: shape=(224, 224, 3), range=[-98.680, 143.061], mean=-7.689
2025-06-12 04:37:01,748 - DEBUG - Detected 1 valid faces
2025-06-12 04:37:01,749 - DEBUG - Processing batch of 1 faces, shape: (1, 224, 224, 3)
2025-06-12 04:37:02,166 - INFO - 
Face 0 Prediction Analysis:
  Top Prediction: Bored (0.418)
  Second Best: Lacking_Focus (0.332)
  Prediction Stats:
    Mean: 0.333
    Std: 0.069
    Max: 0.418
    Min: 0.250
  All Predictions:
    Bored: 0.418
    Interested: 0.250
    Lacking_Focus: 0.332
2025-06-12 04:37:02,167 - DEBUG - 📦 Processed frame: 1 faces, 974.0ms
2025-06-12 04:37:02,251 - DEBUG - Image decoded successfully: (240, 320, 3)
2025-06-12 04:37:02,839 - DEBUG - Face preprocessed: shape=(224, 224, 3), range=[-99.680, 137.061], mean=-9.188
2025-06-12 04:37:02,840 - DEBUG - Detected 1 valid faces
2025-06-12 04:37:02,841 - DEBUG - Processing batch of 1 faces, shape: (1, 224, 224, 3)
2025-06-12 04:37:03,117 - INFO - 
Face 0 Prediction Analysis:
  Top Prediction: Bored (0.355)
  Second Best: Interested (0.352)
  Prediction Stats:
    Mean: 0.333
    Std: 0.029
    Max: 0.355
    Min: 0.292
  All Predictions:
    Bored: 0.355
    Interested: 0.352
    Lacking_Focus: 0.292
2025-06-12 04:37:03,118 - DEBUG - 📦 Processed frame: 1 faces, 867.4ms
2025-06-12 04:37:03,189 - DEBUG - Image decoded successfully: (240, 320, 3)
2025-06-12 04:37:03,786 - DEBUG - Face preprocessed: shape=(224, 224, 3), range=[-108.680, 138.061], mean=-7.308
2025-06-12 04:37:03,787 - DEBUG - Detected 1 valid faces
2025-06-12 04:37:03,788 - DEBUG - Processing batch of 1 faces, shape: (1, 224, 224, 3)
2025-06-12 04:37:04,061 - INFO - 
Face 0 Prediction Analysis:
  Top Prediction: Bored (0.464)
  Second Best: Interested (0.282)
  Prediction Stats:
    Mean: 0.333
    Std: 0.093
    Max: 0.464
    Min: 0.254
  All Predictions:
    Bored: 0.464
    Interested: 0.282
    Lacking_Focus: 0.254
2025-06-12 04:37:04,062 - DEBUG - 📦 Processed frame: 1 faces, 874.2ms
2025-06-12 04:37:04,220 - DEBUG - Image decoded successfully: (240, 320, 3)
2025-06-12 04:37:04,807 - DEBUG - Face preprocessed: shape=(224, 224, 3), range=[-96.680, 135.061], mean=-11.956
2025-06-12 04:37:04,808 - DEBUG - Detected 1 valid faces
2025-06-12 04:37:04,810 - DEBUG - Processing batch of 1 faces, shape: (1, 224, 224, 3)
2025-06-12 04:37:05,108 - INFO - 
Face 0 Prediction Analysis:
  Top Prediction: Bored (0.380)
  Second Best: Lacking_Focus (0.370)
  Prediction Stats:
    Mean: 0.333
    Std: 0.059
    Max: 0.380
    Min: 0.250
  All Predictions:
    Bored: 0.380
    Interested: 0.250
    Lacking_Focus: 0.370
2025-06-12 04:37:05,109 - DEBUG - 📦 Processed frame: 1 faces, 890.4ms
2025-06-12 04:37:05,223 - DEBUG - Image decoded successfully: (240, 320, 3)
2025-06-12 04:37:05,845 - DEBUG - Face preprocessed: shape=(224, 224, 3), range=[-112.779, 121.320], mean=-10.438
2025-06-12 04:37:05,845 - DEBUG - Detected 1 valid faces
2025-06-12 04:37:05,846 - DEBUG - Processing batch of 1 faces, shape: (1, 224, 224, 3)
2025-06-12 04:37:06,092 - INFO - 
Face 0 Prediction Analysis:
  Top Prediction: Interested (0.389)
  Second Best: Lacking_Focus (0.316)
  Prediction Stats:
    Mean: 0.333
    Std: 0.040
    Max: 0.389
    Min: 0.295
  All Predictions:
    Bored: 0.295
    Interested: 0.389
    Lacking_Focus: 0.316
2025-06-12 04:37:06,093 - DEBUG - 📦 Processed frame: 1 faces, 871.8ms
2025-06-12 04:37:06,131 - DEBUG - Image decoded successfully: (240, 320, 3)
2025-06-12 04:37:06,736 - DEBUG - Face preprocessed: shape=(224, 224, 3), range=[-102.680, 114.320], mean=-9.828
2025-06-12 04:37:06,737 - DEBUG - Detected 1 valid faces
2025-06-12 04:37:06,738 - DEBUG - Processing batch of 1 faces, shape: (1, 224, 224, 3)
2025-06-12 04:37:07,027 - INFO - 
Face 0 Prediction Analysis:
  Top Prediction: Interested (0.438)
  Second Best: Lacking_Focus (0.321)
  Prediction Stats:
    Mean: 0.333
    Std: 0.081
    Max: 0.438
    Min: 0.241
  All Predictions:
    Bored: 0.241
    Interested: 0.438
    Lacking_Focus: 0.321
2025-06-12 04:37:07,028 - DEBUG - 📦 Processed frame: 1 faces, 897.4ms
2025-06-12 04:37:07,224 - DEBUG - Image decoded successfully: (240, 320, 3)
2025-06-12 04:37:07,810 - DEBUG - Face preprocessed: shape=(224, 224, 3), range=[-104.680, 137.061], mean=-8.931
2025-06-12 04:37:07,811 - DEBUG - Detected 1 valid faces
2025-06-12 04:37:07,812 - DEBUG - Processing batch of 1 faces, shape: (1, 224, 224, 3)
2025-06-12 04:37:08,129 - INFO - 
Face 0 Prediction Analysis:
  Top Prediction: Interested (0.454)
  Second Best: Bored (0.433)
  Prediction Stats:
    Mean: 0.333
    Std: 0.156
    Max: 0.454
    Min: 0.113
  All Predictions:
    Bored: 0.433
    Interested: 0.454
    Lacking_Focus: 0.113
2025-06-12 04:37:08,133 - DEBUG - 📦 Processed frame: 1 faces, 909.5ms
2025-06-12 04:37:08,357 - DEBUG - Image decoded successfully: (240, 320, 3)
2025-06-12 04:37:08,987 - DEBUG - Face preprocessed: shape=(224, 224, 3), range=[-101.779, 137.061], mean=-7.958
2025-06-12 04:37:08,989 - DEBUG - Detected 1 valid faces
2025-06-12 04:37:08,991 - DEBUG - Processing batch of 1 faces, shape: (1, 224, 224, 3)
2025-06-12 04:37:09,377 - INFO - 
Face 0 Prediction Analysis:
  Top Prediction: Interested (0.382)
  Second Best: Bored (0.318)
  Prediction Stats:
    Mean: 0.333
    Std: 0.035
    Max: 0.382
    Min: 0.300
  All Predictions:
    Bored: 0.318
    Interested: 0.382
    Lacking_Focus: 0.300
2025-06-12 04:37:09,378 - DEBUG - 📦 Processed frame: 1 faces, 1021.9ms
2025-06-12 04:37:09,528 - DEBUG - Image decoded successfully: (240, 320, 3)
2025-06-12 04:37:10,047 - DEBUG - Face preprocessed: shape=(224, 224, 3), range=[-101.779, 134.061], mean=-7.240
2025-06-12 04:37:10,048 - DEBUG - Detected 1 valid faces
2025-06-12 04:37:10,049 - DEBUG - Processing batch of 1 faces, shape: (1, 224, 224, 3)
2025-06-12 04:37:10,345 - INFO - 
Face 0 Prediction Analysis:
  Top Prediction: Interested (0.463)
  Second Best: Lacking_Focus (0.312)
  Prediction Stats:
    Mean: 0.333
    Std: 0.099
    Max: 0.463
    Min: 0.225
  All Predictions:
    Bored: 0.225
    Interested: 0.463
    Lacking_Focus: 0.312
2025-06-12 04:37:10,346 - DEBUG - 📦 Processed frame: 1 faces, 817.9ms
2025-06-12 04:37:10,403 - DEBUG - Image decoded successfully: (240, 320, 3)
2025-06-12 04:37:11,126 - DEBUG - Face preprocessed: shape=(224, 224, 3), range=[-97.779, 114.061], mean=-6.769
2025-06-12 04:37:11,127 - DEBUG - Detected 1 valid faces
2025-06-12 04:37:11,128 - DEBUG - Processing batch of 1 faces, shape: (1, 224, 224, 3)
2025-06-12 04:37:11,457 - INFO - 
Face 0 Prediction Analysis:
  Top Prediction: Lacking_Focus (0.524)
  Second Best: Interested (0.394)
  Prediction Stats:
    Mean: 0.333
    Std: 0.185
    Max: 0.524
    Min: 0.082
  All Predictions:
    Bored: 0.082
    Interested: 0.394
    Lacking_Focus: 0.524
2025-06-12 04:37:11,458 - DEBUG - 📦 Processed frame: 1 faces, 1056.3ms
2025-06-12 04:37:11,663 - DEBUG - Image decoded successfully: (240, 320, 3)
2025-06-12 04:37:12,260 - DEBUG - Face preprocessed: shape=(224, 224, 3), range=[-100.779, 125.061], mean=-7.980
2025-06-12 04:37:12,261 - DEBUG - Detected 1 valid faces
2025-06-12 04:37:12,261 - DEBUG - Processing batch of 1 faces, shape: (1, 224, 224, 3)
2025-06-12 04:37:12,567 - INFO - 
Face 0 Prediction Analysis:
  Top Prediction: Lacking_Focus (0.418)
  Second Best: Interested (0.409)
  Prediction Stats:
    Mean: 0.333
    Std: 0.114
    Max: 0.418
    Min: 0.173
  All Predictions:
    Bored: 0.173
    Interested: 0.409
    Lacking_Focus: 0.418
2025-06-12 04:37:12,567 - INFO - Face 0: Switched to Interested due to threshold
2025-06-12 04:37:12,568 - DEBUG - 📦 Processed frame: 1 faces, 906.2ms
2025-06-12 04:37:12,681 - DEBUG - Image decoded successfully: (240, 320, 3)
2025-06-12 04:37:13,312 - DEBUG - Face preprocessed: shape=(224, 224, 3), range=[-103.779, 131.061], mean=-6.963
2025-06-12 04:37:13,313 - DEBUG - Detected 1 valid faces
2025-06-12 04:37:13,314 - DEBUG - Processing batch of 1 faces, shape: (1, 224, 224, 3)
2025-06-12 04:37:13,606 - INFO - 
Face 0 Prediction Analysis:
  Top Prediction: Lacking_Focus (0.432)
  Second Best: Interested (0.330)
  Prediction Stats:
    Mean: 0.333
    Std: 0.079
    Max: 0.432
    Min: 0.238
  All Predictions:
    Bored: 0.238
    Interested: 0.330
    Lacking_Focus: 0.432
2025-06-12 04:37:13,607 - DEBUG - 📦 Processed frame: 1 faces, 926.1ms
2025-06-12 04:37:13,665 - DEBUG - Image decoded successfully: (240, 320, 3)
2025-06-12 04:37:14,378 - DEBUG - Face preprocessed: shape=(224, 224, 3), range=[-100.779, 128.061], mean=-6.717
2025-06-12 04:37:14,378 - DEBUG - Detected 1 valid faces
2025-06-12 04:37:14,379 - DEBUG - Processing batch of 1 faces, shape: (1, 224, 224, 3)
2025-06-12 04:37:14,604 - INFO - 
Face 0 Prediction Analysis:
  Top Prediction: Lacking_Focus (0.389)
  Second Best: Interested (0.352)
  Prediction Stats:
    Mean: 0.333
    Std: 0.055
    Max: 0.389
    Min: 0.259
  All Predictions:
    Bored: 0.259
    Interested: 0.352
    Lacking_Focus: 0.389
2025-06-12 04:37:14,605 - DEBUG - 📦 Processed frame: 1 faces, 942.2ms
2025-06-12 04:37:14,711 - DEBUG - Image decoded successfully: (240, 320, 3)
2025-06-12 04:37:14,510 - DEBUG - Face preprocessed: shape=(224, 224, 3), range=[-101.779, 141.061], mean=-7.257
2025-06-12 04:37:14,511 - DEBUG - Detected 1 valid faces
2025-06-12 04:37:14,512 - DEBUG - Processing batch of 1 faces, shape: (1, 224, 224, 3)
2025-06-12 04:37:13,887 - INFO - 
Face 0 Prediction Analysis:
  Top Prediction: Interested (0.478)
  Second Best: Lacking_Focus (0.357)
  Prediction Stats:
    Mean: 0.333
    Std: 0.129
    Max: 0.478
    Min: 0.165
  All Predictions:
    Bored: 0.165
    Interested: 0.478
    Lacking_Focus: 0.357
2025-06-12 04:37:13,888 - DEBUG - 📦 Processed frame: 1 faces, -822.6ms
2025-06-12 04:37:14,040 - DEBUG - Image decoded successfully: (240, 320, 3)
2025-06-12 04:37:14,739 - DEBUG - Face preprocessed: shape=(224, 224, 3), range=[-104.779, 151.061], mean=-6.861
2025-06-12 04:37:14,740 - DEBUG - Detected 1 valid faces
2025-06-12 04:37:14,742 - DEBUG - Processing batch of 1 faces, shape: (1, 224, 224, 3)
2025-06-12 04:37:15,082 - INFO - 
Face 0 Prediction Analysis:
  Top Prediction: Lacking_Focus (0.563)
  Second Best: Interested (0.314)
  Prediction Stats:
    Mean: 0.333
    Std: 0.180
    Max: 0.563
    Min: 0.123
  All Predictions:
    Bored: 0.123
    Interested: 0.314
    Lacking_Focus: 0.563
2025-06-12 04:37:15,083 - DEBUG - 📦 Processed frame: 1 faces, 1043.1ms
2025-06-12 04:37:15,147 - DEBUG - Image decoded successfully: (240, 320, 3)
2025-06-12 04:37:15,720 - DEBUG - Face preprocessed: shape=(224, 224, 3), range=[-98.779, 145.061], mean=-6.795
2025-06-12 04:37:15,721 - DEBUG - Detected 1 valid faces
2025-06-12 04:37:15,722 - DEBUG - Processing batch of 1 faces, shape: (1, 224, 224, 3)
2025-06-12 04:37:16,132 - INFO - 
Face 0 Prediction Analysis:
  Top Prediction: Lacking_Focus (0.535)
  Second Best: Interested (0.376)
  Prediction Stats:
    Mean: 0.333
    Std: 0.185
    Max: 0.535
    Min: 0.088
  All Predictions:
    Bored: 0.088
    Interested: 0.376
    Lacking_Focus: 0.535
2025-06-12 04:37:16,133 - DEBUG - 📦 Processed frame: 1 faces, 986.8ms
2025-06-12 04:37:16,148 - INFO - ❌ Client disconnected
2025-06-12 04:37:16,149 - INFO - Disconnect reason: disconnect
2025-06-12 04:37:16,294 - INFO - ✅ Client connected
2025-06-12 04:37:17,286 - DEBUG - Image decoded successfully: (240, 320, 3)
2025-06-12 04:37:17,943 - DEBUG - Face preprocessed: shape=(224, 224, 3), range=[-102.779, 117.320], mean=-0.648
2025-06-12 04:37:17,944 - DEBUG - Detected 1 valid faces
2025-06-12 04:37:17,946 - DEBUG - Processing batch of 1 faces, shape: (1, 224, 224, 3)
2025-06-12 04:37:18,436 - INFO - 
Face 0 Prediction Analysis:
  Top Prediction: Lacking_Focus (0.816)
  Second Best: Bored (0.170)
  Prediction Stats:
    Mean: 0.333
    Std: 0.347
    Max: 0.816
    Min: 0.015
  All Predictions:
    Bored: 0.170
    Interested: 0.015
    Lacking_Focus: 0.816
2025-06-12 04:37:18,440 - DEBUG - 📦 Processed frame: 1 faces, 1154.1ms
2025-06-12 04:37:18,683 - DEBUG - Image decoded successfully: (240, 320, 3)
2025-06-12 04:37:19,577 - DEBUG - Face preprocessed: shape=(224, 224, 3), range=[-99.680, 118.320], mean=-1.900
2025-06-12 04:37:19,579 - DEBUG - Detected 1 valid faces
2025-06-12 04:37:19,582 - DEBUG - Processing batch of 1 faces, shape: (1, 224, 224, 3)
2025-06-12 04:37:20,133 - INFO - 
Face 0 Prediction Analysis:
  Top Prediction: Lacking_Focus (0.753)
  Second Best: Bored (0.206)
  Prediction Stats:
    Mean: 0.333
    Std: 0.304
    Max: 0.753
    Min: 0.041
  All Predictions:
    Bored: 0.206
    Interested: 0.041
    Lacking_Focus: 0.753
2025-06-12 04:37:20,135 - DEBUG - 📦 Processed frame: 1 faces, 1453.3ms
2025-06-12 04:37:20,391 - DEBUG - Image decoded successfully: (240, 320, 3)
2025-06-12 04:37:21,202 - DEBUG - Face preprocessed: shape=(224, 224, 3), range=[-101.680, 126.320], mean=-0.359
2025-06-12 04:37:21,203 - DEBUG - Detected 1 valid faces
2025-06-12 04:37:21,204 - DEBUG - Processing batch of 1 faces, shape: (1, 224, 224, 3)
2025-06-12 04:37:21,611 - INFO - 
Face 0 Prediction Analysis:
  Top Prediction: Lacking_Focus (0.692)
  Second Best: Bored (0.208)
  Prediction Stats:
    Mean: 0.333
    Std: 0.258
    Max: 0.692
    Min: 0.100
  All Predictions:
    Bored: 0.208
    Interested: 0.100
    Lacking_Focus: 0.692
2025-06-12 04:37:21,612 - DEBUG - 📦 Processed frame: 1 faces, 1222.7ms
2025-06-12 04:37:21,736 - DEBUG - Image decoded successfully: (240, 320, 3)
2025-06-12 04:37:22,433 - DEBUG - Face preprocessed: shape=(224, 224, 3), range=[-102.779, 125.320], mean=-1.672
2025-06-12 04:37:22,434 - DEBUG - Detected 1 valid faces
2025-06-12 04:37:22,436 - DEBUG - Processing batch of 1 faces, shape: (1, 224, 224, 3)
2025-06-12 04:37:22,794 - INFO - 
Face 0 Prediction Analysis:
  Top Prediction: Lacking_Focus (0.811)
  Second Best: Bored (0.156)
  Prediction Stats:
    Mean: 0.333
    Std: 0.341
    Max: 0.811
    Min: 0.033
  All Predictions:
    Bored: 0.156
    Interested: 0.033
    Lacking_Focus: 0.811
2025-06-12 04:37:22,795 - DEBUG - 📦 Processed frame: 1 faces, 1059.3ms
2025-06-12 04:37:22,923 - DEBUG - Image decoded successfully: (240, 320, 3)
2025-06-12 04:37:23,627 - DEBUG - Face preprocessed: shape=(224, 224, 3), range=[-107.680, 127.320], mean=-0.423
2025-06-12 04:37:23,629 - DEBUG - Detected 1 valid faces
2025-06-12 04:37:23,630 - DEBUG - Processing batch of 1 faces, shape: (1, 224, 224, 3)
2025-06-12 04:37:24,063 - INFO - 
Face 0 Prediction Analysis:
  Top Prediction: Lacking_Focus (0.770)
  Second Best: Bored (0.195)
  Prediction Stats:
    Mean: 0.333
    Std: 0.316
    Max: 0.770
    Min: 0.035
  All Predictions:
    Bored: 0.195
    Interested: 0.035
    Lacking_Focus: 0.770
2025-06-12 04:37:24,064 - DEBUG - 📦 Processed frame: 1 faces, 1142.0ms
2025-06-12 04:37:24,282 - DEBUG - Image decoded successfully: (240, 320, 3)
2025-06-12 04:37:24,997 - DEBUG - Face preprocessed: shape=(224, 224, 3), range=[-108.779, 125.061], mean=-8.095
2025-06-12 04:37:24,998 - DEBUG - Detected 1 valid faces
2025-06-12 04:37:25,000 - DEBUG - Processing batch of 1 faces, shape: (1, 224, 224, 3)
2025-06-12 04:37:25,443 - INFO - 
Face 0 Prediction Analysis:
  Top Prediction: Lacking_Focus (0.557)
  Second Best: Bored (0.259)
  Prediction Stats:
    Mean: 0.333
    Std: 0.161
    Max: 0.557
    Min: 0.183
  All Predictions:
    Bored: 0.259
    Interested: 0.183
    Lacking_Focus: 0.557
2025-06-12 04:37:25,444 - DEBUG - 📦 Processed frame: 1 faces, 1162.0ms
2025-06-12 04:37:25,658 - DEBUG - Image decoded successfully: (240, 320, 3)
2025-06-12 04:37:26,333 - DEBUG - Face preprocessed: shape=(224, 224, 3), range=[-100.680, 127.061], mean=-8.183
2025-06-12 04:37:26,334 - DEBUG - Detected 1 valid faces
2025-06-12 04:37:26,336 - DEBUG - Processing batch of 1 faces, shape: (1, 224, 224, 3)
2025-06-12 04:37:26,715 - INFO - 
Face 0 Prediction Analysis:
  Top Prediction: Bored (0.717)
  Second Best: Interested (0.212)
  Prediction Stats:
    Mean: 0.333
    Std: 0.278
    Max: 0.717
    Min: 0.071
  All Predictions:
    Bored: 0.717
    Interested: 0.212
    Lacking_Focus: 0.071
2025-06-12 04:37:26,716 - DEBUG - 📦 Processed frame: 1 faces, 1058.3ms
2025-06-12 04:37:26,939 - DEBUG - Image decoded successfully: (240, 320, 3)
2025-06-12 04:37:27,780 - DEBUG - Face preprocessed: shape=(224, 224, 3), range=[-96.779, 128.061], mean=-7.789
2025-06-12 04:37:27,781 - DEBUG - Detected 1 valid faces
2025-06-12 04:37:27,782 - DEBUG - Processing batch of 1 faces, shape: (1, 224, 224, 3)
2025-06-12 04:37:28,138 - INFO - 
Face 0 Prediction Analysis:
  Top Prediction: Bored (0.624)
  Second Best: Interested (0.281)
  Prediction Stats:
    Mean: 0.333
    Std: 0.219
    Max: 0.624
    Min: 0.095
  All Predictions:
    Bored: 0.624
    Interested: 0.281
    Lacking_Focus: 0.095
2025-06-12 04:37:28,138 - DEBUG - 📦 Processed frame: 1 faces, 1200.4ms
2025-06-12 04:37:28,373 - DEBUG - Image decoded successfully: (240, 320, 3)
2025-06-12 04:37:28,929 - DEBUG - Face preprocessed: shape=(224, 224, 3), range=[-96.680, 129.061], mean=-6.753
2025-06-12 04:37:28,932 - DEBUG - Detected 1 valid faces
2025-06-12 04:37:28,936 - DEBUG - Processing batch of 1 faces, shape: (1, 224, 224, 3)
2025-06-12 04:37:29,334 - INFO - 
Face 0 Prediction Analysis:
  Top Prediction: Bored (0.580)
  Second Best: Interested (0.300)
  Prediction Stats:
    Mean: 0.333
    Std: 0.189
    Max: 0.580
    Min: 0.120
  All Predictions:
    Bored: 0.580
    Interested: 0.300
    Lacking_Focus: 0.120
2025-06-12 04:37:29,335 - DEBUG - 📦 Processed frame: 1 faces, 962.1ms
2025-06-12 04:37:29,491 - DEBUG - Image decoded successfully: (240, 320, 3)
2025-06-12 04:37:30,226 - DEBUG - Face preprocessed: shape=(224, 224, 3), range=[-107.779, 124.061], mean=-5.599
2025-06-12 04:37:30,226 - DEBUG - Detected 1 valid faces
2025-06-12 04:37:30,228 - DEBUG - Processing batch of 1 faces, shape: (1, 224, 224, 3)
2025-06-12 04:37:30,608 - INFO - 
Face 0 Prediction Analysis:
  Top Prediction: Bored (0.527)
  Second Best: Interested (0.253)
  Prediction Stats:
    Mean: 0.333
    Std: 0.137
    Max: 0.527
    Min: 0.221
  All Predictions:
    Bored: 0.527
    Interested: 0.253
    Lacking_Focus: 0.221
2025-06-12 04:37:30,609 - DEBUG - 📦 Processed frame: 1 faces, 1118.2ms
2025-06-12 04:37:30,752 - DEBUG - Image decoded successfully: (240, 320, 3)
2025-06-12 04:37:31,577 - DEBUG - Face preprocessed: shape=(224, 224, 3), range=[-101.779, 123.061], mean=-7.209
2025-06-12 04:37:31,578 - DEBUG - Detected 1 valid faces
2025-06-12 04:37:31,579 - DEBUG - Processing batch of 1 faces, shape: (1, 224, 224, 3)
2025-06-12 04:37:31,949 - INFO - 
Face 0 Prediction Analysis:
  Top Prediction: Bored (0.734)
  Second Best: Interested (0.146)
  Prediction Stats:
    Mean: 0.333
    Std: 0.283
    Max: 0.734
    Min: 0.120
  All Predictions:
    Bored: 0.734
    Interested: 0.146
    Lacking_Focus: 0.120
2025-06-12 04:37:31,950 - DEBUG - 📦 Processed frame: 1 faces, 1198.9ms
2025-06-12 04:37:32,132 - DEBUG - Image decoded successfully: (240, 320, 3)
2025-06-12 04:37:32,788 - DEBUG - Face preprocessed: shape=(224, 224, 3), range=[-102.779, 129.061], mean=-6.829
2025-06-12 04:37:32,789 - DEBUG - Detected 1 valid faces
2025-06-12 04:37:32,790 - DEBUG - Processing batch of 1 faces, shape: (1, 224, 224, 3)
2025-06-12 04:37:33,124 - INFO - 
Face 0 Prediction Analysis:
  Top Prediction: Bored (0.537)
  Second Best: Interested (0.321)
  Prediction Stats:
    Mean: 0.333
    Std: 0.161
    Max: 0.537
    Min: 0.142
  All Predictions:
    Bored: 0.537
    Interested: 0.321
    Lacking_Focus: 0.142
2025-06-12 04:37:33,126 - DEBUG - 📦 Processed frame: 1 faces, 993.8ms
2025-06-12 04:37:33,330 - DEBUG - Image decoded successfully: (240, 320, 3)
2025-06-12 04:37:34,081 - DEBUG - Face preprocessed: shape=(224, 224, 3), range=[-99.680, 129.061], mean=-6.970
2025-06-12 04:37:34,084 - DEBUG - Detected 1 valid faces
2025-06-12 04:37:34,089 - DEBUG - Processing batch of 1 faces, shape: (1, 224, 224, 3)
2025-06-12 04:37:34,568 - INFO - 
Face 0 Prediction Analysis:
  Top Prediction: Bored (0.752)
  Second Best: Interested (0.185)
  Prediction Stats:
    Mean: 0.333
    Std: 0.300
    Max: 0.752
    Min: 0.063
  All Predictions:
    Bored: 0.752
    Interested: 0.185
    Lacking_Focus: 0.063
2025-06-12 04:37:34,569 - DEBUG - 📦 Processed frame: 1 faces, 1239.8ms
2025-06-12 04:37:34,792 - DEBUG - Image decoded successfully: (240, 320, 3)
2025-06-12 04:37:35,554 - DEBUG - Face preprocessed: shape=(224, 224, 3), range=[-107.680, 128.061], mean=-6.564
2025-06-12 04:37:35,555 - DEBUG - Detected 1 valid faces
2025-06-12 04:37:35,556 - DEBUG - Processing batch of 1 faces, shape: (1, 224, 224, 3)
2025-06-12 04:37:35,900 - INFO - 
Face 0 Prediction Analysis:
  Top Prediction: Bored (0.668)
  Second Best: Interested (0.275)
  Prediction Stats:
    Mean: 0.333
    Std: 0.253
    Max: 0.668
    Min: 0.057
  All Predictions:
    Bored: 0.668
    Interested: 0.275
    Lacking_Focus: 0.057
2025-06-12 04:37:35,900 - DEBUG - 📦 Processed frame: 1 faces, 1112.0ms
2025-06-12 04:37:36,064 - DEBUG - Image decoded successfully: (240, 320, 3)
2025-06-12 04:37:36,627 - DEBUG - Face preprocessed: shape=(224, 224, 3), range=[-99.939, 146.061], mean=-5.209
2025-06-12 04:37:36,628 - DEBUG - Detected 1 valid faces
2025-06-12 04:37:36,629 - DEBUG - Processing batch of 1 faces, shape: (1, 224, 224, 3)
2025-06-12 04:37:36,938 - INFO - 
Face 0 Prediction Analysis:
  Top Prediction: Bored (0.822)
  Second Best: Interested (0.142)
  Prediction Stats:
    Mean: 0.333
    Std: 0.348
    Max: 0.822
    Min: 0.036
  All Predictions:
    Bored: 0.822
    Interested: 0.142
    Lacking_Focus: 0.036
2025-06-12 04:37:36,939 - DEBUG - 📦 Processed frame: 1 faces, 875.8ms
2025-06-12 04:37:37,031 - DEBUG - Image decoded successfully: (240, 320, 3)
2025-06-12 04:37:37,625 - DEBUG - Face preprocessed: shape=(224, 224, 3), range=[-101.680, 138.061], mean=-5.971
2025-06-12 04:37:37,626 - DEBUG - Detected 1 valid faces
2025-06-12 04:37:37,627 - DEBUG - Processing batch of 1 faces, shape: (1, 224, 224, 3)
2025-06-12 04:37:37,980 - INFO - 
Face 0 Prediction Analysis:
  Top Prediction: Bored (0.785)
  Second Best: Interested (0.138)
  Prediction Stats:
    Mean: 0.333
    Std: 0.320
    Max: 0.785
    Min: 0.078
  All Predictions:
    Bored: 0.785
    Interested: 0.138
    Lacking_Focus: 0.078
2025-06-12 04:37:37,981 - DEBUG - 📦 Processed frame: 1 faces, 950.7ms
2025-06-12 04:37:38,099 - DEBUG - Image decoded successfully: (240, 320, 3)
2025-06-12 04:37:38,718 - DEBUG - Face preprocessed: shape=(224, 224, 3), range=[-99.779, 128.061], mean=-5.636
2025-06-12 04:37:38,719 - DEBUG - Detected 1 valid faces
2025-06-12 04:37:38,720 - DEBUG - Processing batch of 1 faces, shape: (1, 224, 224, 3)
2025-06-12 04:37:39,128 - INFO - 
Face 0 Prediction Analysis:
  Top Prediction: Bored (0.662)
  Second Best: Lacking_Focus (0.170)
  Prediction Stats:
    Mean: 0.333
    Std: 0.232
    Max: 0.662
    Min: 0.168
  All Predictions:
    Bored: 0.662
    Interested: 0.168
    Lacking_Focus: 0.170
2025-06-12 04:37:39,129 - DEBUG - 📦 Processed frame: 1 faces, 1030.3ms
2025-06-12 04:37:39,243 - DEBUG - Image decoded successfully: (240, 320, 3)
2025-06-12 04:37:39,814 - DEBUG - Face preprocessed: shape=(224, 224, 3), range=[-97.680, 126.061], mean=-5.179
2025-06-12 04:37:39,814 - DEBUG - Detected 1 valid faces
2025-06-12 04:37:39,816 - DEBUG - Processing batch of 1 faces, shape: (1, 224, 224, 3)
2025-06-12 04:37:40,241 - INFO - 
Face 0 Prediction Analysis:
  Top Prediction: Bored (0.664)
  Second Best: Interested (0.204)
  Prediction Stats:
    Mean: 0.333
    Std: 0.235
    Max: 0.664
    Min: 0.133
  All Predictions:
    Bored: 0.664
    Interested: 0.204
    Lacking_Focus: 0.133
2025-06-12 04:37:40,242 - DEBUG - 📦 Processed frame: 1 faces, 999.6ms
2025-06-12 04:37:40,411 - DEBUG - Image decoded successfully: (240, 320, 3)
2025-06-12 04:37:41,043 - DEBUG - Face preprocessed: shape=(224, 224, 3), range=[-99.680, 123.061], mean=-6.489
2025-06-12 04:37:41,043 - DEBUG - Detected 1 valid faces
2025-06-12 04:37:41,044 - DEBUG - Processing batch of 1 faces, shape: (1, 224, 224, 3)
2025-06-12 04:37:41,443 - INFO - 
Face 0 Prediction Analysis:
  Top Prediction: Bored (0.597)
  Second Best: Interested (0.330)
  Prediction Stats:
    Mean: 0.333
    Std: 0.214
    Max: 0.597
    Min: 0.073
  All Predictions:
    Bored: 0.597
    Interested: 0.330
    Lacking_Focus: 0.073
2025-06-12 04:37:41,444 - DEBUG - 📦 Processed frame: 1 faces, 1034.0ms
2025-06-12 04:37:41,583 - DEBUG - Image decoded successfully: (240, 320, 3)
2025-06-12 04:37:42,197 - DEBUG - Face preprocessed: shape=(224, 224, 3), range=[-106.680, 126.061], mean=-5.813
2025-06-12 04:37:42,200 - DEBUG - Detected 1 valid faces
2025-06-12 04:37:42,204 - DEBUG - Processing batch of 1 faces, shape: (1, 224, 224, 3)
2025-06-12 04:37:42,640 - INFO - 
Face 0 Prediction Analysis:
  Top Prediction: Bored (0.770)
  Second Best: Interested (0.169)
  Prediction Stats:
    Mean: 0.333
    Std: 0.312
    Max: 0.770
    Min: 0.061
  All Predictions:
    Bored: 0.770
    Interested: 0.169
    Lacking_Focus: 0.061
2025-06-12 04:37:42,641 - DEBUG - 📦 Processed frame: 1 faces, 1058.6ms
2025-06-12 04:37:42,744 - DEBUG - Image decoded successfully: (240, 320, 3)
2025-06-12 04:37:43,324 - DEBUG - Face preprocessed: shape=(224, 224, 3), range=[-98.779, 124.061], mean=-5.764
2025-06-12 04:37:43,325 - DEBUG - Detected 1 valid faces
2025-06-12 04:37:43,326 - DEBUG - Processing batch of 1 faces, shape: (1, 224, 224, 3)
2025-06-12 04:37:41,973 - INFO - 
Face 0 Prediction Analysis:
  Top Prediction: Bored (0.681)
  Second Best: Interested (0.207)
  Prediction Stats:
    Mean: 0.333
    Std: 0.249
    Max: 0.681
    Min: 0.111
  All Predictions:
    Bored: 0.681
    Interested: 0.207
    Lacking_Focus: 0.111
2025-06-12 04:37:41,975 - DEBUG - 📦 Processed frame: 1 faces, -768.5ms
2025-06-12 04:37:42,114 - DEBUG - Image decoded successfully: (240, 320, 3)
2025-06-12 04:37:42,869 - DEBUG - Face preprocessed: shape=(224, 224, 3), range=[-104.680, 124.061], mean=-5.662
2025-06-12 04:37:42,870 - DEBUG - Detected 1 valid faces
2025-06-12 04:37:42,872 - DEBUG - Processing batch of 1 faces, shape: (1, 224, 224, 3)
2025-06-12 04:37:43,441 - INFO - 
Face 0 Prediction Analysis:
  Top Prediction: Bored (0.675)
  Second Best: Interested (0.246)
  Prediction Stats:
    Mean: 0.333
    Std: 0.251
    Max: 0.675
    Min: 0.078
  All Predictions:
    Bored: 0.675
    Interested: 0.246
    Lacking_Focus: 0.078
2025-06-12 04:37:43,442 - DEBUG - 📦 Processed frame: 1 faces, 1328.9ms
2025-06-12 04:37:43,728 - DEBUG - Image decoded successfully: (240, 320, 3)
2025-06-12 04:37:44,551 - DEBUG - Face preprocessed: shape=(224, 224, 3), range=[-103.680, 132.061], mean=-6.270
2025-06-12 04:37:44,553 - DEBUG - Detected 1 valid faces
2025-06-12 04:37:44,555 - DEBUG - Processing batch of 1 faces, shape: (1, 224, 224, 3)
2025-06-12 04:37:45,133 - INFO - 
Face 0 Prediction Analysis:
  Top Prediction: Bored (0.776)
  Second Best: Interested (0.168)
  Prediction Stats:
    Mean: 0.333
    Std: 0.316
    Max: 0.776
    Min: 0.056
  All Predictions:
    Bored: 0.776
    Interested: 0.168
    Lacking_Focus: 0.056
2025-06-12 04:37:45,135 - DEBUG - 📦 Processed frame: 1 faces, 1409.6ms
2025-06-12 04:37:45,310 - DEBUG - Image decoded successfully: (240, 320, 3)
2025-06-12 04:37:46,081 - DEBUG - Face preprocessed: shape=(224, 224, 3), range=[-97.779, 135.061], mean=-4.488
2025-06-12 04:37:46,082 - DEBUG - Detected 1 valid faces
2025-06-12 04:37:46,082 - DEBUG - Processing batch of 1 faces, shape: (1, 224, 224, 3)
2025-06-12 04:37:46,359 - INFO - 
Face 0 Prediction Analysis:
  Top Prediction: Bored (0.737)
  Second Best: Interested (0.151)
  Prediction Stats:
    Mean: 0.333
    Std: 0.286
    Max: 0.737
    Min: 0.112
  All Predictions:
    Bored: 0.737
    Interested: 0.151
    Lacking_Focus: 0.112
2025-06-12 04:37:46,360 - DEBUG - 📦 Processed frame: 1 faces, 1051.4ms
2025-06-12 04:37:46,447 - DEBUG - Image decoded successfully: (240, 320, 3)
2025-06-12 04:37:47,046 - DEBUG - Face preprocessed: shape=(224, 224, 3), range=[-101.680, 133.061], mean=-4.993
2025-06-12 04:37:47,047 - DEBUG - Detected 1 valid faces
2025-06-12 04:37:47,048 - DEBUG - Processing batch of 1 faces, shape: (1, 224, 224, 3)
2025-06-12 04:37:47,353 - INFO - 
Face 0 Prediction Analysis:
  Top Prediction: Bored (0.728)
  Second Best: Interested (0.217)
  Prediction Stats:
    Mean: 0.333
    Std: 0.287
    Max: 0.728
    Min: 0.055
  All Predictions:
    Bored: 0.728
    Interested: 0.217
    Lacking_Focus: 0.055
2025-06-12 04:37:47,354 - DEBUG - 📦 Processed frame: 1 faces, 907.1ms
2025-06-12 04:37:47,401 - DEBUG - Image decoded successfully: (240, 320, 3)
2025-06-12 04:37:48,017 - DEBUG - Face preprocessed: shape=(224, 224, 3), range=[-100.680, 138.061], mean=-5.783
2025-06-12 04:37:48,017 - DEBUG - Detected 1 valid faces
2025-06-12 04:37:48,018 - DEBUG - Processing batch of 1 faces, shape: (1, 224, 224, 3)
2025-06-12 04:37:48,393 - INFO - 
Face 0 Prediction Analysis:
  Top Prediction: Bored (0.633)
  Second Best: Interested (0.196)
  Prediction Stats:
    Mean: 0.333
    Std: 0.212
    Max: 0.633
    Min: 0.171
  All Predictions:
    Bored: 0.633
    Interested: 0.196
    Lacking_Focus: 0.171
2025-06-12 04:37:48,393 - DEBUG - 📦 Processed frame: 1 faces, 992.9ms
2025-06-12 04:37:48,561 - DEBUG - Image decoded successfully: (240, 320, 3)
2025-06-12 04:37:49,162 - DEBUG - Face preprocessed: shape=(224, 224, 3), range=[-95.680, 116.061], mean=-6.454
2025-06-12 04:37:49,162 - DEBUG - Detected 1 valid faces
2025-06-12 04:37:49,163 - DEBUG - Processing batch of 1 faces, shape: (1, 224, 224, 3)
2025-06-12 04:37:49,663 - INFO - 
Face 0 Prediction Analysis:
  Top Prediction: Bored (0.731)
  Second Best: Lacking_Focus (0.164)
  Prediction Stats:
    Mean: 0.333
    Std: 0.282
    Max: 0.731
    Min: 0.105
  All Predictions:
    Bored: 0.731
    Interested: 0.105
    Lacking_Focus: 0.164
2025-06-12 04:37:49,664 - DEBUG - 📦 Processed frame: 1 faces, 1103.4ms
2025-06-12 04:37:49,874 - DEBUG - Image decoded successfully: (240, 320, 3)
2025-06-12 04:37:50,673 - DEBUG - Face preprocessed: shape=(224, 224, 3), range=[-96.680, 137.061], mean=-8.224
2025-06-12 04:37:50,675 - DEBUG - Detected 1 valid faces
2025-06-12 04:37:50,676 - DEBUG - Processing batch of 1 faces, shape: (1, 224, 224, 3)
2025-06-12 04:37:51,192 - INFO - 
Face 0 Prediction Analysis:
  Top Prediction: Bored (0.471)
  Second Best: Lacking_Focus (0.293)
  Prediction Stats:
    Mean: 0.333
    Std: 0.100
    Max: 0.471
    Min: 0.236
  All Predictions:
    Bored: 0.471
    Interested: 0.236
    Lacking_Focus: 0.293
2025-06-12 04:37:51,193 - DEBUG - 📦 Processed frame: 1 faces, 1322.6ms
2025-06-12 04:37:52,983 - INFO - ❌ Client disconnected
2025-06-12 04:37:52,983 - INFO - Disconnect reason: disconnect
2025-06-12 04:39:16,143 - INFO - ✅ Face detection model initialized
2025-06-12 04:39:21,041 - INFO - Model output shape: (1, 3)
2025-06-12 04:39:21,044 - INFO - Expected classes: 3
2025-06-12 04:39:21,045 - INFO - Model output classes: 3
2025-06-12 04:39:21,046 - INFO - Test output sum: 1.0000
2025-06-12 04:39:21,119 - INFO - Model architecture:
Model: "ResNet50_EmotionClassifier"
┏━━━━━━━━━━━━━━━━━━━━━━━━━━━━━━━━━┳━━━━━━━━━━━━━━━━━━━━━━━━┳━━━━━━━━━━━━━━━┓
┃ Layer (type)                    ┃ Output Shape           ┃       Param # ┃
┡━━━━━━━━━━━━━━━━━━━━━━━━━━━━━━━━━╇━━━━━━━━━━━━━━━━━━━━━━━━╇━━━━━━━━━━━━━━━┩
│ input_image (InputLayer)        │ (None, 224, 224, 3)    │             0 │
├─────────────────────────────────┼────────────────────────┼───────────────┤
│ data_augmentation (Sequential)  │ (None, 224, 224, 3)    │             0 │
├─────────────────────────────────┼────────────────────────┼───────────────┤
│ resnet50 (Functional)           │ (None, 2048)           │    23,587,712 │
├─────────────────────────────────┼────────────────────────┼───────────────┤
│ fc1 (Dense)                     │ (None, 128)            │       262,272 │
├─────────────────────────────────┼────────────────────────┼───────────────┤
│ batch_normalization             │ (None, 128)            │           512 │
│ (BatchNormalization)            │                        │               │
├─────────────────────────────────┼────────────────────────┼───────────────┤
│ activation (Activation)         │ (None, 128)            │             0 │
├─────────────────────────────────┼────────────────────────┼───────────────┤
│ dropout (Dropout)               │ (None, 128)            │             0 │
├─────────────────────────────────┼────────────────────────┼───────────────┤
│ predictions (Dense)             │ (None, 3)              │           387 │
└─────────────────────────────────┴────────────────────────┴───────────────┘
 Total params: 23,850,883 (90.98 MB)
 Trainable params: 267,011 (1.02 MB)
 Non-trainable params: 23,583,872 (89.97 MB)

2025-06-12 04:39:21,126 - INFO - ✅ Model validation passed
2025-06-12 04:39:21,129 - INFO - ✅ Emotion model loaded and validated: /app/apps/models/emotion_recognition_model.keras
2025-06-12 04:39:21,133 - INFO - ✅ Using emotion labels: ['Bored', 'Interested', 'Lacking_Focus']
2025-06-12 04:39:35,394 - INFO - ✅ Client connected
2025-06-12 04:39:37,397 - DEBUG - Image decoded successfully: (240, 320, 3)
2025-06-12 04:39:38,817 - DEBUG - Face preprocessed: shape=(224, 224, 3), range=[-100.779, 138.061], mean=-4.494
2025-06-12 04:39:38,818 - DEBUG - Detected 1 valid faces
2025-06-12 04:39:38,820 - DEBUG - Processing batch of 1 faces, shape: (1, 224, 224, 3)
2025-06-12 04:39:39,416 - INFO - 
Face 0 Prediction Analysis:
  Top Prediction: Interested (0.470)
  Second Best: Lacking_Focus (0.423)
  Prediction Stats:
    Mean: 0.333
    Std: 0.161
    Max: 0.470
    Min: 0.107
  All Predictions:
    Bored: 0.107
    Interested: 0.470
    Lacking_Focus: 0.423
2025-06-12 04:39:39,417 - DEBUG - 📦 Processed frame: 1 faces, 2020.8ms
2025-06-12 04:39:39,857 - DEBUG - Image decoded successfully: (240, 320, 3)
2025-06-12 04:39:41,132 - DEBUG - Face preprocessed: shape=(224, 224, 3), range=[-97.779, 128.061], mean=-9.434
2025-06-12 04:39:41,134 - DEBUG - Detected 1 valid faces
2025-06-12 04:39:41,138 - DEBUG - Processing batch of 1 faces, shape: (1, 224, 224, 3)
2025-06-12 04:39:41,610 - INFO - 
Face 0 Prediction Analysis:
  Top Prediction: Interested (0.453)
  Second Best: Lacking_Focus (0.430)
  Prediction Stats:
    Mean: 0.333
    Std: 0.154
    Max: 0.453
    Min: 0.117
  All Predictions:
    Bored: 0.117
    Interested: 0.453
    Lacking_Focus: 0.430
2025-06-12 04:39:41,618 - DEBUG - 📦 Processed frame: 1 faces, 1761.4ms
2025-06-12 04:39:41,856 - DEBUG - Image decoded successfully: (240, 320, 3)
2025-06-12 04:39:43,058 - DEBUG - Face preprocessed: shape=(224, 224, 3), range=[-104.779, 130.061], mean=-7.984
2025-06-12 04:39:43,062 - DEBUG - Detected 1 valid faces
2025-06-12 04:39:43,066 - DEBUG - Processing batch of 1 faces, shape: (1, 224, 224, 3)
2025-06-12 04:39:43,745 - INFO - 
Face 0 Prediction Analysis:
  Top Prediction: Lacking_Focus (0.460)
  Second Best: Interested (0.429)
  Prediction Stats:
    Mean: 0.333
    Std: 0.157
    Max: 0.460
    Min: 0.112
  All Predictions:
    Bored: 0.112
    Interested: 0.429
    Lacking_Focus: 0.460
2025-06-12 04:39:43,747 - INFO - Face 0: Switched to Interested due to threshold
2025-06-12 04:39:43,748 - DEBUG - 📦 Processed frame: 1 faces, 1892.8ms
2025-06-12 04:39:43,995 - DEBUG - Image decoded successfully: (240, 320, 3)
2025-06-12 04:39:45,270 - DEBUG - Face preprocessed: shape=(224, 224, 3), range=[-106.779, 125.061], mean=-8.867
2025-06-12 04:39:45,280 - DEBUG - Detected 1 valid faces
2025-06-12 04:39:45,283 - DEBUG - Processing batch of 1 faces, shape: (1, 224, 224, 3)
2025-06-12 04:39:46,099 - INFO - 
Face 0 Prediction Analysis:
  Top Prediction: Lacking_Focus (0.453)
  Second Best: Interested (0.448)
  Prediction Stats:
    Mean: 0.333
    Std: 0.166
    Max: 0.453
    Min: 0.099
  All Predictions:
    Bored: 0.099
    Interested: 0.448
    Lacking_Focus: 0.453
2025-06-12 04:39:46,100 - INFO - Face 0: Switched to Interested due to threshold
2025-06-12 04:39:46,104 - DEBUG - 📦 Processed frame: 1 faces, 2109.4ms
2025-06-12 04:39:46,363 - DEBUG - Image decoded successfully: (240, 320, 3)
2025-06-12 04:39:47,899 - DEBUG - Face preprocessed: shape=(224, 224, 3), range=[-102.779, 111.320], mean=-3.972
2025-06-12 04:39:47,903 - DEBUG - Detected 1 valid faces
2025-06-12 04:39:47,908 - DEBUG - Processing batch of 1 faces, shape: (1, 224, 224, 3)
2025-06-12 04:39:48,292 - INFO - 
Face 0 Prediction Analysis:
  Top Prediction: Lacking_Focus (0.694)
  Second Best: Bored (0.202)
  Prediction Stats:
    Mean: 0.333
    Std: 0.258
    Max: 0.694
    Min: 0.104
  All Predictions:
    Bored: 0.202
    Interested: 0.104
    Lacking_Focus: 0.694
2025-06-12 04:39:48,293 - DEBUG - 📦 Processed frame: 1 faces, 1933.4ms
2025-06-12 04:39:48,380 - DEBUG - Image decoded successfully: (240, 320, 3)
2025-06-12 04:39:49,353 - DEBUG - Face preprocessed: shape=(224, 224, 3), range=[-102.779, 115.320], mean=-2.914
2025-06-12 04:39:49,357 - DEBUG - Detected 1 valid faces
2025-06-12 04:39:49,360 - DEBUG - Processing batch of 1 faces, shape: (1, 224, 224, 3)
2025-06-12 04:39:49,718 - INFO - 
Face 0 Prediction Analysis:
  Top Prediction: Lacking_Focus (0.639)
  Second Best: Bored (0.215)
  Prediction Stats:
    Mean: 0.333
    Std: 0.218
    Max: 0.639
    Min: 0.146
  All Predictions:
    Bored: 0.215
    Interested: 0.146
    Lacking_Focus: 0.639
2025-06-12 04:39:49,719 - DEBUG - 📦 Processed frame: 1 faces, 1339.6ms
2025-06-12 04:39:49,791 - DEBUG - Image decoded successfully: (240, 320, 3)
2025-06-12 04:39:50,667 - DEBUG - Face preprocessed: shape=(224, 224, 3), range=[-101.779, 117.320], mean=-1.280
2025-06-12 04:39:50,668 - DEBUG - Detected 1 valid faces
2025-06-12 04:39:50,670 - DEBUG - Processing batch of 1 faces, shape: (1, 224, 224, 3)
2025-06-12 04:39:50,962 - INFO - 
Face 0 Prediction Analysis:
  Top Prediction: Lacking_Focus (0.693)
  Second Best: Interested (0.157)
  Prediction Stats:
    Mean: 0.333
    Std: 0.254
    Max: 0.693
    Min: 0.151
  All Predictions:
    Bored: 0.151
    Interested: 0.157
    Lacking_Focus: 0.693
2025-06-12 04:39:50,964 - DEBUG - 📦 Processed frame: 1 faces, 1172.6ms
2025-06-12 04:39:51,104 - DEBUG - Image decoded successfully: (240, 320, 3)
2025-06-12 04:39:52,091 - DEBUG - Face preprocessed: shape=(224, 224, 3), range=[-110.779, 119.320], mean=-1.615
2025-06-12 04:39:52,094 - DEBUG - Detected 1 valid faces
2025-06-12 04:39:52,096 - DEBUG - Processing batch of 1 faces, shape: (1, 224, 224, 3)
2025-06-12 04:39:52,387 - INFO - 
Face 0 Prediction Analysis:
  Top Prediction: Lacking_Focus (0.562)
  Second Best: Interested (0.223)
  Prediction Stats:
    Mean: 0.333
    Std: 0.162
    Max: 0.562
    Min: 0.215
  All Predictions:
    Bored: 0.215
    Interested: 0.223
    Lacking_Focus: 0.562
2025-06-12 04:39:52,388 - DEBUG - 📦 Processed frame: 1 faces, 1285.0ms
2025-06-12 04:39:52,502 - DEBUG - Image decoded successfully: (240, 320, 3)
2025-06-12 04:39:53,549 - DEBUG - Face preprocessed: shape=(224, 224, 3), range=[-100.779, 116.320], mean=-3.752
2025-06-12 04:39:53,551 - DEBUG - Detected 1 valid faces
2025-06-12 04:39:53,558 - DEBUG - Processing batch of 1 faces, shape: (1, 224, 224, 3)
2025-06-12 04:39:53,961 - INFO - 
Face 0 Prediction Analysis:
  Top Prediction: Lacking_Focus (0.667)
  Second Best: Interested (0.182)
  Prediction Stats:
    Mean: 0.333
    Std: 0.236
    Max: 0.667
    Min: 0.152
  All Predictions:
    Bored: 0.152
    Interested: 0.182
    Lacking_Focus: 0.667
2025-06-12 04:39:53,962 - DEBUG - 📦 Processed frame: 1 faces, 1460.4ms
2025-06-12 04:39:54,077 - DEBUG - Image decoded successfully: (240, 320, 3)
2025-06-12 04:39:55,073 - DEBUG - Face preprocessed: shape=(224, 224, 3), range=[-104.779, 126.320], mean=-2.986
2025-06-12 04:39:55,074 - DEBUG - Detected 1 valid faces
2025-06-12 04:39:55,075 - DEBUG - Processing batch of 1 faces, shape: (1, 224, 224, 3)
2025-06-12 04:39:55,442 - INFO - 
Face 0 Prediction Analysis:
  Top Prediction: Lacking_Focus (0.561)
  Second Best: Bored (0.229)
  Prediction Stats:
    Mean: 0.333
    Std: 0.161
    Max: 0.561
    Min: 0.210
  All Predictions:
    Bored: 0.229
    Interested: 0.210
    Lacking_Focus: 0.561
2025-06-12 04:39:55,444 - DEBUG - 📦 Processed frame: 1 faces, 1367.7ms
2025-06-12 04:39:55,565 - DEBUG - Image decoded successfully: (240, 320, 3)
2025-06-12 04:39:56,690 - DEBUG - Face preprocessed: shape=(224, 224, 3), range=[-102.779, 119.320], mean=-2.704
2025-06-12 04:39:56,693 - DEBUG - Detected 1 valid faces
2025-06-12 04:39:56,697 - DEBUG - Processing batch of 1 faces, shape: (1, 224, 224, 3)
2025-06-12 04:39:57,177 - INFO - 
Face 0 Prediction Analysis:
  Top Prediction: Lacking_Focus (0.591)
  Second Best: Interested (0.254)
  Prediction Stats:
    Mean: 0.333
    Std: 0.186
    Max: 0.591
    Min: 0.155
  All Predictions:
    Bored: 0.155
    Interested: 0.254
    Lacking_Focus: 0.591
2025-06-12 04:39:57,178 - DEBUG - 📦 Processed frame: 1 faces, 1614.3ms
2025-06-12 04:39:57,283 - DEBUG - Image decoded successfully: (240, 320, 3)
2025-06-12 04:39:58,256 - DEBUG - Face preprocessed: shape=(224, 224, 3), range=[-103.680, 113.320], mean=-6.329
2025-06-12 04:39:58,260 - DEBUG - Detected 1 valid faces
2025-06-12 04:39:58,264 - DEBUG - Processing batch of 1 faces, shape: (1, 224, 224, 3)
2025-06-12 04:39:58,715 - INFO - 
Face 0 Prediction Analysis:
  Top Prediction: Lacking_Focus (0.474)
  Second Best: Interested (0.378)
  Prediction Stats:
    Mean: 0.333
    Std: 0.137
    Max: 0.474
    Min: 0.148
  All Predictions:
    Bored: 0.148
    Interested: 0.378
    Lacking_Focus: 0.474
2025-06-12 04:39:58,717 - DEBUG - 📦 Processed frame: 1 faces, 1434.4ms
2025-06-12 04:39:58,859 - DEBUG - Image decoded successfully: (240, 320, 3)
2025-06-12 04:39:59,867 - DEBUG - Face preprocessed: shape=(224, 224, 3), range=[-107.680, 126.061], mean=-7.021
2025-06-12 04:39:59,868 - DEBUG - Detected 1 valid faces
2025-06-12 04:39:59,872 - DEBUG - Processing batch of 1 faces, shape: (1, 224, 224, 3)
2025-06-12 04:40:00,150 - INFO - 
Face 0 Prediction Analysis:
  Top Prediction: Interested (0.444)
  Second Best: Lacking_Focus (0.366)
  Prediction Stats:
    Mean: 0.333
    Std: 0.106
    Max: 0.444
    Min: 0.190
  All Predictions:
    Bored: 0.190
    Interested: 0.444
    Lacking_Focus: 0.366
2025-06-12 04:40:00,151 - DEBUG - 📦 Processed frame: 1 faces, 1292.7ms
2025-06-12 04:40:00,231 - DEBUG - Image decoded successfully: (240, 320, 3)
2025-06-12 04:40:01,099 - DEBUG - Face preprocessed: shape=(224, 224, 3), range=[-95.680, 119.061], mean=-5.046
2025-06-12 04:40:01,101 - DEBUG - Detected 1 valid faces
2025-06-12 04:40:01,102 - DEBUG - Processing batch of 1 faces, shape: (1, 224, 224, 3)
2025-06-12 04:40:01,537 - INFO - 
Face 0 Prediction Analysis:
  Top Prediction: Interested (0.472)
  Second Best: Lacking_Focus (0.316)
  Prediction Stats:
    Mean: 0.333
    Std: 0.107
    Max: 0.472
    Min: 0.212
  All Predictions:
    Bored: 0.212
    Interested: 0.472
    Lacking_Focus: 0.316
2025-06-12 04:40:01,538 - DEBUG - 📦 Processed frame: 1 faces, 1308.4ms
2025-06-12 04:40:01,651 - DEBUG - Image decoded successfully: (240, 320, 3)
2025-06-12 04:40:02,525 - DEBUG - Face preprocessed: shape=(224, 224, 3), range=[-100.680, 120.320], mean=-3.072
2025-06-12 04:40:02,527 - DEBUG - Detected 1 valid faces
2025-06-12 04:40:02,530 - DEBUG - Processing batch of 1 faces, shape: (1, 224, 224, 3)
2025-06-12 04:40:02,907 - INFO - 
Face 0 Prediction Analysis:
  Top Prediction: Interested (0.493)
  Second Best: Lacking_Focus (0.350)
  Prediction Stats:
    Mean: 0.333
    Std: 0.138
    Max: 0.493
    Min: 0.157
  All Predictions:
    Bored: 0.157
    Interested: 0.493
    Lacking_Focus: 0.350
2025-06-12 04:40:02,908 - DEBUG - 📦 Processed frame: 1 faces, 1257.4ms
2025-06-12 04:40:02,983 - DEBUG - Image decoded successfully: (240, 320, 3)
2025-06-12 04:40:03,949 - DEBUG - Face preprocessed: shape=(224, 224, 3), range=[-97.779, 122.061], mean=-5.698
2025-06-12 04:40:03,950 - DEBUG - Detected 1 valid faces
2025-06-12 04:40:03,952 - DEBUG - Processing batch of 1 faces, shape: (1, 224, 224, 3)
2025-06-12 04:40:04,263 - INFO - 
Face 0 Prediction Analysis:
  Top Prediction: Lacking_Focus (0.434)
  Second Best: Interested (0.380)
  Prediction Stats:
    Mean: 0.333
    Std: 0.107
    Max: 0.434
    Min: 0.186
  All Predictions:
    Bored: 0.186
    Interested: 0.380
    Lacking_Focus: 0.434
2025-06-12 04:40:04,264 - DEBUG - 📦 Processed frame: 1 faces, 1281.6ms
2025-06-12 04:40:04,376 - DEBUG - Image decoded successfully: (240, 320, 3)
2025-06-12 04:40:03,660 - DEBUG - Face preprocessed: shape=(224, 224, 3), range=[-102.680, 131.061], mean=-6.690
2025-06-12 04:40:03,662 - DEBUG - Detected 1 valid faces
2025-06-12 04:40:03,666 - DEBUG - Processing batch of 1 faces, shape: (1, 224, 224, 3)
2025-06-12 04:40:03,943 - INFO - 
Face 0 Prediction Analysis:
  Top Prediction: Interested (0.432)
  Second Best: Lacking_Focus (0.367)
  Prediction Stats:
    Mean: 0.333
    Std: 0.098
    Max: 0.432
    Min: 0.200
  All Predictions:
    Bored: 0.200
    Interested: 0.432
    Lacking_Focus: 0.367
2025-06-12 04:40:03,944 - DEBUG - 📦 Processed frame: 1 faces, -429.7ms
2025-06-12 04:40:04,004 - DEBUG - Image decoded successfully: (240, 320, 3)
2025-06-12 04:40:04,842 - DEBUG - Face preprocessed: shape=(224, 224, 3), range=[-100.779, 126.061], mean=-5.383
2025-06-12 04:40:04,844 - DEBUG - Detected 1 valid faces
2025-06-12 04:40:04,846 - DEBUG - Processing batch of 1 faces, shape: (1, 224, 224, 3)
2025-06-12 04:40:05,157 - INFO - 
Face 0 Prediction Analysis:
  Top Prediction: Lacking_Focus (0.423)
  Second Best: Interested (0.377)
  Prediction Stats:
    Mean: 0.333
    Std: 0.096
    Max: 0.423
    Min: 0.200
  All Predictions:
    Bored: 0.200
    Interested: 0.377
    Lacking_Focus: 0.423
2025-06-12 04:40:05,158 - DEBUG - 📦 Processed frame: 1 faces, 1155.2ms
2025-06-12 04:40:05,229 - DEBUG - Image decoded successfully: (240, 320, 3)
2025-06-12 04:40:06,265 - DEBUG - Face preprocessed: shape=(224, 224, 3), range=[-98.779, 128.061], mean=-5.330
2025-06-12 04:40:06,269 - DEBUG - Detected 1 valid faces
2025-06-12 04:40:06,275 - DEBUG - Processing batch of 1 faces, shape: (1, 224, 224, 3)
2025-06-12 04:40:06,615 - INFO - 
Face 0 Prediction Analysis:
  Top Prediction: Interested (0.429)
  Second Best: Lacking_Focus (0.357)
  Prediction Stats:
    Mean: 0.333
    Std: 0.090
    Max: 0.429
    Min: 0.214
  All Predictions:
    Bored: 0.214
    Interested: 0.429
    Lacking_Focus: 0.357
2025-06-12 04:40:06,616 - DEBUG - 📦 Processed frame: 1 faces, 1387.5ms
2025-06-12 04:40:06,734 - DEBUG - Image decoded successfully: (240, 320, 3)
2025-06-12 04:40:07,808 - DEBUG - Face preprocessed: shape=(224, 224, 3), range=[-105.779, 115.320], mean=-10.579
2025-06-12 04:40:07,811 - DEBUG - Detected 1 valid faces
2025-06-12 04:40:07,816 - DEBUG - Processing batch of 1 faces, shape: (1, 224, 224, 3)
2025-06-12 04:40:08,151 - INFO - 
Face 0 Prediction Analysis:
  Top Prediction: Lacking_Focus (0.496)
  Second Best: Interested (0.369)
  Prediction Stats:
    Mean: 0.333
    Std: 0.150
    Max: 0.496
    Min: 0.135
  All Predictions:
    Bored: 0.135
    Interested: 0.369
    Lacking_Focus: 0.496
2025-06-12 04:40:08,152 - DEBUG - 📦 Processed frame: 1 faces, 1418.5ms
2025-06-12 04:40:08,269 - DEBUG - Image decoded successfully: (240, 320, 3)
2025-06-12 04:40:09,119 - DEBUG - Face preprocessed: shape=(224, 224, 3), range=[-98.779, 136.061], mean=-5.600
2025-06-12 04:40:09,120 - DEBUG - Detected 1 valid faces
2025-06-12 04:40:09,123 - DEBUG - Processing batch of 1 faces, shape: (1, 224, 224, 3)
2025-06-12 04:40:09,401 - INFO - 
Face 0 Prediction Analysis:
  Top Prediction: Lacking_Focus (0.464)
  Second Best: Interested (0.424)
  Prediction Stats:
    Mean: 0.333
    Std: 0.157
    Max: 0.464
    Min: 0.112
  All Predictions:
    Bored: 0.112
    Interested: 0.424
    Lacking_Focus: 0.464
2025-06-12 04:40:09,402 - INFO - Face 0: Switched to Interested due to threshold
2025-06-12 04:40:09,403 - DEBUG - 📦 Processed frame: 1 faces, 1134.2ms
2025-06-12 04:40:09,488 - DEBUG - Image decoded successfully: (240, 320, 3)
2025-06-12 04:40:10,420 - DEBUG - Face preprocessed: shape=(224, 224, 3), range=[-98.779, 137.061], mean=-6.935
2025-06-12 04:40:10,423 - DEBUG - Detected 1 valid faces
2025-06-12 04:40:10,425 - DEBUG - Processing batch of 1 faces, shape: (1, 224, 224, 3)
2025-06-12 04:40:10,817 - INFO - 
Face 0 Prediction Analysis:
  Top Prediction: Lacking_Focus (0.434)
  Second Best: Interested (0.411)
  Prediction Stats:
    Mean: 0.333
    Std: 0.127
    Max: 0.434
    Min: 0.155
  All Predictions:
    Bored: 0.155
    Interested: 0.411
    Lacking_Focus: 0.434
2025-06-12 04:40:10,818 - INFO - Face 0: Switched to Interested due to threshold
2025-06-12 04:40:10,819 - DEBUG - 📦 Processed frame: 1 faces, 1332.0ms
2025-06-12 04:40:10,910 - DEBUG - Image decoded successfully: (240, 320, 3)
2025-06-12 04:40:11,929 - DEBUG - Face preprocessed: shape=(224, 224, 3), range=[-107.779, 140.061], mean=-5.778
2025-06-12 04:40:11,930 - DEBUG - Detected 1 valid faces
2025-06-12 04:40:11,931 - DEBUG - Processing batch of 1 faces, shape: (1, 224, 224, 3)
2025-06-12 04:40:12,288 - INFO - 
Face 0 Prediction Analysis:
  Top Prediction: Interested (0.442)
  Second Best: Lacking_Focus (0.365)
  Prediction Stats:
    Mean: 0.333
    Std: 0.104
    Max: 0.442
    Min: 0.193
  All Predictions:
    Bored: 0.193
    Interested: 0.442
    Lacking_Focus: 0.365
2025-06-12 04:40:12,289 - DEBUG - 📦 Processed frame: 1 faces, 1380.1ms
2025-06-12 04:40:12,371 - DEBUG - Image decoded successfully: (240, 320, 3)
2025-06-12 04:40:13,404 - DEBUG - Face preprocessed: shape=(224, 224, 3), range=[-96.779, 135.061], mean=-7.206
2025-06-12 04:40:13,406 - DEBUG - Detected 1 valid faces
2025-06-12 04:40:13,409 - DEBUG - Processing batch of 1 faces, shape: (1, 224, 224, 3)
2025-06-12 04:40:13,737 - INFO - 
Face 0 Prediction Analysis:
  Top Prediction: Interested (0.448)
  Second Best: Lacking_Focus (0.426)
  Prediction Stats:
    Mean: 0.333
    Std: 0.147
    Max: 0.448
    Min: 0.126
  All Predictions:
    Bored: 0.126
    Interested: 0.448
    Lacking_Focus: 0.426
2025-06-12 04:40:13,738 - DEBUG - 📦 Processed frame: 1 faces, 1368.2ms
2025-06-12 04:40:13,851 - DEBUG - Image decoded successfully: (240, 320, 3)
2025-06-12 04:40:14,669 - DEBUG - Face preprocessed: shape=(224, 224, 3), range=[-98.779, 117.320], mean=1.459
2025-06-12 04:40:14,670 - DEBUG - Detected 1 valid faces
2025-06-12 04:40:14,671 - DEBUG - Processing batch of 1 faces, shape: (1, 224, 224, 3)
2025-06-12 04:40:14,963 - INFO - 
Face 0 Prediction Analysis:
  Top Prediction: Lacking_Focus (0.614)
  Second Best: Bored (0.246)
  Prediction Stats:
    Mean: 0.333
    Std: 0.203
    Max: 0.614
    Min: 0.140
  All Predictions:
    Bored: 0.246
    Interested: 0.140
    Lacking_Focus: 0.614
2025-06-12 04:40:14,964 - DEBUG - 📦 Processed frame: 1 faces, 1115.0ms
2025-06-12 04:40:15,065 - DEBUG - Image decoded successfully: (240, 320, 3)
2025-06-12 04:40:15,978 - DEBUG - Face preprocessed: shape=(224, 224, 3), range=[-102.680, 147.061], mean=0.509
2025-06-12 04:40:15,980 - DEBUG - Detected 1 valid faces
2025-06-12 04:40:15,981 - DEBUG - Processing batch of 1 faces, shape: (1, 224, 224, 3)
2025-06-12 04:40:16,260 - INFO - 
Face 0 Prediction Analysis:
  Top Prediction: Lacking_Focus (0.569)
  Second Best: Bored (0.239)
  Prediction Stats:
    Mean: 0.333
    Std: 0.168
    Max: 0.569
    Min: 0.192
  All Predictions:
    Bored: 0.239
    Interested: 0.192
    Lacking_Focus: 0.569
2025-06-12 04:40:16,260 - DEBUG - 📦 Processed frame: 1 faces, 1196.1ms
2025-06-12 04:40:16,318 - DEBUG - Image decoded successfully: (240, 320, 3)
2025-06-12 04:40:17,225 - DEBUG - Face preprocessed: shape=(224, 224, 3), range=[-99.779, 133.061], mean=1.763
2025-06-12 04:40:17,228 - DEBUG - Detected 1 valid faces
2025-06-12 04:40:17,232 - DEBUG - Processing batch of 1 faces, shape: (1, 224, 224, 3)
2025-06-12 04:40:17,632 - INFO - 
Face 0 Prediction Analysis:
  Top Prediction: Lacking_Focus (0.585)
  Second Best: Bored (0.264)
  Prediction Stats:
    Mean: 0.333
    Std: 0.184
    Max: 0.585
    Min: 0.151
  All Predictions:
    Bored: 0.264
    Interested: 0.151
    Lacking_Focus: 0.585
2025-06-12 04:40:17,634 - DEBUG - 📦 Processed frame: 1 faces, 1316.2ms
2025-06-12 04:40:17,708 - DEBUG - Image decoded successfully: (240, 320, 3)
2025-06-12 04:40:18,599 - DEBUG - Face preprocessed: shape=(224, 224, 3), range=[-104.680, 130.061], mean=0.231
2025-06-12 04:40:18,600 - DEBUG - Detected 1 valid faces
2025-06-12 04:40:18,603 - DEBUG - Processing batch of 1 faces, shape: (1, 224, 224, 3)
2025-06-12 04:40:18,901 - INFO - 
Face 0 Prediction Analysis:
  Top Prediction: Lacking_Focus (0.619)
  Second Best: Interested (0.191)
  Prediction Stats:
    Mean: 0.333
    Std: 0.202
    Max: 0.619
    Min: 0.190
  All Predictions:
    Bored: 0.190
    Interested: 0.191
    Lacking_Focus: 0.619
2025-06-12 04:40:18,902 - DEBUG - 📦 Processed frame: 1 faces, 1195.4ms
2025-06-12 04:40:18,979 - DEBUG - Image decoded successfully: (240, 320, 3)
2025-06-12 04:40:19,833 - DEBUG - Face preprocessed: shape=(224, 224, 3), range=[-106.680, 133.061], mean=1.716
2025-06-12 04:40:19,834 - DEBUG - Detected 1 valid faces
2025-06-12 04:40:19,836 - DEBUG - Processing batch of 1 faces, shape: (1, 224, 224, 3)
2025-06-12 04:40:20,264 - INFO - 
Face 0 Prediction Analysis:
  Top Prediction: Lacking_Focus (0.665)
  Second Best: Bored (0.203)
  Prediction Stats:
    Mean: 0.333
    Std: 0.236
    Max: 0.665
    Min: 0.132
  All Predictions:
    Bored: 0.203
    Interested: 0.132
    Lacking_Focus: 0.665
2025-06-12 04:40:20,265 - DEBUG - 📦 Processed frame: 1 faces, 1286.9ms
2025-06-12 04:40:20,397 - DEBUG - Image decoded successfully: (240, 320, 3)
2025-06-12 04:40:21,433 - DEBUG - Face preprocessed: shape=(224, 224, 3), range=[-99.680, 135.061], mean=2.020
2025-06-12 04:40:21,435 - DEBUG - Detected 1 valid faces
2025-06-12 04:40:21,440 - DEBUG - Processing batch of 1 faces, shape: (1, 224, 224, 3)
2025-06-12 04:40:21,807 - INFO - 
Face 0 Prediction Analysis:
  Top Prediction: Lacking_Focus (0.583)
  Second Best: Bored (0.268)
  Prediction Stats:
    Mean: 0.333
    Std: 0.183
    Max: 0.583
    Min: 0.149
  All Predictions:
    Bored: 0.268
    Interested: 0.149
    Lacking_Focus: 0.583
2025-06-12 04:40:21,808 - DEBUG - 📦 Processed frame: 1 faces, 1411.8ms
2025-06-12 04:40:21,903 - DEBUG - Image decoded successfully: (240, 320, 3)
2025-06-12 04:40:22,824 - DEBUG - Face preprocessed: shape=(224, 224, 3), range=[-104.680, 140.061], mean=1.174
2025-06-12 04:40:22,827 - DEBUG - Detected 1 valid faces
2025-06-12 04:40:22,831 - DEBUG - Processing batch of 1 faces, shape: (1, 224, 224, 3)
2025-06-12 04:40:23,175 - INFO - 
Face 0 Prediction Analysis:
  Top Prediction: Lacking_Focus (0.672)
  Second Best: Bored (0.179)
  Prediction Stats:
    Mean: 0.333
    Std: 0.240
    Max: 0.672
    Min: 0.149
  All Predictions:
    Bored: 0.179
    Interested: 0.149
    Lacking_Focus: 0.672
2025-06-12 04:40:23,176 - DEBUG - 📦 Processed frame: 1 faces, 1273.5ms
2025-06-12 04:40:23,274 - DEBUG - Image decoded successfully: (240, 320, 3)
2025-06-12 04:40:24,402 - DEBUG - Face preprocessed: shape=(224, 224, 3), range=[-105.680, 121.320], mean=-17.570
2025-06-12 04:40:24,406 - DEBUG - Detected 1 valid faces
2025-06-12 04:40:24,411 - DEBUG - Processing batch of 1 faces, shape: (1, 224, 224, 3)
2025-06-12 04:40:24,812 - INFO - 
Face 0 Prediction Analysis:
  Top Prediction: Lacking_Focus (0.569)
  Second Best: Interested (0.349)
  Prediction Stats:
    Mean: 0.333
    Std: 0.200
    Max: 0.569
    Min: 0.081
  All Predictions:
    Bored: 0.081
    Interested: 0.349
    Lacking_Focus: 0.569
2025-06-12 04:40:24,813 - DEBUG - 📦 Processed frame: 1 faces, 1540.0ms
2025-06-12 04:40:26,649 - INFO - ❌ Client disconnected
2025-06-12 04:40:26,650 - INFO - Disconnect reason: disconnect
2025-06-12 05:12:30,258 - INFO - ✅ Client connected
2025-06-12 05:12:42,208 - DEBUG - Image decoded successfully: (240, 320, 3)
2025-06-12 05:12:42,869 - DEBUG - Face preprocessed: shape=(224, 224, 3), range=[-111.680, 127.061], mean=-25.598
2025-06-12 05:12:42,870 - DEBUG - Detected 1 valid faces
2025-06-12 05:12:42,871 - DEBUG - Processing batch of 1 faces, shape: (1, 224, 224, 3)
2025-06-12 05:12:43,288 - INFO - 
Face 0 Prediction Analysis:
  Top Prediction: Interested (0.429)
  Second Best: Lacking_Focus (0.322)
  Prediction Stats:
    Mean: 0.333
    Std: 0.074
    Max: 0.429
    Min: 0.249
  All Predictions:
    Bored: 0.249
    Interested: 0.429
    Lacking_Focus: 0.322
2025-06-12 05:12:43,289 - DEBUG - 📦 Processed frame: 1 faces, 1085.6ms
2025-06-12 05:12:43,518 - DEBUG - Image decoded successfully: (240, 320, 3)
2025-06-12 05:12:44,039 - DEBUG - Face preprocessed: shape=(224, 224, 3), range=[-111.680, 135.061], mean=-21.926
2025-06-12 05:12:44,040 - DEBUG - Detected 1 valid faces
2025-06-12 05:12:44,041 - DEBUG - Processing batch of 1 faces, shape: (1, 224, 224, 3)
2025-06-12 05:12:44,241 - INFO - 
Face 0 Prediction Analysis:
  Top Prediction: Lacking_Focus (0.495)
  Second Best: Interested (0.405)
  Prediction Stats:
    Mean: 0.333
    Std: 0.169
    Max: 0.495
    Min: 0.100
  All Predictions:
    Bored: 0.100
    Interested: 0.405
    Lacking_Focus: 0.495
2025-06-12 05:12:44,242 - INFO - Face 0: Switched to Interested due to threshold
2025-06-12 05:12:44,243 - DEBUG - 📦 Processed frame: 1 faces, 726.2ms
2025-06-12 05:12:44,565 - DEBUG - Image decoded successfully: (240, 320, 3)
2025-06-12 05:12:45,088 - DEBUG - Face preprocessed: shape=(224, 224, 3), range=[-114.680, 128.061], mean=-15.879
2025-06-12 05:12:45,089 - DEBUG - Detected 1 valid faces
2025-06-12 05:12:45,090 - DEBUG - Processing batch of 1 faces, shape: (1, 224, 224, 3)
2025-06-12 05:12:45,293 - INFO - 
Face 0 Prediction Analysis:
  Top Prediction: Lacking_Focus (0.456)
  Second Best: Interested (0.366)
  Prediction Stats:
    Mean: 0.333
    Std: 0.116
    Max: 0.456
    Min: 0.177
  All Predictions:
    Bored: 0.177
    Interested: 0.366
    Lacking_Focus: 0.456
2025-06-12 05:12:45,294 - DEBUG - 📦 Processed frame: 1 faces, 729.8ms
2025-06-12 05:12:45,413 - DEBUG - Image decoded successfully: (240, 320, 3)
2025-06-12 05:12:45,892 - DEBUG - Face preprocessed: shape=(224, 224, 3), range=[-110.680, 134.061], mean=-18.571
2025-06-12 05:12:45,895 - DEBUG - Detected 1 valid faces
2025-06-12 05:12:45,897 - DEBUG - Processing batch of 1 faces, shape: (1, 224, 224, 3)
2025-06-12 05:12:46,141 - INFO - 
Face 0 Prediction Analysis:
  Top Prediction: Lacking_Focus (0.541)
  Second Best: Interested (0.353)
  Prediction Stats:
    Mean: 0.333
    Std: 0.178
    Max: 0.541
    Min: 0.106
  All Predictions:
    Bored: 0.106
    Interested: 0.353
    Lacking_Focus: 0.541
2025-06-12 05:12:46,142 - DEBUG - 📦 Processed frame: 1 faces, 729.6ms
2025-06-12 05:12:46,300 - DEBUG - Image decoded successfully: (240, 320, 3)
2025-06-12 05:12:46,737 - DEBUG - Face preprocessed: shape=(224, 224, 3), range=[-113.680, 124.061], mean=-22.239
2025-06-12 05:12:46,738 - DEBUG - Detected 1 valid faces
2025-06-12 05:12:46,740 - DEBUG - Processing batch of 1 faces, shape: (1, 224, 224, 3)
2025-06-12 05:12:47,037 - INFO - 
Face 0 Prediction Analysis:
  Top Prediction: Lacking_Focus (0.472)
  Second Best: Interested (0.380)
  Prediction Stats:
    Mean: 0.333
    Std: 0.137
    Max: 0.472
    Min: 0.147
  All Predictions:
    Bored: 0.147
    Interested: 0.380
    Lacking_Focus: 0.472
2025-06-12 05:12:47,038 - DEBUG - 📦 Processed frame: 1 faces, 739.2ms
2025-06-12 05:12:47,086 - DEBUG - Image decoded successfully: (240, 320, 3)
2025-06-12 05:12:47,647 - DEBUG - Face preprocessed: shape=(224, 224, 3), range=[-110.680, 122.061], mean=-22.412
2025-06-12 05:12:47,648 - DEBUG - Detected 1 valid faces
2025-06-12 05:12:47,649 - DEBUG - Processing batch of 1 faces, shape: (1, 224, 224, 3)
2025-06-12 05:12:47,888 - INFO - 
Face 0 Prediction Analysis:
  Top Prediction: Lacking_Focus (0.557)
  Second Best: Interested (0.320)
  Prediction Stats:
    Mean: 0.333
    Std: 0.178
    Max: 0.557
    Min: 0.123
  All Predictions:
    Bored: 0.123
    Interested: 0.320
    Lacking_Focus: 0.557
2025-06-12 05:12:47,890 - DEBUG - 📦 Processed frame: 1 faces, 805.2ms
2025-06-12 05:12:48,088 - DEBUG - Image decoded successfully: (240, 320, 3)
2025-06-12 05:12:48,657 - DEBUG - Face preprocessed: shape=(224, 224, 3), range=[-115.680, 105.061], mean=-29.572
2025-06-12 05:12:48,658 - DEBUG - Detected 1 valid faces
2025-06-12 05:12:48,659 - DEBUG - Processing batch of 1 faces, shape: (1, 224, 224, 3)
2025-06-12 05:12:48,884 - INFO - 
Face 0 Prediction Analysis:
  Top Prediction: Interested (0.424)
  Second Best: Lacking_Focus (0.422)
  Prediction Stats:
    Mean: 0.333
    Std: 0.127
    Max: 0.424
    Min: 0.153
  All Predictions:
    Bored: 0.153
    Interested: 0.424
    Lacking_Focus: 0.422
2025-06-12 05:12:48,885 - DEBUG - 📦 Processed frame: 1 faces, 798.2ms
2025-06-12 05:12:49,070 - DEBUG - Image decoded successfully: (240, 320, 3)
2025-06-12 05:12:49,523 - DEBUG - Face preprocessed: shape=(224, 224, 3), range=[-112.680, 114.061], mean=-28.880
2025-06-12 05:12:49,524 - DEBUG - Detected 1 valid faces
2025-06-12 05:12:49,525 - DEBUG - Processing batch of 1 faces, shape: (1, 224, 224, 3)
2025-06-12 05:12:49,726 - INFO - 
Face 0 Prediction Analysis:
  Top Prediction: Interested (0.424)
  Second Best: Lacking_Focus (0.391)
  Prediction Stats:
    Mean: 0.333
    Std: 0.106
    Max: 0.424
    Min: 0.185
  All Predictions:
    Bored: 0.185
    Interested: 0.424
    Lacking_Focus: 0.391
2025-06-12 05:12:49,728 - DEBUG - 📦 Processed frame: 1 faces, 658.4ms
2025-06-12 05:12:49,792 - DEBUG - Image decoded successfully: (240, 320, 3)
2025-06-12 05:12:50,336 - DEBUG - Face preprocessed: shape=(224, 224, 3), range=[-115.680, 114.061], mean=-28.994
2025-06-12 05:12:50,337 - DEBUG - Detected 1 valid faces
2025-06-12 05:12:50,338 - DEBUG - Processing batch of 1 faces, shape: (1, 224, 224, 3)
2025-06-12 05:12:50,553 - INFO - 
Face 0 Prediction Analysis:
  Top Prediction: Lacking_Focus (0.485)
  Second Best: Interested (0.385)
  Prediction Stats:
    Mean: 0.333
    Std: 0.149
    Max: 0.485
    Min: 0.131
  All Predictions:
    Bored: 0.131
    Interested: 0.385
    Lacking_Focus: 0.485
2025-06-12 05:12:50,554 - DEBUG - 📦 Processed frame: 1 faces, 762.6ms
2025-06-12 05:12:50,783 - DEBUG - Image decoded successfully: (240, 320, 3)
2025-06-12 05:12:51,403 - DEBUG - Face preprocessed: shape=(224, 224, 3), range=[-112.779, 116.061], mean=-30.459
2025-06-12 05:12:51,404 - DEBUG - Detected 1 valid faces
2025-06-12 05:12:51,404 - DEBUG - Processing batch of 1 faces, shape: (1, 224, 224, 3)
2025-06-12 05:12:51,634 - INFO - 
Face 0 Prediction Analysis:
  Top Prediction: Interested (0.422)
  Second Best: Lacking_Focus (0.401)
  Prediction Stats:
    Mean: 0.333
    Std: 0.110
    Max: 0.422
    Min: 0.178
  All Predictions:
    Bored: 0.178
    Interested: 0.422
    Lacking_Focus: 0.401
2025-06-12 05:12:51,635 - DEBUG - 📦 Processed frame: 1 faces, 852.8ms
2025-06-12 05:12:51,776 - DEBUG - Image decoded successfully: (240, 320, 3)
2025-06-12 05:12:52,322 - DEBUG - Face preprocessed: shape=(224, 224, 3), range=[-114.680, 110.061], mean=-30.338
2025-06-12 05:12:52,323 - DEBUG - Detected 1 valid faces
2025-06-12 05:12:52,324 - DEBUG - Processing batch of 1 faces, shape: (1, 224, 224, 3)
2025-06-12 05:12:52,537 - INFO - 
Face 0 Prediction Analysis:
  Top Prediction: Interested (0.464)
  Second Best: Lacking_Focus (0.338)
  Prediction Stats:
    Mean: 0.333
    Std: 0.109
    Max: 0.464
    Min: 0.198
  All Predictions:
    Bored: 0.198
    Interested: 0.464
    Lacking_Focus: 0.338
2025-06-12 05:12:52,539 - DEBUG - 📦 Processed frame: 1 faces, 762.9ms
2025-06-12 05:12:52,596 - DEBUG - Image decoded successfully: (240, 320, 3)
2025-06-12 05:12:53,202 - DEBUG - Face preprocessed: shape=(224, 224, 3), range=[-114.779, 120.061], mean=-32.388
2025-06-12 05:12:53,204 - DEBUG - Detected 1 valid faces
2025-06-12 05:12:53,205 - DEBUG - Processing batch of 1 faces, shape: (1, 224, 224, 3)
2025-06-12 05:12:53,433 - INFO - 
Face 0 Prediction Analysis:
  Top Prediction: Interested (0.463)
  Second Best: Lacking_Focus (0.433)
  Prediction Stats:
    Mean: 0.333
    Std: 0.162
    Max: 0.463
    Min: 0.104
  All Predictions:
    Bored: 0.104
    Interested: 0.463
    Lacking_Focus: 0.433
2025-06-12 05:12:53,434 - DEBUG - 📦 Processed frame: 1 faces, 839.5ms
2025-06-12 05:12:53,694 - DEBUG - Image decoded successfully: (240, 320, 3)
2025-06-12 05:12:54,193 - DEBUG - Face preprocessed: shape=(224, 224, 3), range=[-115.680, 123.061], mean=-31.582
2025-06-12 05:12:54,194 - DEBUG - Detected 1 valid faces
2025-06-12 05:12:54,195 - DEBUG - Processing batch of 1 faces, shape: (1, 224, 224, 3)
2025-06-12 05:12:54,400 - INFO - 
Face 0 Prediction Analysis:
  Top Prediction: Lacking_Focus (0.519)
  Second Best: Interested (0.359)
  Prediction Stats:
    Mean: 0.333
    Std: 0.163
    Max: 0.519
    Min: 0.122
  All Predictions:
    Bored: 0.122
    Interested: 0.359
    Lacking_Focus: 0.519
2025-06-12 05:12:54,400 - DEBUG - 📦 Processed frame: 1 faces, 707.5ms
2025-06-12 05:12:54,507 - DEBUG - Image decoded successfully: (240, 320, 3)
2025-06-12 05:12:55,029 - DEBUG - Face preprocessed: shape=(224, 224, 3), range=[-114.680, 125.061], mean=-30.570
2025-06-12 05:12:55,030 - DEBUG - Detected 1 valid faces
2025-06-12 05:12:55,032 - DEBUG - Processing batch of 1 faces, shape: (1, 224, 224, 3)
2025-06-12 05:12:55,288 - INFO - 
Face 0 Prediction Analysis:
  Top Prediction: Lacking_Focus (0.568)
  Second Best: Interested (0.298)
  Prediction Stats:
    Mean: 0.333
    Std: 0.179
    Max: 0.568
    Min: 0.133
  All Predictions:
    Bored: 0.133
    Interested: 0.298
    Lacking_Focus: 0.568
2025-06-12 05:12:55,289 - DEBUG - 📦 Processed frame: 1 faces, 783.6ms
2025-06-12 05:12:55,489 - DEBUG - Image decoded successfully: (240, 320, 3)
2025-06-12 05:12:56,021 - DEBUG - Face preprocessed: shape=(224, 224, 3), range=[-116.680, 128.061], mean=-30.774
2025-06-12 05:12:56,022 - DEBUG - Detected 1 valid faces
2025-06-12 05:12:56,023 - DEBUG - Processing batch of 1 faces, shape: (1, 224, 224, 3)
2025-06-12 05:12:56,245 - INFO - 
Face 0 Prediction Analysis:
  Top Prediction: Lacking_Focus (0.528)
  Second Best: Interested (0.361)
  Prediction Stats:
    Mean: 0.333
    Std: 0.172
    Max: 0.528
    Min: 0.110
  All Predictions:
    Bored: 0.110
    Interested: 0.361
    Lacking_Focus: 0.528
2025-06-12 05:12:56,247 - DEBUG - 📦 Processed frame: 1 faces, 758.6ms
2025-06-12 05:12:56,304 - DEBUG - Image decoded successfully: (240, 320, 3)
2025-06-12 05:12:56,922 - DEBUG - Face preprocessed: shape=(224, 224, 3), range=[-111.779, 136.061], mean=-28.049
2025-06-12 05:12:56,924 - DEBUG - Detected 1 valid faces
2025-06-12 05:12:56,926 - DEBUG - Processing batch of 1 faces, shape: (1, 224, 224, 3)
2025-06-12 05:12:57,198 - INFO - 
Face 0 Prediction Analysis:
  Top Prediction: Lacking_Focus (0.541)
  Second Best: Interested (0.361)
  Prediction Stats:
    Mean: 0.333
    Std: 0.182
    Max: 0.541
    Min: 0.098
  All Predictions:
    Bored: 0.098
    Interested: 0.361
    Lacking_Focus: 0.541
2025-06-12 05:12:57,201 - DEBUG - 📦 Processed frame: 1 faces, 897.3ms
2025-06-12 05:12:58,017 - DEBUG - Image decoded successfully: (240, 320, 3)
2025-06-12 05:12:58,575 - DEBUG - Face preprocessed: shape=(224, 224, 3), range=[-116.779, 129.061], mean=-21.814
2025-06-12 05:12:58,576 - DEBUG - Detected 1 valid faces
2025-06-12 05:12:58,577 - DEBUG - Processing batch of 1 faces, shape: (1, 224, 224, 3)
2025-06-12 05:12:58,795 - INFO - 
Face 0 Prediction Analysis:
  Top Prediction: Lacking_Focus (0.477)
  Second Best: Interested (0.413)
  Prediction Stats:
    Mean: 0.333
    Std: 0.160
    Max: 0.477
    Min: 0.110
  All Predictions:
    Bored: 0.110
    Interested: 0.413
    Lacking_Focus: 0.477
2025-06-12 05:12:58,798 - INFO - Face 0: Switched to Interested due to threshold
2025-06-12 05:12:58,800 - DEBUG - 📦 Processed frame: 1 faces, 784.0ms
2025-06-12 05:12:58,903 - DEBUG - Image decoded successfully: (240, 320, 3)
2025-06-12 05:12:59,430 - DEBUG - Face preprocessed: shape=(224, 224, 3), range=[-111.680, 132.061], mean=-22.063
2025-06-12 05:12:59,431 - DEBUG - Detected 1 valid faces
2025-06-12 05:12:59,432 - DEBUG - Processing batch of 1 faces, shape: (1, 224, 224, 3)
2025-06-12 05:12:59,633 - INFO - 
Face 0 Prediction Analysis:
  Top Prediction: Lacking_Focus (0.420)
  Second Best: Interested (0.361)
  Prediction Stats:
    Mean: 0.333
    Std: 0.084
    Max: 0.420
    Min: 0.219
  All Predictions:
    Bored: 0.219
    Interested: 0.361
    Lacking_Focus: 0.420
2025-06-12 05:12:59,634 - DEBUG - 📦 Processed frame: 1 faces, 732.6ms
2025-06-12 05:12:59,790 - DEBUG - Image decoded successfully: (240, 320, 3)
2025-06-12 05:13:00,266 - DEBUG - Face preprocessed: shape=(224, 224, 3), range=[-116.779, 131.320], mean=-56.308
2025-06-12 05:13:00,267 - DEBUG - Detected 1 valid faces
2025-06-12 05:13:00,270 - DEBUG - Processing batch of 1 faces, shape: (1, 224, 224, 3)
2025-06-12 05:13:00,509 - INFO - 
Face 0 Prediction Analysis:
  Top Prediction: Lacking_Focus (0.458)
  Second Best: Interested (0.294)
  Prediction Stats:
    Mean: 0.333
    Std: 0.091
    Max: 0.458
    Min: 0.247
  All Predictions:
    Bored: 0.247
    Interested: 0.294
    Lacking_Focus: 0.458
2025-06-12 05:13:00,510 - DEBUG - 📦 Processed frame: 1 faces, 720.7ms
2025-06-12 05:13:00,605 - DEBUG - Image decoded successfully: (240, 320, 3)
2025-06-12 05:13:01,119 - DEBUG - Face preprocessed: shape=(224, 224, 3), range=[-110.680, 92.061], mean=-27.087
2025-06-12 05:13:01,120 - DEBUG - Detected 1 valid faces
2025-06-12 05:13:01,121 - DEBUG - Processing batch of 1 faces, shape: (1, 224, 224, 3)
2025-06-12 05:13:01,334 - INFO - 
Face 0 Prediction Analysis:
  Top Prediction: Interested (0.406)
  Second Best: Lacking_Focus (0.388)
  Prediction Stats:
    Mean: 0.333
    Std: 0.090
    Max: 0.406
    Min: 0.207
  All Predictions:
    Bored: 0.207
    Interested: 0.406
    Lacking_Focus: 0.388
2025-06-12 05:13:01,335 - DEBUG - 📦 Processed frame: 1 faces, 730.7ms
2025-06-12 05:13:01,513 - DEBUG - Image decoded successfully: (240, 320, 3)
2025-06-12 05:13:01,995 - DEBUG - Face preprocessed: shape=(224, 224, 3), range=[-118.680, 131.320], mean=-34.087
2025-06-12 05:13:01,996 - DEBUG - Detected 1 valid faces
2025-06-12 05:13:01,998 - DEBUG - Processing batch of 1 faces, shape: (1, 224, 224, 3)
2025-06-12 05:13:02,236 - INFO - 
Face 0 Prediction Analysis:
  Top Prediction: Interested (0.470)
  Second Best: Lacking_Focus (0.401)
  Prediction Stats:
    Mean: 0.333
    Std: 0.147
    Max: 0.470
    Min: 0.130
  All Predictions:
    Bored: 0.130
    Interested: 0.470
    Lacking_Focus: 0.401
2025-06-12 05:13:02,237 - DEBUG - 📦 Processed frame: 1 faces, 726.2ms
2025-06-12 05:13:02,295 - DEBUG - Image decoded successfully: (240, 320, 3)
2025-06-12 05:13:02,836 - DEBUG - Face preprocessed: shape=(224, 224, 3), range=[-115.779, 129.320], mean=-30.676
2025-06-12 05:13:02,837 - DEBUG - Detected 1 valid faces
2025-06-12 05:13:02,838 - DEBUG - Processing batch of 1 faces, shape: (1, 224, 224, 3)
2025-06-12 05:13:03,087 - INFO - 
Face 0 Prediction Analysis:
  Top Prediction: Lacking_Focus (0.472)
  Second Best: Interested (0.389)
  Prediction Stats:
    Mean: 0.333
    Std: 0.142
    Max: 0.472
    Min: 0.139
  All Predictions:
    Bored: 0.139
    Interested: 0.389
    Lacking_Focus: 0.472
2025-06-12 05:13:03,088 - DEBUG - 📦 Processed frame: 1 faces, 793.6ms
2025-06-12 05:13:03,289 - DEBUG - Image decoded successfully: (240, 320, 3)
2025-06-12 05:13:03,779 - DEBUG - Face preprocessed: shape=(224, 224, 3), range=[-114.779, 116.061], mean=-28.029
2025-06-12 05:13:03,779 - DEBUG - Detected 1 valid faces
2025-06-12 05:13:03,780 - DEBUG - Processing batch of 1 faces, shape: (1, 224, 224, 3)
2025-06-12 05:13:04,006 - INFO - 
Face 0 Prediction Analysis:
  Top Prediction: Lacking_Focus (0.501)
  Second Best: Interested (0.386)
  Prediction Stats:
    Mean: 0.333
    Std: 0.163
    Max: 0.501
    Min: 0.113
  All Predictions:
    Bored: 0.113
    Interested: 0.386
    Lacking_Focus: 0.501
2025-06-12 05:13:04,007 - DEBUG - 📦 Processed frame: 1 faces, 719.1ms
2025-06-12 05:13:04,089 - DEBUG - Image decoded successfully: (240, 320, 3)
2025-06-12 05:13:04,586 - DEBUG - Face preprocessed: shape=(224, 224, 3), range=[-116.779, 115.061], mean=-28.111
2025-06-12 05:13:04,587 - DEBUG - Detected 1 valid faces
2025-06-12 05:13:04,588 - DEBUG - Processing batch of 1 faces, shape: (1, 224, 224, 3)
2025-06-12 05:13:04,799 - INFO - 
Face 0 Prediction Analysis:
  Top Prediction: Lacking_Focus (0.564)
  Second Best: Interested (0.317)
  Prediction Stats:
    Mean: 0.333
    Std: 0.182
    Max: 0.564
    Min: 0.119
  All Predictions:
    Bored: 0.119
    Interested: 0.317
    Lacking_Focus: 0.564
2025-06-12 05:13:04,800 - DEBUG - 📦 Processed frame: 1 faces, 711.7ms
2025-06-12 05:13:04,984 - DEBUG - Image decoded successfully: (240, 320, 3)
2025-06-12 05:13:05,505 - DEBUG - Face preprocessed: shape=(224, 224, 3), range=[-118.680, 120.061], mean=-26.988
2025-06-12 05:13:05,505 - DEBUG - Detected 1 valid faces
2025-06-12 05:13:05,506 - DEBUG - Processing batch of 1 faces, shape: (1, 224, 224, 3)
2025-06-12 05:13:05,710 - INFO - 
Face 0 Prediction Analysis:
  Top Prediction: Lacking_Focus (0.517)
  Second Best: Interested (0.383)
  Prediction Stats:
    Mean: 0.333
    Std: 0.174
    Max: 0.517
    Min: 0.100
  All Predictions:
    Bored: 0.100
    Interested: 0.383
    Lacking_Focus: 0.517
2025-06-12 05:13:05,711 - DEBUG - 📦 Processed frame: 1 faces, 727.5ms
2025-06-12 05:13:05,805 - DEBUG - Image decoded successfully: (240, 320, 3)
2025-06-12 05:13:06,351 - DEBUG - Face preprocessed: shape=(224, 224, 3), range=[-111.680, 117.061], mean=-27.735
2025-06-12 05:13:06,352 - DEBUG - Detected 1 valid faces
2025-06-12 05:13:06,353 - DEBUG - Processing batch of 1 faces, shape: (1, 224, 224, 3)
2025-06-12 05:13:06,554 - INFO - 
Face 0 Prediction Analysis:
  Top Prediction: Lacking_Focus (0.531)
  Second Best: Interested (0.357)
  Prediction Stats:
    Mean: 0.333
    Std: 0.171
    Max: 0.531
    Min: 0.113
  All Predictions:
    Bored: 0.113
    Interested: 0.357
    Lacking_Focus: 0.531
2025-06-12 05:13:06,556 - DEBUG - 📦 Processed frame: 1 faces, 751.4ms
2025-06-12 05:13:06,798 - DEBUG - Image decoded successfully: (240, 320, 3)
2025-06-12 05:13:07,285 - DEBUG - Face preprocessed: shape=(224, 224, 3), range=[-114.779, 121.061], mean=-27.326
2025-06-12 05:13:07,286 - DEBUG - Detected 1 valid faces
2025-06-12 05:13:07,287 - DEBUG - Processing batch of 1 faces, shape: (1, 224, 224, 3)
2025-06-12 05:13:07,486 - INFO - 
Face 0 Prediction Analysis:
  Top Prediction: Lacking_Focus (0.544)
  Second Best: Interested (0.334)
  Prediction Stats:
    Mean: 0.333
    Std: 0.172
    Max: 0.544
    Min: 0.122
  All Predictions:
    Bored: 0.122
    Interested: 0.334
    Lacking_Focus: 0.544
2025-06-12 05:13:07,487 - DEBUG - 📦 Processed frame: 1 faces, 689.5ms
2025-06-12 05:13:07,594 - DEBUG - Image decoded successfully: (240, 320, 3)
2025-06-12 05:13:08,127 - DEBUG - Face preprocessed: shape=(224, 224, 3), range=[-116.680, 119.061], mean=-28.568
2025-06-12 05:13:08,129 - DEBUG - Detected 1 valid faces
2025-06-12 05:13:08,131 - DEBUG - Processing batch of 1 faces, shape: (1, 224, 224, 3)
2025-06-12 05:13:08,384 - INFO - 
Face 0 Prediction Analysis:
  Top Prediction: Lacking_Focus (0.497)
  Second Best: Interested (0.370)
  Prediction Stats:
    Mean: 0.333
    Std: 0.151
    Max: 0.497
    Min: 0.133
  All Predictions:
    Bored: 0.133
    Interested: 0.370
    Lacking_Focus: 0.497
2025-06-12 05:13:08,385 - DEBUG - 📦 Processed frame: 1 faces, 791.9ms
2025-06-12 05:13:08,625 - DEBUG - Image decoded successfully: (240, 320, 3)
2025-06-12 05:13:09,155 - DEBUG - Face preprocessed: shape=(224, 224, 3), range=[-114.779, 121.061], mean=-29.015
2025-06-12 05:13:09,156 - DEBUG - Detected 1 valid faces
2025-06-12 05:13:09,157 - DEBUG - Processing batch of 1 faces, shape: (1, 224, 224, 3)
2025-06-12 05:13:09,391 - INFO - 
Face 0 Prediction Analysis:
  Top Prediction: Lacking_Focus (0.534)
  Second Best: Interested (0.355)
  Prediction Stats:
    Mean: 0.333
    Std: 0.174
    Max: 0.534
    Min: 0.111
  All Predictions:
    Bored: 0.111
    Interested: 0.355
    Lacking_Focus: 0.534
2025-06-12 05:13:09,392 - DEBUG - 📦 Processed frame: 1 faces, 767.9ms
2025-06-12 05:13:09,645 - DEBUG - Image decoded successfully: (240, 320, 3)
2025-06-12 05:13:10,137 - DEBUG - Face preprocessed: shape=(224, 224, 3), range=[-116.680, 124.061], mean=-29.347
2025-06-12 05:13:10,138 - DEBUG - Detected 1 valid faces
2025-06-12 05:13:10,141 - DEBUG - Processing batch of 1 faces, shape: (1, 224, 224, 3)
2025-06-12 05:13:10,350 - INFO - 
Face 0 Prediction Analysis:
  Top Prediction: Lacking_Focus (0.483)
  Second Best: Interested (0.405)
  Prediction Stats:
    Mean: 0.333
    Std: 0.160
    Max: 0.483
    Min: 0.111
  All Predictions:
    Bored: 0.111
    Interested: 0.405
    Lacking_Focus: 0.483
2025-06-12 05:13:10,351 - INFO - Face 0: Switched to Interested due to threshold
2025-06-12 05:13:10,352 - DEBUG - 📦 Processed frame: 1 faces, 708.0ms
2025-06-12 05:13:10,383 - DEBUG - Image decoded successfully: (240, 320, 3)
2025-06-12 05:13:10,843 - DEBUG - Face preprocessed: shape=(224, 224, 3), range=[-112.680, 123.061], mean=-26.140
2025-06-12 05:13:10,844 - DEBUG - Detected 1 valid faces
2025-06-12 05:13:10,845 - DEBUG - Processing batch of 1 faces, shape: (1, 224, 224, 3)
2025-06-12 05:13:11,055 - INFO - 
Face 0 Prediction Analysis:
  Top Prediction: Lacking_Focus (0.466)
  Second Best: Interested (0.424)
  Prediction Stats:
    Mean: 0.333
    Std: 0.159
    Max: 0.466
    Min: 0.110
  All Predictions:
    Bored: 0.110
    Interested: 0.424
    Lacking_Focus: 0.466
2025-06-12 05:13:11,056 - INFO - Face 0: Switched to Interested due to threshold
2025-06-12 05:13:11,057 - DEBUG - 📦 Processed frame: 1 faces, 674.2ms
2025-06-12 05:13:11,221 - DEBUG - Image decoded successfully: (240, 320, 3)
2025-06-12 05:13:11,722 - DEBUG - Face preprocessed: shape=(224, 224, 3), range=[-111.779, 114.061], mean=-29.081
2025-06-12 05:13:11,724 - DEBUG - Detected 1 valid faces
2025-06-12 05:13:11,725 - DEBUG - Processing batch of 1 faces, shape: (1, 224, 224, 3)
2025-06-12 05:13:11,915 - INFO - 
Face 0 Prediction Analysis:
  Top Prediction: Lacking_Focus (0.496)
  Second Best: Interested (0.366)
  Prediction Stats:
    Mean: 0.333
    Std: 0.148
    Max: 0.496
    Min: 0.137
  All Predictions:
    Bored: 0.137
    Interested: 0.366
    Lacking_Focus: 0.496
2025-06-12 05:13:11,916 - DEBUG - 📦 Processed frame: 1 faces, 696.2ms
2025-06-12 05:13:12,009 - DEBUG - Image decoded successfully: (240, 320, 3)
2025-06-12 05:13:12,508 - DEBUG - Face preprocessed: shape=(224, 224, 3), range=[-113.680, 115.061], mean=-28.619
2025-06-12 05:13:12,509 - DEBUG - Detected 1 valid faces
2025-06-12 05:13:12,511 - DEBUG - Processing batch of 1 faces, shape: (1, 224, 224, 3)
2025-06-12 05:13:12,718 - INFO - 
Face 0 Prediction Analysis:
  Top Prediction: Lacking_Focus (0.482)
  Second Best: Interested (0.401)
  Prediction Stats:
    Mean: 0.333
    Std: 0.156
    Max: 0.482
    Min: 0.117
  All Predictions:
    Bored: 0.117
    Interested: 0.401
    Lacking_Focus: 0.482
2025-06-12 05:13:12,719 - INFO - Face 0: Switched to Interested due to threshold
2025-06-12 05:13:12,721 - DEBUG - 📦 Processed frame: 1 faces, 713.6ms
2025-06-12 05:13:12,922 - DEBUG - Image decoded successfully: (240, 320, 3)
2025-06-12 05:13:13,414 - DEBUG - Face preprocessed: shape=(224, 224, 3), range=[-114.680, 114.061], mean=-27.342
2025-06-12 05:13:13,415 - DEBUG - Detected 1 valid faces
2025-06-12 05:13:13,416 - DEBUG - Processing batch of 1 faces, shape: (1, 224, 224, 3)
2025-06-12 05:13:13,635 - INFO - 
Face 0 Prediction Analysis:
  Top Prediction: Lacking_Focus (0.480)
  Second Best: Interested (0.420)
  Prediction Stats:
    Mean: 0.333
    Std: 0.167
    Max: 0.480
    Min: 0.100
  All Predictions:
    Bored: 0.100
    Interested: 0.420
    Lacking_Focus: 0.480
2025-06-12 05:13:13,636 - INFO - Face 0: Switched to Interested due to threshold
2025-06-12 05:13:13,637 - DEBUG - 📦 Processed frame: 1 faces, 716.7ms
2025-06-12 05:13:13,683 - DEBUG - Image decoded successfully: (240, 320, 3)
2025-06-12 05:13:14,270 - DEBUG - Face preprocessed: shape=(224, 224, 3), range=[-117.680, 120.061], mean=-26.564
2025-06-12 05:13:14,271 - DEBUG - Detected 1 valid faces
2025-06-12 05:13:14,272 - DEBUG - Processing batch of 1 faces, shape: (1, 224, 224, 3)
2025-06-12 05:13:14,502 - INFO - 
Face 0 Prediction Analysis:
  Top Prediction: Lacking_Focus (0.546)
  Second Best: Interested (0.328)
  Prediction Stats:
    Mean: 0.333
    Std: 0.172
    Max: 0.546
    Min: 0.126
  All Predictions:
    Bored: 0.126
    Interested: 0.328
    Lacking_Focus: 0.546
2025-06-12 05:13:14,503 - DEBUG - 📦 Processed frame: 1 faces, 821.6ms
2025-06-12 05:13:14,696 - DEBUG - Image decoded successfully: (240, 320, 3)
2025-06-12 05:13:15,180 - DEBUG - Face preprocessed: shape=(224, 224, 3), range=[-115.680, 112.061], mean=-28.510
2025-06-12 05:13:15,181 - DEBUG - Detected 1 valid faces
2025-06-12 05:13:15,182 - DEBUG - Processing batch of 1 faces, shape: (1, 224, 224, 3)
2025-06-12 05:13:15,399 - INFO - 
Face 0 Prediction Analysis:
  Top Prediction: Lacking_Focus (0.468)
  Second Best: Interested (0.412)
  Prediction Stats:
    Mean: 0.333
    Std: 0.152
    Max: 0.468
    Min: 0.120
  All Predictions:
    Bored: 0.120
    Interested: 0.412
    Lacking_Focus: 0.468
2025-06-12 05:13:15,400 - INFO - Face 0: Switched to Interested due to threshold
2025-06-12 05:13:15,401 - DEBUG - 📦 Processed frame: 1 faces, 706.5ms
2025-06-12 05:13:15,518 - DEBUG - Image decoded successfully: (240, 320, 3)
2025-06-12 05:13:15,994 - DEBUG - Face preprocessed: shape=(224, 224, 3), range=[-114.680, 116.061], mean=-17.149
2025-06-12 05:13:15,996 - DEBUG - Detected 1 valid faces
2025-06-12 05:13:15,999 - DEBUG - Processing batch of 1 faces, shape: (1, 224, 224, 3)
2025-06-12 05:13:16,245 - INFO - 
Face 0 Prediction Analysis:
  Top Prediction: Lacking_Focus (0.406)
  Second Best: Interested (0.352)
  Prediction Stats:
    Mean: 0.333
    Std: 0.068
    Max: 0.406
    Min: 0.242
  All Predictions:
    Bored: 0.242
    Interested: 0.352
    Lacking_Focus: 0.406
2025-06-12 05:13:16,247 - DEBUG - 📦 Processed frame: 1 faces, 729.4ms
2025-06-12 05:13:16,509 - DEBUG - Image decoded successfully: (240, 320, 3)
2025-06-12 05:13:17,022 - DEBUG - Face preprocessed: shape=(224, 224, 3), range=[-109.680, 131.320], mean=-15.672
2025-06-12 05:13:17,024 - DEBUG - Detected 1 valid faces
2025-06-12 05:13:17,025 - DEBUG - Processing batch of 1 faces, shape: (1, 224, 224, 3)
2025-06-12 05:13:17,270 - INFO - 
Face 0 Prediction Analysis:
  Top Prediction: Interested (0.467)
  Second Best: Lacking_Focus (0.378)
  Prediction Stats:
    Mean: 0.333
    Std: 0.131
    Max: 0.467
    Min: 0.156
  All Predictions:
    Bored: 0.156
    Interested: 0.467
    Lacking_Focus: 0.378
2025-06-12 05:13:17,272 - DEBUG - 📦 Processed frame: 1 faces, 763.4ms
2025-06-12 05:13:17,514 - DEBUG - Image decoded successfully: (240, 320, 3)
2025-06-12 05:13:18,059 - DEBUG - Face preprocessed: shape=(224, 224, 3), range=[-116.680, 110.320], mean=-34.862
2025-06-12 05:13:18,060 - DEBUG - Detected 1 valid faces
2025-06-12 05:13:18,061 - DEBUG - Processing batch of 1 faces, shape: (1, 224, 224, 3)
2025-06-12 05:13:18,277 - INFO - 
Face 0 Prediction Analysis:
  Top Prediction: Interested (0.367)
  Second Best: Bored (0.361)
  Prediction Stats:
    Mean: 0.333
    Std: 0.044
    Max: 0.367
    Min: 0.272
  All Predictions:
    Bored: 0.361
    Interested: 0.367
    Lacking_Focus: 0.272
2025-06-12 05:13:18,278 - DEBUG - 📦 Processed frame: 2 faces, 764.7ms
2025-06-12 05:13:18,397 - DEBUG - Image decoded successfully: (240, 320, 3)
2025-06-12 05:13:18,943 - DEBUG - Face preprocessed: shape=(224, 224, 3), range=[-116.779, 133.061], mean=-30.909
2025-06-12 05:13:18,944 - DEBUG - Detected 1 valid faces
2025-06-12 05:13:18,944 - DEBUG - Processing batch of 1 faces, shape: (1, 224, 224, 3)
2025-06-12 05:13:19,169 - INFO - 
Face 0 Prediction Analysis:
  Top Prediction: Lacking_Focus (0.381)
  Second Best: Interested (0.352)
  Prediction Stats:
    Mean: 0.333
    Std: 0.049
    Max: 0.381
    Min: 0.266
  All Predictions:
    Bored: 0.266
    Interested: 0.352
    Lacking_Focus: 0.381
2025-06-12 05:13:19,170 - DEBUG - 📦 Processed frame: 2 faces, 773.7ms
2025-06-12 05:13:19,384 - DEBUG - Image decoded successfully: (240, 320, 3)
2025-06-12 05:13:19,865 - DEBUG - Face preprocessed: shape=(224, 224, 3), range=[-111.680, 128.061], mean=-24.594
2025-06-12 05:13:19,866 - DEBUG - Detected 1 valid faces
2025-06-12 05:13:19,867 - DEBUG - Processing batch of 1 faces, shape: (1, 224, 224, 3)
2025-06-12 05:13:20,092 - INFO - 
Face 0 Prediction Analysis:
  Top Prediction: Lacking_Focus (0.363)
  Second Best: Bored (0.320)
  Prediction Stats:
    Mean: 0.333
    Std: 0.021
    Max: 0.363
    Min: 0.317
  All Predictions:
    Bored: 0.320
    Interested: 0.317
    Lacking_Focus: 0.363
2025-06-12 05:13:20,093 - DEBUG - 📦 Processed frame: 2 faces, 709.4ms
2025-06-12 05:13:20,193 - DEBUG - Image decoded successfully: (240, 320, 3)
2025-06-12 05:13:20,699 - DEBUG - Face preprocessed: shape=(224, 224, 3), range=[-109.779, 90.061], mean=-57.258
2025-06-12 05:13:20,699 - DEBUG - Detected 1 valid faces
2025-06-12 05:13:20,700 - DEBUG - Processing batch of 1 faces, shape: (1, 224, 224, 3)
2025-06-12 05:13:20,924 - INFO - 
Face 0 Prediction Analysis:
  Top Prediction: Lacking_Focus (0.521)
  Second Best: Interested (0.277)
  Prediction Stats:
    Mean: 0.333
    Std: 0.136
    Max: 0.521
    Min: 0.202
  All Predictions:
    Bored: 0.202
    Interested: 0.277
    Lacking_Focus: 0.521
2025-06-12 05:13:20,925 - DEBUG - 📦 Processed frame: 2 faces, 733.3ms
2025-06-12 05:13:21,087 - DEBUG - Image decoded successfully: (240, 320, 3)
2025-06-12 05:13:21,599 - DEBUG - Face preprocessed: shape=(224, 224, 3), range=[-110.680, 138.061], mean=-18.249
2025-06-12 05:13:21,600 - DEBUG - Detected 1 valid faces
2025-06-12 05:13:21,601 - DEBUG - Processing batch of 1 faces, shape: (1, 224, 224, 3)
2025-06-12 05:13:21,802 - INFO - 
Face 0 Prediction Analysis:
  Top Prediction: Lacking_Focus (0.504)
  Second Best: Interested (0.362)
  Prediction Stats:
    Mean: 0.333
    Std: 0.152
    Max: 0.504
    Min: 0.134
  All Predictions:
    Bored: 0.134
    Interested: 0.362
    Lacking_Focus: 0.504
2025-06-12 05:13:21,803 - DEBUG - 📦 Processed frame: 2 faces, 716.5ms
2025-06-12 05:13:21,899 - DEBUG - Image decoded successfully: (240, 320, 3)
2025-06-12 05:13:22,369 - DEBUG - Face preprocessed: shape=(224, 224, 3), range=[-113.680, 115.320], mean=-21.430
2025-06-12 05:13:22,370 - DEBUG - Detected 1 valid faces
2025-06-12 05:13:22,372 - DEBUG - Processing batch of 1 faces, shape: (1, 224, 224, 3)
2025-06-12 05:13:22,575 - INFO - 
Face 0 Prediction Analysis:
  Top Prediction: Lacking_Focus (0.498)
  Second Best: Interested (0.316)
  Prediction Stats:
    Mean: 0.333
    Std: 0.128
    Max: 0.498
    Min: 0.186
  All Predictions:
    Bored: 0.186
    Interested: 0.316
    Lacking_Focus: 0.498
2025-06-12 05:13:22,576 - DEBUG - 📦 Processed frame: 2 faces, 677.8ms
2025-06-12 05:13:22,790 - DEBUG - Image decoded successfully: (240, 320, 3)
2025-06-12 05:13:23,344 - DEBUG - Face preprocessed: shape=(224, 224, 3), range=[-113.779, 111.320], mean=-26.053
2025-06-12 05:13:23,345 - DEBUG - Detected 1 valid faces
2025-06-12 05:13:23,346 - DEBUG - Processing batch of 1 faces, shape: (1, 224, 224, 3)
2025-06-12 05:13:23,546 - INFO - 
Face 0 Prediction Analysis:
  Top Prediction: Lacking_Focus (0.443)
  Second Best: Interested (0.379)
  Prediction Stats:
    Mean: 0.333
    Std: 0.113
    Max: 0.443
    Min: 0.178
  All Predictions:
    Bored: 0.178
    Interested: 0.379
    Lacking_Focus: 0.443
2025-06-12 05:13:23,548 - DEBUG - 📦 Processed frame: 2 faces, 758.6ms
2025-06-12 05:13:23,589 - DEBUG - Image decoded successfully: (240, 320, 3)
2025-06-12 05:13:24,059 - DEBUG - Face preprocessed: shape=(224, 224, 3), range=[-110.680, 131.320], mean=-27.084
2025-06-12 05:13:24,060 - DEBUG - Detected 1 valid faces
2025-06-12 05:13:24,061 - DEBUG - Processing batch of 1 faces, shape: (1, 224, 224, 3)
2025-06-12 05:13:24,290 - INFO - 
Face 0 Prediction Analysis:
  Top Prediction: Lacking_Focus (0.577)
  Second Best: Interested (0.315)
  Prediction Stats:
    Mean: 0.333
    Std: 0.192
    Max: 0.577
    Min: 0.108
  All Predictions:
    Bored: 0.108
    Interested: 0.315
    Lacking_Focus: 0.577
2025-06-12 05:13:24,295 - DEBUG - 📦 Processed frame: 2 faces, 706.7ms
2025-06-12 05:13:24,882 - DEBUG - Image decoded successfully: (240, 320, 3)
2025-06-12 05:13:25,399 - DEBUG - Face preprocessed: shape=(224, 224, 3), range=[-112.680, 131.320], mean=-26.998
2025-06-12 05:13:25,399 - DEBUG - Detected 1 valid faces
2025-06-12 05:13:25,400 - DEBUG - Processing batch of 1 faces, shape: (1, 224, 224, 3)
2025-06-12 05:13:25,608 - INFO - 
Face 0 Prediction Analysis:
  Top Prediction: Lacking_Focus (0.600)
  Second Best: Interested (0.297)
  Prediction Stats:
    Mean: 0.333
    Std: 0.204
    Max: 0.600
    Min: 0.103
  All Predictions:
    Bored: 0.103
    Interested: 0.297
    Lacking_Focus: 0.600
2025-06-12 05:13:25,609 - DEBUG - 📦 Processed frame: 2 faces, 727.3ms
2025-06-12 05:13:25,698 - DEBUG - Image decoded successfully: (240, 320, 3)
2025-06-12 05:13:26,259 - DEBUG - Face preprocessed: shape=(224, 224, 3), range=[-116.779, 129.320], mean=-29.144
2025-06-12 05:13:26,260 - DEBUG - Detected 1 valid faces
2025-06-12 05:13:26,261 - DEBUG - Processing batch of 1 faces, shape: (1, 224, 224, 3)
2025-06-12 05:13:26,475 - INFO - 
Face 0 Prediction Analysis:
  Top Prediction: Lacking_Focus (0.578)
  Second Best: Interested (0.313)
  Prediction Stats:
    Mean: 0.333
    Std: 0.192
    Max: 0.578
    Min: 0.109
  All Predictions:
    Bored: 0.109
    Interested: 0.313
    Lacking_Focus: 0.578
2025-06-12 05:13:26,476 - DEBUG - 📦 Processed frame: 1 faces, 778.9ms
2025-06-12 05:13:26,698 - DEBUG - Image decoded successfully: (240, 320, 3)
2025-06-12 05:13:27,171 - DEBUG - Face preprocessed: shape=(224, 224, 3), range=[-115.680, 128.061], mean=-27.204
2025-06-12 05:13:27,172 - DEBUG - Detected 1 valid faces
2025-06-12 05:13:27,173 - DEBUG - Processing batch of 1 faces, shape: (1, 224, 224, 3)
2025-06-12 05:13:27,396 - INFO - 
Face 0 Prediction Analysis:
  Top Prediction: Lacking_Focus (0.619)
  Second Best: Interested (0.300)
  Prediction Stats:
    Mean: 0.333
    Std: 0.221
    Max: 0.619
    Min: 0.081
  All Predictions:
    Bored: 0.081
    Interested: 0.300
    Lacking_Focus: 0.619
2025-06-12 05:13:27,397 - DEBUG - 📦 Processed frame: 1 faces, 700.4ms
2025-06-12 05:13:27,498 - DEBUG - Image decoded successfully: (240, 320, 3)
2025-06-12 05:13:27,963 - DEBUG - Face preprocessed: shape=(224, 224, 3), range=[-115.680, 131.320], mean=-27.552
2025-06-12 05:13:27,964 - DEBUG - Detected 1 valid faces
2025-06-12 05:13:27,964 - DEBUG - Processing batch of 1 faces, shape: (1, 224, 224, 3)
2025-06-12 05:13:28,170 - INFO - 
Face 0 Prediction Analysis:
  Top Prediction: Lacking_Focus (0.633)
  Second Best: Interested (0.246)
  Prediction Stats:
    Mean: 0.333
    Std: 0.218
    Max: 0.633
    Min: 0.121
  All Predictions:
    Bored: 0.121
    Interested: 0.246
    Lacking_Focus: 0.633
2025-06-12 05:13:28,172 - DEBUG - 📦 Processed frame: 1 faces, 674.8ms
2025-06-12 05:13:28,400 - DEBUG - Image decoded successfully: (240, 320, 3)
2025-06-12 05:13:28,870 - DEBUG - Face preprocessed: shape=(224, 224, 3), range=[-115.680, 126.061], mean=-29.076
2025-06-12 05:13:28,871 - DEBUG - Detected 1 valid faces
2025-06-12 05:13:28,872 - DEBUG - Processing batch of 1 faces, shape: (1, 224, 224, 3)
2025-06-12 05:13:29,094 - INFO - 
Face 0 Prediction Analysis:
  Top Prediction: Lacking_Focus (0.613)
  Second Best: Interested (0.279)
  Prediction Stats:
    Mean: 0.333
    Std: 0.210
    Max: 0.613
    Min: 0.108
  All Predictions:
    Bored: 0.108
    Interested: 0.279
    Lacking_Focus: 0.613
2025-06-12 05:13:29,096 - DEBUG - 📦 Processed frame: 1 faces, 696.6ms
2025-06-12 05:13:29,188 - DEBUG - Image decoded successfully: (240, 320, 3)
2025-06-12 05:13:29,728 - DEBUG - Face preprocessed: shape=(224, 224, 3), range=[-117.680, 131.320], mean=-28.930
2025-06-12 05:13:29,729 - DEBUG - Detected 1 valid faces
2025-06-12 05:13:29,729 - DEBUG - Processing batch of 1 faces, shape: (1, 224, 224, 3)
2025-06-12 05:13:29,931 - INFO - 
Face 0 Prediction Analysis:
  Top Prediction: Lacking_Focus (0.614)
  Second Best: Interested (0.300)
  Prediction Stats:
    Mean: 0.333
    Std: 0.217
    Max: 0.614
    Min: 0.086
  All Predictions:
    Bored: 0.086
    Interested: 0.300
    Lacking_Focus: 0.614
2025-06-12 05:13:29,932 - DEBUG - 📦 Processed frame: 1 faces, 744.7ms
2025-06-12 05:13:29,943 - INFO - ❌ Client disconnected
2025-06-12 05:13:29,944 - INFO - Disconnect reason: disconnect
2025-06-12 05:13:30,089 - INFO - ✅ Client connected
2025-06-12 05:13:31,238 - DEBUG - Image decoded successfully: (240, 320, 3)
2025-06-12 05:13:31,695 - DEBUG - Face preprocessed: shape=(224, 224, 3), range=[-116.779, 128.320], mean=-28.127
2025-06-12 05:13:31,696 - DEBUG - Detected 1 valid faces
2025-06-12 05:13:31,697 - DEBUG - Processing batch of 1 faces, shape: (1, 224, 224, 3)
2025-06-12 05:13:31,933 - INFO - 
Face 0 Prediction Analysis:
  Top Prediction: Lacking_Focus (0.709)
  Second Best: Interested (0.197)
  Prediction Stats:
    Mean: 0.333
    Std: 0.269
    Max: 0.709
    Min: 0.094
  All Predictions:
    Bored: 0.094
    Interested: 0.197
    Lacking_Focus: 0.709
2025-06-12 05:13:31,934 - DEBUG - 📦 Processed frame: 1 faces, 696.3ms
2025-06-12 05:13:32,048 - DEBUG - Image decoded successfully: (240, 320, 3)
2025-06-12 05:13:32,580 - DEBUG - Face preprocessed: shape=(224, 224, 3), range=[-117.680, 131.320], mean=-27.035
2025-06-12 05:13:32,581 - DEBUG - Detected 1 valid faces
2025-06-12 05:13:32,582 - DEBUG - Processing batch of 1 faces, shape: (1, 224, 224, 3)
2025-06-12 05:13:32,789 - INFO - 
Face 0 Prediction Analysis:
  Top Prediction: Lacking_Focus (0.760)
  Second Best: Interested (0.170)
  Prediction Stats:
    Mean: 0.333
    Std: 0.304
    Max: 0.760
    Min: 0.071
  All Predictions:
    Bored: 0.071
    Interested: 0.170
    Lacking_Focus: 0.760
2025-06-12 05:13:32,790 - DEBUG - 📦 Processed frame: 1 faces, 743.6ms
2025-06-12 05:13:33,038 - DEBUG - Image decoded successfully: (240, 320, 3)
2025-06-12 05:13:33,569 - DEBUG - Face preprocessed: shape=(224, 224, 3), range=[-121.680, 130.320], mean=-27.397
2025-06-12 05:13:33,570 - DEBUG - Detected 1 valid faces
2025-06-12 05:13:33,571 - DEBUG - Processing batch of 1 faces, shape: (1, 224, 224, 3)
2025-06-12 05:13:33,778 - INFO - 
Face 0 Prediction Analysis:
  Top Prediction: Lacking_Focus (0.777)
  Second Best: Interested (0.147)
  Prediction Stats:
    Mean: 0.333
    Std: 0.315
    Max: 0.777
    Min: 0.076
  All Predictions:
    Bored: 0.076
    Interested: 0.147
    Lacking_Focus: 0.777
2025-06-12 05:13:33,780 - DEBUG - 📦 Processed frame: 1 faces, 742.7ms
2025-06-12 05:13:33,828 - DEBUG - Image decoded successfully: (240, 320, 3)
2025-06-12 05:13:34,379 - DEBUG - Face preprocessed: shape=(224, 224, 3), range=[-118.680, 131.320], mean=-24.510
2025-06-12 05:13:34,380 - DEBUG - Detected 1 valid faces
2025-06-12 05:13:34,381 - DEBUG - Processing batch of 1 faces, shape: (1, 224, 224, 3)
2025-06-12 05:13:34,593 - INFO - 
Face 0 Prediction Analysis:
  Top Prediction: Lacking_Focus (0.635)
  Second Best: Interested (0.248)
  Prediction Stats:
    Mean: 0.333
    Std: 0.220
    Max: 0.635
    Min: 0.117
  All Predictions:
    Bored: 0.117
    Interested: 0.248
    Lacking_Focus: 0.635
2025-06-12 05:13:34,594 - DEBUG - 📦 Processed frame: 1 faces, 767.4ms
2025-06-12 05:13:34,764 - DEBUG - Image decoded successfully: (240, 320, 3)
2025-06-12 05:13:35,278 - DEBUG - Face preprocessed: shape=(224, 224, 3), range=[-114.680, 131.320], mean=-25.340
2025-06-12 05:13:35,279 - DEBUG - Detected 1 valid faces
2025-06-12 05:13:35,280 - DEBUG - Processing batch of 1 faces, shape: (1, 224, 224, 3)
2025-06-12 05:13:35,491 - INFO - 
Face 0 Prediction Analysis:
  Top Prediction: Lacking_Focus (0.481)
  Second Best: Interested (0.412)
  Prediction Stats:
    Mean: 0.333
    Std: 0.162
    Max: 0.481
    Min: 0.107
  All Predictions:
    Bored: 0.107
    Interested: 0.412
    Lacking_Focus: 0.481
2025-06-12 05:13:35,492 - INFO - Face 0: Switched to Interested due to threshold
2025-06-12 05:13:35,493 - DEBUG - 📦 Processed frame: 1 faces, 730.7ms
2025-06-12 05:13:35,528 - DEBUG - Image decoded successfully: (240, 320, 3)
2025-06-12 05:13:35,986 - DEBUG - Face preprocessed: shape=(224, 224, 3), range=[-112.680, 131.320], mean=-23.398
2025-06-12 05:13:35,987 - DEBUG - Detected 1 valid faces
2025-06-12 05:13:35,988 - DEBUG - Processing batch of 1 faces, shape: (1, 224, 224, 3)
2025-06-12 05:13:36,197 - INFO - 
Face 0 Prediction Analysis:
  Top Prediction: Lacking_Focus (0.346)
  Second Best: Bored (0.331)
  Prediction Stats:
    Mean: 0.333
    Std: 0.009
    Max: 0.346
    Min: 0.323
  All Predictions:
    Bored: 0.331
    Interested: 0.323
    Lacking_Focus: 0.346
2025-06-12 05:13:36,198 - DEBUG - 📦 Processed frame: 1 faces, 670.4ms
2025-06-12 05:13:36,447 - DEBUG - Image decoded successfully: (240, 320, 3)
2025-06-12 05:13:36,945 - DEBUG - Face preprocessed: shape=(224, 224, 3), range=[-111.680, 137.061], mean=-23.866
2025-06-12 05:13:36,946 - DEBUG - Detected 1 valid faces
2025-06-12 05:13:36,947 - DEBUG - Processing batch of 1 faces, shape: (1, 224, 224, 3)
2025-06-12 05:13:37,146 - INFO - 
Face 0 Prediction Analysis:
  Top Prediction: Lacking_Focus (0.467)
  Second Best: Interested (0.377)
  Prediction Stats:
    Mean: 0.333
    Std: 0.131
    Max: 0.467
    Min: 0.156
  All Predictions:
    Bored: 0.156
    Interested: 0.377
    Lacking_Focus: 0.467
2025-06-12 05:13:37,148 - DEBUG - 📦 Processed frame: 1 faces, 702.9ms
2025-06-12 05:13:37,241 - DEBUG - Image decoded successfully: (240, 320, 3)
2025-06-12 05:13:37,744 - DEBUG - Face preprocessed: shape=(224, 224, 3), range=[-111.680, 136.061], mean=-25.614
2025-06-12 05:13:37,745 - DEBUG - Detected 1 valid faces
2025-06-12 05:13:37,746 - DEBUG - Processing batch of 1 faces, shape: (1, 224, 224, 3)
2025-06-12 05:13:37,947 - INFO - 
Face 0 Prediction Analysis:
  Top Prediction: Lacking_Focus (0.544)
  Second Best: Interested (0.373)
  Prediction Stats:
    Mean: 0.333
    Std: 0.190
    Max: 0.544
    Min: 0.083
  All Predictions:
    Bored: 0.083
    Interested: 0.373
    Lacking_Focus: 0.544
2025-06-12 05:13:37,948 - DEBUG - 📦 Processed frame: 1 faces, 708.6ms
2025-06-12 05:13:38,149 - DEBUG - Image decoded successfully: (240, 320, 3)
2025-06-12 05:13:38,646 - DEBUG - Face preprocessed: shape=(224, 224, 3), range=[-111.680, 131.320], mean=-23.990
2025-06-12 05:13:38,647 - DEBUG - Detected 1 valid faces
2025-06-12 05:13:38,648 - DEBUG - Processing batch of 1 faces, shape: (1, 224, 224, 3)
2025-06-12 05:13:38,863 - INFO - 
Face 0 Prediction Analysis:
  Top Prediction: Lacking_Focus (0.552)
  Second Best: Interested (0.349)
  Prediction Stats:
    Mean: 0.333
    Std: 0.185
    Max: 0.552
    Min: 0.100
  All Predictions:
    Bored: 0.100
    Interested: 0.349
    Lacking_Focus: 0.552
2025-06-12 05:13:38,864 - DEBUG - 📦 Processed frame: 1 faces, 716.4ms
2025-06-12 05:13:38,939 - DEBUG - Image decoded successfully: (240, 320, 3)
2025-06-12 05:13:39,440 - DEBUG - Face preprocessed: shape=(224, 224, 3), range=[-112.680, 131.320], mean=-24.389
2025-06-12 05:13:39,441 - DEBUG - Detected 1 valid faces
2025-06-12 05:13:39,442 - DEBUG - Processing batch of 1 faces, shape: (1, 224, 224, 3)
2025-06-12 05:13:39,664 - INFO - 
Face 0 Prediction Analysis:
  Top Prediction: Lacking_Focus (0.570)
  Second Best: Interested (0.358)
  Prediction Stats:
    Mean: 0.333
    Std: 0.204
    Max: 0.570
    Min: 0.072
  All Predictions:
    Bored: 0.072
    Interested: 0.358
    Lacking_Focus: 0.570
2025-06-12 05:13:39,665 - DEBUG - 📦 Processed frame: 1 faces, 727.2ms
2025-06-12 05:13:39,914 - DEBUG - Image decoded successfully: (240, 320, 3)
2025-06-12 05:13:40,482 - DEBUG - Face preprocessed: shape=(224, 224, 3), range=[-114.680, 130.320], mean=-24.392
2025-06-12 05:13:40,484 - DEBUG - Detected 1 valid faces
2025-06-12 05:13:40,485 - DEBUG - Processing batch of 1 faces, shape: (1, 224, 224, 3)
2025-06-12 05:13:40,682 - INFO - 
Face 0 Prediction Analysis:
  Top Prediction: Lacking_Focus (0.571)
  Second Best: Interested (0.370)
  Prediction Stats:
    Mean: 0.333
    Std: 0.210
    Max: 0.571
    Min: 0.059
  All Predictions:
    Bored: 0.059
    Interested: 0.370
    Lacking_Focus: 0.571
2025-06-12 05:13:40,684 - DEBUG - 📦 Processed frame: 1 faces, 770.5ms
2025-06-12 05:13:40,743 - DEBUG - Image decoded successfully: (240, 320, 3)
2025-06-12 05:13:41,319 - DEBUG - Face preprocessed: shape=(224, 224, 3), range=[-116.779, 131.320], mean=-23.494
2025-06-12 05:13:41,320 - DEBUG - Detected 1 valid faces
2025-06-12 05:13:41,321 - DEBUG - Processing batch of 1 faces, shape: (1, 224, 224, 3)
2025-06-12 05:13:41,523 - INFO - 
Face 0 Prediction Analysis:
  Top Prediction: Lacking_Focus (0.546)
  Second Best: Interested (0.392)
  Prediction Stats:
    Mean: 0.333
    Std: 0.202
    Max: 0.546
    Min: 0.062
  All Predictions:
    Bored: 0.062
    Interested: 0.392
    Lacking_Focus: 0.546
2025-06-12 05:13:41,524 - DEBUG - 📦 Processed frame: 1 faces, 783.0ms
2025-06-12 05:13:41,737 - DEBUG - Image decoded successfully: (240, 320, 3)
2025-06-12 05:13:42,243 - DEBUG - Face preprocessed: shape=(224, 224, 3), range=[-116.680, 134.061], mean=-25.873
2025-06-12 05:13:42,244 - DEBUG - Detected 1 valid faces
2025-06-12 05:13:42,245 - DEBUG - Processing batch of 1 faces, shape: (1, 224, 224, 3)
2025-06-12 05:13:42,895 - INFO - 
Face 0 Prediction Analysis:
  Top Prediction: Lacking_Focus (0.520)
  Second Best: Interested (0.403)
  Prediction Stats:
    Mean: 0.333
    Std: 0.187
    Max: 0.520
    Min: 0.077
  All Predictions:
    Bored: 0.077
    Interested: 0.403
    Lacking_Focus: 0.520
2025-06-12 05:13:42,897 - DEBUG - 📦 Processed frame: 1 faces, 1161.4ms
2025-06-12 05:13:43,142 - DEBUG - Image decoded successfully: (240, 320, 3)
2025-06-12 05:13:43,669 - DEBUG - Face preprocessed: shape=(224, 224, 3), range=[-113.680, 150.061], mean=-26.960
2025-06-12 05:13:43,670 - DEBUG - Detected 1 valid faces
2025-06-12 05:13:43,672 - DEBUG - Processing batch of 1 faces, shape: (1, 224, 224, 3)
2025-06-12 05:13:43,872 - INFO - 
Face 0 Prediction Analysis:
  Top Prediction: Lacking_Focus (0.511)
  Second Best: Interested (0.394)
  Prediction Stats:
    Mean: 0.333
    Std: 0.175
    Max: 0.511
    Min: 0.096
  All Predictions:
    Bored: 0.096
    Interested: 0.394
    Lacking_Focus: 0.511
2025-06-12 05:13:43,873 - DEBUG - 📦 Processed frame: 1 faces, 730.9ms
2025-06-12 05:13:44,180 - DEBUG - Image decoded successfully: (240, 320, 3)
2025-06-12 05:13:44,679 - DEBUG - Face preprocessed: shape=(224, 224, 3), range=[-119.680, 151.061], mean=-28.813
2025-06-12 05:13:44,680 - DEBUG - Detected 1 valid faces
2025-06-12 05:13:44,681 - DEBUG - Processing batch of 1 faces, shape: (1, 224, 224, 3)
2025-06-12 05:13:44,893 - INFO - 
Face 0 Prediction Analysis:
  Top Prediction: Lacking_Focus (0.621)
  Second Best: Interested (0.317)
  Prediction Stats:
    Mean: 0.333
    Std: 0.228
    Max: 0.621
    Min: 0.062
  All Predictions:
    Bored: 0.062
    Interested: 0.317
    Lacking_Focus: 0.621
2025-06-12 05:13:44,894 - DEBUG - 📦 Processed frame: 1 faces, 715.0ms
2025-06-12 05:13:44,939 - DEBUG - Image decoded successfully: (240, 320, 3)
2025-06-12 05:13:45,429 - DEBUG - Face preprocessed: shape=(224, 224, 3), range=[-114.779, 151.061], mean=-27.187
2025-06-12 05:13:45,430 - DEBUG - Detected 1 valid faces
2025-06-12 05:13:45,432 - DEBUG - Processing batch of 1 faces, shape: (1, 224, 224, 3)
2025-06-12 05:13:45,664 - INFO - 
Face 0 Prediction Analysis:
  Top Prediction: Lacking_Focus (0.534)
  Second Best: Interested (0.411)
  Prediction Stats:
    Mean: 0.333
    Std: 0.203
    Max: 0.534
    Min: 0.056
  All Predictions:
    Bored: 0.056
    Interested: 0.411
    Lacking_Focus: 0.534
2025-06-12 05:13:45,665 - DEBUG - 📦 Processed frame: 1 faces, 726.9ms
2025-06-12 05:13:45,936 - DEBUG - Image decoded successfully: (240, 320, 3)
2025-06-12 05:13:46,415 - DEBUG - Face preprocessed: shape=(224, 224, 3), range=[-116.779, 151.061], mean=-25.723
2025-06-12 05:13:46,416 - DEBUG - Detected 1 valid faces
2025-06-12 05:13:46,417 - DEBUG - Processing batch of 1 faces, shape: (1, 224, 224, 3)
2025-06-12 05:13:46,640 - INFO - 
Face 0 Prediction Analysis:
  Top Prediction: Lacking_Focus (0.577)
  Second Best: Interested (0.349)
  Prediction Stats:
    Mean: 0.333
    Std: 0.205
    Max: 0.577
    Min: 0.074
  All Predictions:
    Bored: 0.074
    Interested: 0.349
    Lacking_Focus: 0.577
2025-06-12 05:13:46,644 - DEBUG - 📦 Processed frame: 1 faces, 708.5ms
2025-06-12 05:13:46,758 - DEBUG - Image decoded successfully: (240, 320, 3)
2025-06-12 05:13:47,237 - DEBUG - Face preprocessed: shape=(224, 224, 3), range=[-113.680, 151.061], mean=-25.275
2025-06-12 05:13:47,238 - DEBUG - Detected 1 valid faces
2025-06-12 05:13:47,239 - DEBUG - Processing batch of 1 faces, shape: (1, 224, 224, 3)
2025-06-12 05:13:47,480 - INFO - 
Face 0 Prediction Analysis:
  Top Prediction: Lacking_Focus (0.582)
  Second Best: Interested (0.334)
  Prediction Stats:
    Mean: 0.333
    Std: 0.203
    Max: 0.582
    Min: 0.084
  All Predictions:
    Bored: 0.084
    Interested: 0.334
    Lacking_Focus: 0.582
2025-06-12 05:13:47,481 - DEBUG - 📦 Processed frame: 1 faces, 725.4ms
2025-06-12 05:13:47,731 - DEBUG - Image decoded successfully: (240, 320, 3)
2025-06-12 05:13:48,235 - DEBUG - Face preprocessed: shape=(224, 224, 3), range=[-113.680, 150.061], mean=-24.033
2025-06-12 05:13:48,235 - DEBUG - Detected 1 valid faces
2025-06-12 05:13:48,237 - DEBUG - Processing batch of 1 faces, shape: (1, 224, 224, 3)
2025-06-12 05:13:48,497 - INFO - 
Face 0 Prediction Analysis:
  Top Prediction: Lacking_Focus (0.593)
  Second Best: Interested (0.335)
  Prediction Stats:
    Mean: 0.333
    Std: 0.213
    Max: 0.593
    Min: 0.072
  All Predictions:
    Bored: 0.072
    Interested: 0.335
    Lacking_Focus: 0.593
2025-06-12 05:13:48,498 - DEBUG - 📦 Processed frame: 1 faces, 768.0ms
2025-06-12 05:13:48,533 - DEBUG - Image decoded successfully: (240, 320, 3)
2025-06-12 05:13:49,009 - DEBUG - Face preprocessed: shape=(224, 224, 3), range=[-116.779, 151.061], mean=-25.116
2025-06-12 05:13:49,010 - DEBUG - Detected 1 valid faces
2025-06-12 05:13:49,011 - DEBUG - Processing batch of 1 faces, shape: (1, 224, 224, 3)
2025-06-12 05:13:49,211 - INFO - 
Face 0 Prediction Analysis:
  Top Prediction: Lacking_Focus (0.631)
  Second Best: Interested (0.282)
  Prediction Stats:
    Mean: 0.333
    Std: 0.225
    Max: 0.631
    Min: 0.086
  All Predictions:
    Bored: 0.086
    Interested: 0.282
    Lacking_Focus: 0.631
2025-06-12 05:13:49,212 - DEBUG - 📦 Processed frame: 1 faces, 679.8ms
2025-06-12 05:13:49,335 - DEBUG - Image decoded successfully: (240, 320, 3)
2025-06-12 05:13:49,812 - DEBUG - Face preprocessed: shape=(224, 224, 3), range=[-114.779, 151.061], mean=-24.171
2025-06-12 05:13:49,812 - DEBUG - Detected 1 valid faces
2025-06-12 05:13:49,813 - DEBUG - Processing batch of 1 faces, shape: (1, 224, 224, 3)
2025-06-12 05:13:50,027 - INFO - 
Face 0 Prediction Analysis:
  Top Prediction: Lacking_Focus (0.617)
  Second Best: Interested (0.315)
  Prediction Stats:
    Mean: 0.333
    Std: 0.225
    Max: 0.617
    Min: 0.067
  All Predictions:
    Bored: 0.067
    Interested: 0.315
    Lacking_Focus: 0.617
2025-06-12 05:13:50,028 - DEBUG - 📦 Processed frame: 1 faces, 694.2ms
2025-06-12 05:13:50,129 - DEBUG - Image decoded successfully: (240, 320, 3)
2025-06-12 05:13:50,669 - DEBUG - Face preprocessed: shape=(224, 224, 3), range=[-113.779, 151.061], mean=-23.934
2025-06-12 05:13:50,669 - DEBUG - Detected 1 valid faces
2025-06-12 05:13:50,670 - DEBUG - Processing batch of 1 faces, shape: (1, 224, 224, 3)
2025-06-12 05:13:50,865 - INFO - 
Face 0 Prediction Analysis:
  Top Prediction: Lacking_Focus (0.517)
  Second Best: Interested (0.369)
  Prediction Stats:
    Mean: 0.333
    Std: 0.166
    Max: 0.517
    Min: 0.114
  All Predictions:
    Bored: 0.114
    Interested: 0.369
    Lacking_Focus: 0.517
2025-06-12 05:13:50,866 - DEBUG - 📦 Processed frame: 1 faces, 738.3ms
2025-06-12 05:13:51,062 - DEBUG - Image decoded successfully: (240, 320, 3)
2025-06-12 05:13:51,570 - DEBUG - Face preprocessed: shape=(224, 224, 3), range=[-111.680, 131.320], mean=-10.242
2025-06-12 05:13:51,571 - DEBUG - Detected 1 valid faces
2025-06-12 05:13:51,571 - DEBUG - Processing batch of 1 faces, shape: (1, 224, 224, 3)
2025-06-12 05:13:51,787 - INFO - 
Face 0 Prediction Analysis:
  Top Prediction: Lacking_Focus (0.482)
  Second Best: Interested (0.383)
  Prediction Stats:
    Mean: 0.333
    Std: 0.146
    Max: 0.482
    Min: 0.135
  All Predictions:
    Bored: 0.135
    Interested: 0.383
    Lacking_Focus: 0.482
2025-06-12 05:13:51,789 - DEBUG - 📦 Processed frame: 1 faces, 727.8ms
2025-06-12 05:13:51,894 - DEBUG - Image decoded successfully: (240, 320, 3)
2025-06-12 05:13:52,452 - DEBUG - Face preprocessed: shape=(224, 224, 3), range=[-114.779, 109.061], mean=-16.911
2025-06-12 05:13:52,453 - DEBUG - Detected 1 valid faces
2025-06-12 05:13:52,454 - DEBUG - Processing batch of 1 faces, shape: (1, 224, 224, 3)
2025-06-12 05:13:52,661 - INFO - 
Face 0 Prediction Analysis:
  Top Prediction: Lacking_Focus (0.706)
  Second Best: Bored (0.163)
  Prediction Stats:
    Mean: 0.333
    Std: 0.264
    Max: 0.706
    Min: 0.131
  All Predictions:
    Bored: 0.163
    Interested: 0.131
    Lacking_Focus: 0.706
2025-06-12 05:13:52,662 - DEBUG - 📦 Processed frame: 1 faces, 768.8ms
2025-06-12 05:13:52,853 - DEBUG - Image decoded successfully: (240, 320, 3)
2025-06-12 05:13:53,368 - DEBUG - Face preprocessed: shape=(224, 224, 3), range=[-112.779, 119.061], mean=-50.146
2025-06-12 05:13:53,369 - DEBUG - Detected 1 valid faces
2025-06-12 05:13:53,371 - DEBUG - Processing batch of 1 faces, shape: (1, 224, 224, 3)
2025-06-12 05:13:53,593 - INFO - 
Face 0 Prediction Analysis:
  Top Prediction: Interested (0.490)
  Second Best: Lacking_Focus (0.278)
  Prediction Stats:
    Mean: 0.333
    Std: 0.113
    Max: 0.490
    Min: 0.231
  All Predictions:
    Bored: 0.231
    Interested: 0.490
    Lacking_Focus: 0.278
2025-06-12 05:13:53,594 - DEBUG - 📦 Processed frame: 1 faces, 742.2ms
2025-06-12 05:13:53,650 - DEBUG - Image decoded successfully: (240, 320, 3)
2025-06-12 05:13:54,114 - DEBUG - Face preprocessed: shape=(224, 224, 3), range=[-111.680, 131.320], mean=-22.950
2025-06-12 05:13:54,115 - DEBUG - Detected 1 valid faces
2025-06-12 05:13:54,116 - DEBUG - Processing batch of 1 faces, shape: (1, 224, 224, 3)
2025-06-12 05:13:54,341 - INFO - 
Face 0 Prediction Analysis:
  Top Prediction: Lacking_Focus (0.534)
  Second Best: Interested (0.298)
  Prediction Stats:
    Mean: 0.333
    Std: 0.152
    Max: 0.534
    Min: 0.168
  All Predictions:
    Bored: 0.168
    Interested: 0.298
    Lacking_Focus: 0.534
2025-06-12 05:13:54,342 - DEBUG - 📦 Processed frame: 1 faces, 694.0ms
2025-06-12 05:13:54,528 - DEBUG - Image decoded successfully: (240, 320, 3)
2025-06-12 05:13:55,031 - DEBUG - Face preprocessed: shape=(224, 224, 3), range=[-112.680, 124.061], mean=-24.017
2025-06-12 05:13:55,032 - DEBUG - Detected 1 valid faces
2025-06-12 05:13:55,033 - DEBUG - Processing batch of 1 faces, shape: (1, 224, 224, 3)
2025-06-12 05:13:55,233 - INFO - 
Face 0 Prediction Analysis:
  Top Prediction: Lacking_Focus (0.478)
  Second Best: Interested (0.427)
  Prediction Stats:
    Mean: 0.333
    Std: 0.170
    Max: 0.478
    Min: 0.095
  All Predictions:
    Bored: 0.095
    Interested: 0.427
    Lacking_Focus: 0.478
2025-06-12 05:13:55,234 - INFO - Face 0: Switched to Interested due to threshold
2025-06-12 05:13:55,235 - DEBUG - 📦 Processed frame: 1 faces, 707.8ms
2025-06-12 05:13:55,340 - DEBUG - Image decoded successfully: (240, 320, 3)
2025-06-12 05:13:55,792 - DEBUG - Face preprocessed: shape=(224, 224, 3), range=[-111.680, 120.320], mean=-22.236
2025-06-12 05:13:55,793 - DEBUG - Detected 1 valid faces
2025-06-12 05:13:55,795 - DEBUG - Processing batch of 1 faces, shape: (1, 224, 224, 3)
2025-06-12 05:13:55,991 - INFO - 
Face 0 Prediction Analysis:
  Top Prediction: Lacking_Focus (0.592)
  Second Best: Interested (0.284)
  Prediction Stats:
    Mean: 0.333
    Std: 0.194
    Max: 0.592
    Min: 0.125
  All Predictions:
    Bored: 0.125
    Interested: 0.284
    Lacking_Focus: 0.592
2025-06-12 05:13:55,992 - DEBUG - 📦 Processed frame: 1 faces, 652.7ms
2025-06-12 05:13:56,244 - DEBUG - Image decoded successfully: (240, 320, 3)
2025-06-12 05:13:56,734 - DEBUG - Face preprocessed: shape=(224, 224, 3), range=[-112.680, 149.061], mean=-21.601
2025-06-12 05:13:56,735 - DEBUG - Detected 1 valid faces
2025-06-12 05:13:56,739 - DEBUG - Processing batch of 1 faces, shape: (1, 224, 224, 3)
2025-06-12 05:13:56,965 - INFO - 
Face 0 Prediction Analysis:
  Top Prediction: Lacking_Focus (0.576)
  Second Best: Interested (0.276)
  Prediction Stats:
    Mean: 0.333
    Std: 0.180
    Max: 0.576
    Min: 0.147
  All Predictions:
    Bored: 0.147
    Interested: 0.276
    Lacking_Focus: 0.576
2025-06-12 05:13:56,967 - DEBUG - 📦 Processed frame: 1 faces, 723.6ms
2025-06-12 05:13:57,048 - DEBUG - Image decoded successfully: (240, 320, 3)
2025-06-12 05:13:57,621 - DEBUG - Face preprocessed: shape=(224, 224, 3), range=[-112.680, 151.061], mean=-21.657
2025-06-12 05:13:57,622 - DEBUG - Detected 1 valid faces
2025-06-12 05:13:57,623 - DEBUG - Processing batch of 1 faces, shape: (1, 224, 224, 3)
2025-06-12 05:13:57,830 - INFO - 
Face 0 Prediction Analysis:
  Top Prediction: Lacking_Focus (0.601)
  Second Best: Interested (0.292)
  Prediction Stats:
    Mean: 0.333
    Std: 0.204
    Max: 0.601
    Min: 0.106
  All Predictions:
    Bored: 0.106
    Interested: 0.292
    Lacking_Focus: 0.601
2025-06-12 05:13:57,831 - DEBUG - 📦 Processed frame: 1 faces, 783.3ms
2025-06-12 05:13:58,038 - DEBUG - Image decoded successfully: (240, 320, 3)
2025-06-12 05:13:58,537 - DEBUG - Face preprocessed: shape=(224, 224, 3), range=[-111.680, 151.061], mean=-22.846
2025-06-12 05:13:58,539 - DEBUG - Detected 1 valid faces
2025-06-12 05:13:58,540 - DEBUG - Processing batch of 1 faces, shape: (1, 224, 224, 3)
2025-06-12 05:13:58,759 - INFO - 
Face 0 Prediction Analysis:
  Top Prediction: Lacking_Focus (0.589)
  Second Best: Interested (0.305)
  Prediction Stats:
    Mean: 0.333
    Std: 0.198
    Max: 0.589
    Min: 0.106
  All Predictions:
    Bored: 0.106
    Interested: 0.305
    Lacking_Focus: 0.589
2025-06-12 05:13:58,760 - DEBUG - 📦 Processed frame: 1 faces, 722.8ms
2025-06-12 05:13:58,832 - DEBUG - Image decoded successfully: (240, 320, 3)
2025-06-12 05:13:59,342 - DEBUG - Face preprocessed: shape=(224, 224, 3), range=[-113.680, 151.061], mean=-22.694
2025-06-12 05:13:59,343 - DEBUG - Detected 1 valid faces
2025-06-12 05:13:59,344 - DEBUG - Processing batch of 1 faces, shape: (1, 224, 224, 3)
2025-06-12 05:13:59,564 - INFO - 
Face 0 Prediction Analysis:
  Top Prediction: Lacking_Focus (0.545)
  Second Best: Interested (0.360)
  Prediction Stats:
    Mean: 0.333
    Std: 0.185
    Max: 0.545
    Min: 0.095
  All Predictions:
    Bored: 0.095
    Interested: 0.360
    Lacking_Focus: 0.545
2025-06-12 05:13:59,565 - DEBUG - 📦 Processed frame: 1 faces, 733.6ms
2025-06-12 05:13:59,767 - DEBUG - Image decoded successfully: (240, 320, 3)
2025-06-12 05:14:00,277 - DEBUG - Face preprocessed: shape=(224, 224, 3), range=[-117.680, 151.061], mean=-22.382
2025-06-12 05:14:00,278 - DEBUG - Detected 1 valid faces
2025-06-12 05:14:00,279 - DEBUG - Processing batch of 1 faces, shape: (1, 224, 224, 3)
2025-06-12 05:14:00,509 - INFO - 
Face 0 Prediction Analysis:
  Top Prediction: Lacking_Focus (0.495)
  Second Best: Interested (0.375)
  Prediction Stats:
    Mean: 0.333
    Std: 0.152
    Max: 0.495
    Min: 0.130
  All Predictions:
    Bored: 0.130
    Interested: 0.375
    Lacking_Focus: 0.495
2025-06-12 05:14:00,510 - DEBUG - 📦 Processed frame: 1 faces, 743.8ms
2025-06-12 05:14:00,640 - DEBUG - Image decoded successfully: (240, 320, 3)
2025-06-12 05:14:01,137 - DEBUG - Face preprocessed: shape=(224, 224, 3), range=[-111.680, 151.061], mean=-23.887
2025-06-12 05:14:01,138 - DEBUG - Detected 1 valid faces
2025-06-12 05:14:01,138 - DEBUG - Processing batch of 1 faces, shape: (1, 224, 224, 3)
2025-06-12 05:14:01,342 - INFO - 
Face 0 Prediction Analysis:
  Top Prediction: Lacking_Focus (0.467)
  Second Best: Interested (0.371)
  Prediction Stats:
    Mean: 0.333
    Std: 0.128
    Max: 0.467
    Min: 0.161
  All Predictions:
    Bored: 0.161
    Interested: 0.371
    Lacking_Focus: 0.467
2025-06-12 05:14:01,344 - DEBUG - 📦 Processed frame: 1 faces, 704.7ms
2025-06-12 05:14:01,537 - DEBUG - Image decoded successfully: (240, 320, 3)
2025-06-12 05:14:02,050 - DEBUG - Face preprocessed: shape=(224, 224, 3), range=[-109.779, 126.061], mean=-22.537
2025-06-12 05:14:02,051 - DEBUG - Detected 1 valid faces
2025-06-12 05:14:02,052 - DEBUG - Processing batch of 1 faces, shape: (1, 224, 224, 3)
2025-06-12 05:14:02,272 - INFO - 
Face 0 Prediction Analysis:
  Top Prediction: Lacking_Focus (0.474)
  Second Best: Interested (0.409)
  Prediction Stats:
    Mean: 0.333
    Std: 0.155
    Max: 0.474
    Min: 0.117
  All Predictions:
    Bored: 0.117
    Interested: 0.409
    Lacking_Focus: 0.474
2025-06-12 05:14:02,273 - INFO - Face 0: Switched to Interested due to threshold
2025-06-12 05:14:02,274 - DEBUG - 📦 Processed frame: 1 faces, 737.6ms
2025-06-12 05:14:02,331 - DEBUG - Image decoded successfully: (240, 320, 3)
2025-06-12 05:14:02,882 - DEBUG - Face preprocessed: shape=(224, 224, 3), range=[-112.779, 131.320], mean=-27.154
2025-06-12 05:14:02,883 - DEBUG - Detected 1 valid faces
2025-06-12 05:14:02,884 - DEBUG - Processing batch of 1 faces, shape: (1, 224, 224, 3)
2025-06-12 05:14:03,097 - INFO - 
Face 0 Prediction Analysis:
  Top Prediction: Lacking_Focus (0.548)
  Second Best: Interested (0.322)
  Prediction Stats:
    Mean: 0.333
    Std: 0.170
    Max: 0.548
    Min: 0.131
  All Predictions:
    Bored: 0.131
    Interested: 0.322
    Lacking_Focus: 0.548
2025-06-12 05:14:03,098 - DEBUG - 📦 Processed frame: 1 faces, 767.8ms
2025-06-12 05:14:03,242 - DEBUG - Image decoded successfully: (240, 320, 3)
2025-06-12 05:14:03,813 - DEBUG - Face preprocessed: shape=(224, 224, 3), range=[-114.680, 132.061], mean=-26.575
2025-06-12 05:14:03,815 - DEBUG - Detected 1 valid faces
2025-06-12 05:14:03,815 - DEBUG - Processing batch of 1 faces, shape: (1, 224, 224, 3)
2025-06-12 05:14:04,039 - INFO - 
Face 0 Prediction Analysis:
  Top Prediction: Lacking_Focus (0.652)
  Second Best: Interested (0.239)
  Prediction Stats:
    Mean: 0.333
    Std: 0.231
    Max: 0.652
    Min: 0.109
  All Predictions:
    Bored: 0.109
    Interested: 0.239
    Lacking_Focus: 0.652
2025-06-12 05:14:04,040 - DEBUG - 📦 Processed frame: 1 faces, 798.8ms
2025-06-12 05:14:30,049 - INFO - ❌ Client disconnected
2025-06-12 05:14:30,050 - INFO - Disconnect reason: disconnect
2025-06-12 05:14:30,069 - INFO - ✅ Client connected
2025-06-12 05:15:14,022 - DEBUG - Image decoded successfully: (540, 960, 3)
2025-06-12 05:15:17,155 - DEBUG - Face preprocessed: shape=(224, 224, 3), range=[-123.680, 131.320], mean=-39.908
2025-06-12 05:15:17,164 - DEBUG - Face preprocessed: shape=(224, 224, 3), range=[-120.680, 105.320], mean=-38.971
2025-06-12 05:15:17,174 - DEBUG - Face preprocessed: shape=(224, 224, 3), range=[-123.680, 142.061], mean=-33.316
2025-06-12 05:15:17,183 - DEBUG - Face preprocessed: shape=(224, 224, 3), range=[-123.680, 151.061], mean=-1.432
2025-06-12 05:15:17,192 - DEBUG - Face preprocessed: shape=(224, 224, 3), range=[-123.680, 151.061], mean=-20.969
2025-06-12 05:15:17,201 - DEBUG - Face preprocessed: shape=(224, 224, 3), range=[-123.680, 151.061], mean=-18.632
2025-06-12 05:15:17,209 - DEBUG - Face preprocessed: shape=(224, 224, 3), range=[-115.779, 151.061], mean=-13.612
2025-06-12 05:15:17,210 - DEBUG - Face 7 too small: 42x56
2025-06-12 05:15:17,211 - DEBUG - Detected 7 valid faces
2025-06-12 05:15:17,214 - DEBUG - Processing batch of 7 faces, shape: (7, 224, 224, 3)
2025-06-12 05:15:21,160 - INFO - 
Face 0 Prediction Analysis:
  Top Prediction: Bored (0.403)
  Second Best: Interested (0.301)
  Prediction Stats:
    Mean: 0.333
    Std: 0.050
    Max: 0.403
    Min: 0.295
  All Predictions:
    Bored: 0.403
    Interested: 0.301
    Lacking_Focus: 0.295
2025-06-12 05:15:21,161 - INFO - 
Face 1 Prediction Analysis:
  Top Prediction: Interested (0.359)
  Second Best: Lacking_Focus (0.340)
  Prediction Stats:
    Mean: 0.333
    Std: 0.024
    Max: 0.359
    Min: 0.301
  All Predictions:
    Bored: 0.301
    Interested: 0.359
    Lacking_Focus: 0.340
2025-06-12 05:15:21,162 - INFO - 
Face 2 Prediction Analysis:
  Top Prediction: Lacking_Focus (0.445)
  Second Best: Interested (0.303)
  Prediction Stats:
    Mean: 0.333
    Std: 0.082
    Max: 0.445
    Min: 0.252
  All Predictions:
    Bored: 0.252
    Interested: 0.303
    Lacking_Focus: 0.445
2025-06-12 05:15:21,163 - INFO - 
Face 3 Prediction Analysis:
  Top Prediction: Lacking_Focus (0.364)
  Second Best: Interested (0.326)
  Prediction Stats:
    Mean: 0.333
    Std: 0.023
    Max: 0.364
    Min: 0.310
  All Predictions:
    Bored: 0.310
    Interested: 0.326
    Lacking_Focus: 0.364
2025-06-12 05:15:21,164 - INFO - 
Face 4 Prediction Analysis:
  Top Prediction: Lacking_Focus (0.400)
  Second Best: Bored (0.344)
  Prediction Stats:
    Mean: 0.333
    Std: 0.060
    Max: 0.400
    Min: 0.256
  All Predictions:
    Bored: 0.344
    Interested: 0.256
    Lacking_Focus: 0.400
2025-06-12 05:15:21,165 - INFO - 
Face 5 Prediction Analysis:
  Top Prediction: Interested (0.446)
  Second Best: Lacking_Focus (0.406)
  Prediction Stats:
    Mean: 0.333
    Std: 0.132
    Max: 0.446
    Min: 0.147
  All Predictions:
    Bored: 0.147
    Interested: 0.446
    Lacking_Focus: 0.406
2025-06-12 05:15:21,166 - INFO - 
Face 6 Prediction Analysis:
  Top Prediction: Lacking_Focus (0.408)
  Second Best: Interested (0.297)
  Prediction Stats:
    Mean: 0.333
    Std: 0.053
    Max: 0.408
    Min: 0.294
  All Predictions:
    Bored: 0.294
    Interested: 0.297
    Lacking_Focus: 0.408
2025-06-12 05:15:21,167 - DEBUG - 📦 Processed frame: 7 faces, 7151.8ms
2025-06-12 05:15:21,403 - DEBUG - Image decoded successfully: (540, 960, 3)
2025-06-12 05:15:24,555 - DEBUG - Face preprocessed: shape=(224, 224, 3), range=[-123.680, 102.320], mean=-39.072
2025-06-12 05:15:24,564 - DEBUG - Face preprocessed: shape=(224, 224, 3), range=[-123.680, 131.320], mean=-40.016
2025-06-12 05:15:24,574 - DEBUG - Face preprocessed: shape=(224, 224, 3), range=[-123.680, 151.061], mean=-1.331
2025-06-12 05:15:24,583 - DEBUG - Face preprocessed: shape=(224, 224, 3), range=[-123.680, 146.061], mean=-37.201
2025-06-12 05:15:24,593 - DEBUG - Face preprocessed: shape=(224, 224, 3), range=[-123.680, 151.061], mean=-21.652
2025-06-12 05:15:24,605 - DEBUG - Face preprocessed: shape=(224, 224, 3), range=[-123.680, 151.061], mean=-18.536
2025-06-12 05:15:24,613 - DEBUG - Face preprocessed: shape=(224, 224, 3), range=[-114.779, 151.061], mean=-12.613
2025-06-12 05:15:24,615 - DEBUG - Face 7 too small: 42x57
2025-06-12 05:15:24,617 - DEBUG - Detected 7 valid faces
2025-06-12 05:15:24,619 - DEBUG - Processing batch of 7 faces, shape: (7, 224, 224, 3)
2025-06-12 05:15:25,216 - INFO - 
Face 0 Prediction Analysis:
  Top Prediction: Interested (0.375)
  Second Best: Lacking_Focus (0.334)
  Prediction Stats:
    Mean: 0.333
    Std: 0.034
    Max: 0.375
    Min: 0.291
  All Predictions:
    Bored: 0.291
    Interested: 0.375
    Lacking_Focus: 0.334
2025-06-12 05:15:25,218 - INFO - 
Face 1 Prediction Analysis:
  Top Prediction: Bored (0.395)
  Second Best: Lacking_Focus (0.310)
  Prediction Stats:
    Mean: 0.333
    Std: 0.044
    Max: 0.395
    Min: 0.295
  All Predictions:
    Bored: 0.395
    Interested: 0.295
    Lacking_Focus: 0.310
2025-06-12 05:15:25,221 - INFO - 
Face 2 Prediction Analysis:
  Top Prediction: Bored (0.355)
  Second Best: Interested (0.337)
  Prediction Stats:
    Mean: 0.333
    Std: 0.019
    Max: 0.355
    Min: 0.308
  All Predictions:
    Bored: 0.355
    Interested: 0.337
    Lacking_Focus: 0.308
2025-06-12 05:15:25,222 - INFO - 
Face 3 Prediction Analysis:
  Top Prediction: Lacking_Focus (0.462)
  Second Best: Interested (0.288)
  Prediction Stats:
    Mean: 0.333
    Std: 0.092
    Max: 0.462
    Min: 0.250
  All Predictions:
    Bored: 0.250
    Interested: 0.288
    Lacking_Focus: 0.462
2025-06-12 05:15:25,224 - INFO - 
Face 4 Prediction Analysis:
  Top Prediction: Bored (0.381)
  Second Best: Lacking_Focus (0.351)
  Prediction Stats:
    Mean: 0.333
    Std: 0.048
    Max: 0.381
    Min: 0.268
  All Predictions:
    Bored: 0.381
    Interested: 0.268
    Lacking_Focus: 0.351
2025-06-12 05:15:25,225 - INFO - 
Face 5 Prediction Analysis:
  Top Prediction: Lacking_Focus (0.417)
  Second Best: Interested (0.411)
  Prediction Stats:
    Mean: 0.333
    Std: 0.114
    Max: 0.417
    Min: 0.173
  All Predictions:
    Bored: 0.173
    Interested: 0.411
    Lacking_Focus: 0.417
2025-06-12 05:15:25,227 - INFO - Face 5: Switched to Interested due to threshold
2025-06-12 05:15:25,228 - INFO - 
Face 6 Prediction Analysis:
  Top Prediction: Interested (0.384)
  Second Best: Bored (0.336)
  Prediction Stats:
    Mean: 0.333
    Std: 0.043
    Max: 0.384
    Min: 0.280
  All Predictions:
    Bored: 0.336
    Interested: 0.384
    Lacking_Focus: 0.280
2025-06-12 05:15:25,230 - DEBUG - 📦 Processed frame: 7 faces, 3833.2ms
2025-06-12 05:15:25,252 - DEBUG - Image decoded successfully: (540, 960, 3)
2025-06-12 05:15:29,972 - DEBUG - Face preprocessed: shape=(224, 224, 3), range=[-123.680, 102.320], mean=-39.077
2025-06-12 05:15:29,985 - DEBUG - Face preprocessed: shape=(224, 224, 3), range=[-123.680, 131.320], mean=-40.044
2025-06-12 05:15:30,000 - DEBUG - Face preprocessed: shape=(224, 224, 3), range=[-123.680, 149.061], mean=-38.795
2025-06-12 05:15:30,013 - DEBUG - Face preprocessed: shape=(224, 224, 3), range=[-123.680, 151.061], mean=-0.859
2025-06-12 05:15:30,028 - DEBUG - Face preprocessed: shape=(224, 224, 3), range=[-123.680, 151.061], mean=-21.643
2025-06-12 05:15:30,043 - DEBUG - Face preprocessed: shape=(224, 224, 3), range=[-123.680, 151.061], mean=-18.542
2025-06-12 05:15:30,058 - DEBUG - Face preprocessed: shape=(224, 224, 3), range=[-114.779, 151.061], mean=-12.613
2025-06-12 05:15:30,063 - DEBUG - Face 7 too small: 42x57
2025-06-12 05:15:30,065 - DEBUG - Detected 7 valid faces
2025-06-12 05:15:30,070 - DEBUG - Processing batch of 7 faces, shape: (7, 224, 224, 3)
2025-06-12 05:15:30,648 - INFO - 
Face 0 Prediction Analysis:
  Top Prediction: Interested (0.372)
  Second Best: Lacking_Focus (0.342)
  Prediction Stats:
    Mean: 0.333
    Std: 0.036
    Max: 0.372
    Min: 0.286
  All Predictions:
    Bored: 0.286
    Interested: 0.372
    Lacking_Focus: 0.342
2025-06-12 05:15:30,649 - INFO - 
Face 1 Prediction Analysis:
  Top Prediction: Bored (0.404)
  Second Best: Lacking_Focus (0.303)
  Prediction Stats:
    Mean: 0.333
    Std: 0.050
    Max: 0.404
    Min: 0.293
  All Predictions:
    Bored: 0.404
    Interested: 0.293
    Lacking_Focus: 0.303
2025-06-12 05:15:30,650 - INFO - 
Face 2 Prediction Analysis:
  Top Prediction: Lacking_Focus (0.465)
  Second Best: Interested (0.282)
  Prediction Stats:
    Mean: 0.333
    Std: 0.094
    Max: 0.465
    Min: 0.253
  All Predictions:
    Bored: 0.253
    Interested: 0.282
    Lacking_Focus: 0.465
2025-06-12 05:15:30,651 - INFO - 
Face 3 Prediction Analysis:
  Top Prediction: Bored (0.372)
  Second Best: Interested (0.363)
  Prediction Stats:
    Mean: 0.333
    Std: 0.049
    Max: 0.372
    Min: 0.265
  All Predictions:
    Bored: 0.372
    Interested: 0.363
    Lacking_Focus: 0.265
2025-06-12 05:15:30,652 - INFO - 
Face 4 Prediction Analysis:
  Top Prediction: Bored (0.387)
  Second Best: Lacking_Focus (0.357)
  Prediction Stats:
    Mean: 0.333
    Std: 0.056
    Max: 0.387
    Min: 0.256
  All Predictions:
    Bored: 0.387
    Interested: 0.256
    Lacking_Focus: 0.357
2025-06-12 05:15:30,654 - INFO - 
Face 5 Prediction Analysis:
  Top Prediction: Lacking_Focus (0.411)
  Second Best: Interested (0.410)
  Prediction Stats:
    Mean: 0.333
    Std: 0.109
    Max: 0.411
    Min: 0.179
  All Predictions:
    Bored: 0.179
    Interested: 0.410
    Lacking_Focus: 0.411
2025-06-12 05:15:30,655 - INFO - Face 5: Switched to Interested due to threshold
2025-06-12 05:15:30,656 - INFO - 
Face 6 Prediction Analysis:
  Top Prediction: Interested (0.384)
  Second Best: Bored (0.336)
  Prediction Stats:
    Mean: 0.333
    Std: 0.043
    Max: 0.384
    Min: 0.280
  All Predictions:
    Bored: 0.336
    Interested: 0.384
    Lacking_Focus: 0.280
2025-06-12 05:15:30,657 - DEBUG - 📦 Processed frame: 7 faces, 5410.5ms
2025-06-12 05:15:30,673 - DEBUG - Image decoded successfully: (540, 960, 3)
2025-06-12 05:15:34,201 - DEBUG - Face preprocessed: shape=(224, 224, 3), range=[-123.680, 131.320], mean=-39.975
2025-06-12 05:15:34,217 - DEBUG - Face preprocessed: shape=(224, 224, 3), range=[-122.680, 103.320], mean=-39.070
2025-06-12 05:15:34,229 - DEBUG - Face preprocessed: shape=(224, 224, 3), range=[-123.680, 151.061], mean=-38.049
2025-06-12 05:15:34,238 - DEBUG - Face preprocessed: shape=(224, 224, 3), range=[-123.680, 151.061], mean=-1.584
2025-06-12 05:15:34,249 - DEBUG - Face preprocessed: shape=(224, 224, 3), range=[-123.680, 151.061], mean=-21.508
2025-06-12 05:15:34,262 - DEBUG - Face preprocessed: shape=(224, 224, 3), range=[-123.680, 151.061], mean=-18.427
2025-06-12 05:15:34,273 - DEBUG - Face preprocessed: shape=(224, 224, 3), range=[-116.779, 151.061], mean=-12.649
2025-06-12 05:15:34,274 - DEBUG - Face 7 too small: 42x57
2025-06-12 05:15:34,276 - DEBUG - Detected 7 valid faces
2025-06-12 05:15:34,279 - DEBUG - Processing batch of 7 faces, shape: (7, 224, 224, 3)
2025-06-12 05:15:34,771 - INFO - 
Face 0 Prediction Analysis:
  Top Prediction: Bored (0.386)
  Second Best: Lacking_Focus (0.324)
  Prediction Stats:
    Mean: 0.333
    Std: 0.040
    Max: 0.386
    Min: 0.289
  All Predictions:
    Bored: 0.386
    Interested: 0.289
    Lacking_Focus: 0.324
2025-06-12 05:15:34,772 - INFO - 
Face 1 Prediction Analysis:
  Top Prediction: Lacking_Focus (0.377)
  Second Best: Interested (0.353)
  Prediction Stats:
    Mean: 0.333
    Std: 0.046
    Max: 0.377
    Min: 0.270
  All Predictions:
    Bored: 0.270
    Interested: 0.353
    Lacking_Focus: 0.377
2025-06-12 05:15:34,773 - INFO - 
Face 2 Prediction Analysis:
  Top Prediction: Lacking_Focus (0.413)
  Second Best: Interested (0.347)
  Prediction Stats:
    Mean: 0.333
    Std: 0.071
    Max: 0.413
    Min: 0.241
  All Predictions:
    Bored: 0.241
    Interested: 0.347
    Lacking_Focus: 0.413
2025-06-12 05:15:34,776 - INFO - 
Face 3 Prediction Analysis:
  Top Prediction: Bored (0.339)
  Second Best: Lacking_Focus (0.336)
  Prediction Stats:
    Mean: 0.333
    Std: 0.006
    Max: 0.339
    Min: 0.325
  All Predictions:
    Bored: 0.339
    Interested: 0.325
    Lacking_Focus: 0.336
2025-06-12 05:15:34,777 - INFO - 
Face 4 Prediction Analysis:
  Top Prediction: Bored (0.387)
  Second Best: Lacking_Focus (0.381)
  Prediction Stats:
    Mean: 0.333
    Std: 0.071
    Max: 0.387
    Min: 0.232
  All Predictions:
    Bored: 0.387
    Interested: 0.232
    Lacking_Focus: 0.381
2025-06-12 05:15:34,778 - INFO - 
Face 5 Prediction Analysis:
  Top Prediction: Lacking_Focus (0.480)
  Second Best: Interested (0.386)
  Prediction Stats:
    Mean: 0.333
    Std: 0.146
    Max: 0.480
    Min: 0.134
  All Predictions:
    Bored: 0.134
    Interested: 0.386
    Lacking_Focus: 0.480
2025-06-12 05:15:34,779 - INFO - 
Face 6 Prediction Analysis:
  Top Prediction: Bored (0.362)
  Second Best: Interested (0.320)
  Prediction Stats:
    Mean: 0.333
    Std: 0.020
    Max: 0.362
    Min: 0.318
  All Predictions:
    Bored: 0.362
    Interested: 0.320
    Lacking_Focus: 0.318
2025-06-12 05:15:34,781 - DEBUG - 📦 Processed frame: 7 faces, 4111.3ms
2025-06-12 05:15:35,019 - INFO - ❌ Client disconnected
2025-06-12 05:15:35,020 - INFO - Disconnect reason: disconnect
2025-06-12 05:15:35,156 - INFO - ✅ Client connected
2025-06-12 05:15:35,235 - DEBUG - Image decoded successfully: (540, 960, 3)
2025-06-12 05:15:38,696 - DEBUG - Face preprocessed: shape=(224, 224, 3), range=[-123.680, 105.320], mean=-31.103
2025-06-12 05:15:38,708 - DEBUG - Face preprocessed: shape=(224, 224, 3), range=[-123.680, 147.061], mean=-38.758
2025-06-12 05:15:38,719 - DEBUG - Face preprocessed: shape=(224, 224, 3), range=[-123.680, 151.061], mean=-16.854
2025-06-12 05:15:38,731 - DEBUG - Face preprocessed: shape=(224, 224, 3), range=[-116.779, 151.061], mean=-13.959
2025-06-12 05:15:38,740 - DEBUG - Face preprocessed: shape=(224, 224, 3), range=[-123.680, 131.320], mean=-36.189
2025-06-12 05:15:38,749 - DEBUG - Face preprocessed: shape=(224, 224, 3), range=[-123.680, 151.061], mean=-18.490
2025-06-12 05:15:38,760 - DEBUG - Face preprocessed: shape=(224, 224, 3), range=[-123.680, 145.061], mean=-17.270
2025-06-12 05:15:38,761 - DEBUG - Face 7 too small: 42x56
2025-06-12 05:15:38,762 - DEBUG - Detected 7 valid faces
2025-06-12 05:15:38,766 - DEBUG - Processing batch of 7 faces, shape: (7, 224, 224, 3)
2025-06-12 05:15:39,281 - INFO - 
Face 0 Prediction Analysis:
  Top Prediction: Interested (0.422)
  Second Best: Lacking_Focus (0.388)
  Prediction Stats:
    Mean: 0.333
    Std: 0.103
    Max: 0.422
    Min: 0.190
  All Predictions:
    Bored: 0.190
    Interested: 0.422
    Lacking_Focus: 0.388
2025-06-12 05:15:39,282 - INFO - 
Face 1 Prediction Analysis:
  Top Prediction: Bored (0.372)
  Second Best: Lacking_Focus (0.357)
  Prediction Stats:
    Mean: 0.333
    Std: 0.045
    Max: 0.372
    Min: 0.271
  All Predictions:
    Bored: 0.372
    Interested: 0.271
    Lacking_Focus: 0.357
2025-06-12 05:15:39,283 - INFO - 
Face 2 Prediction Analysis:
  Top Prediction: Bored (0.394)
  Second Best: Interested (0.331)
  Prediction Stats:
    Mean: 0.333
    Std: 0.048
    Max: 0.394
    Min: 0.275
  All Predictions:
    Bored: 0.394
    Interested: 0.331
    Lacking_Focus: 0.275
2025-06-12 05:15:39,285 - INFO - 
Face 3 Prediction Analysis:
  Top Prediction: Lacking_Focus (0.471)
  Second Best: Interested (0.293)
  Prediction Stats:
    Mean: 0.333
    Std: 0.100
    Max: 0.471
    Min: 0.236
  All Predictions:
    Bored: 0.236
    Interested: 0.293
    Lacking_Focus: 0.471
2025-06-12 05:15:39,286 - INFO - 
Face 4 Prediction Analysis:
  Top Prediction: Interested (0.363)
  Second Best: Bored (0.352)
  Prediction Stats:
    Mean: 0.333
    Std: 0.035
    Max: 0.363
    Min: 0.285
  All Predictions:
    Bored: 0.352
    Interested: 0.363
    Lacking_Focus: 0.285
2025-06-12 05:15:39,287 - INFO - 
Face 5 Prediction Analysis:
  Top Prediction: Interested (0.345)
  Second Best: Bored (0.330)
  Prediction Stats:
    Mean: 0.333
    Std: 0.008
    Max: 0.345
    Min: 0.325
  All Predictions:
    Bored: 0.330
    Interested: 0.345
    Lacking_Focus: 0.325
2025-06-12 05:15:39,288 - INFO - 
Face 6 Prediction Analysis:
  Top Prediction: Lacking_Focus (0.447)
  Second Best: Interested (0.425)
  Prediction Stats:
    Mean: 0.333
    Std: 0.145
    Max: 0.447
    Min: 0.129
  All Predictions:
    Bored: 0.129
    Interested: 0.425
    Lacking_Focus: 0.447
2025-06-12 05:15:39,290 - INFO - Face 6: Switched to Interested due to threshold
2025-06-12 05:15:39,291 - DEBUG - 📦 Processed frame: 7 faces, 4059.2ms
2025-06-12 05:15:39,461 - DEBUG - Image decoded successfully: (540, 960, 3)
2025-06-12 05:15:43,215 - DEBUG - Face preprocessed: shape=(224, 224, 3), range=[-123.680, 107.061], mean=-33.247
2025-06-12 05:15:43,226 - DEBUG - Face preprocessed: shape=(224, 224, 3), range=[-123.680, 148.061], mean=-39.095
2025-06-12 05:15:43,233 - DEBUG - Face preprocessed: shape=(224, 224, 3), range=[-123.680, 151.061], mean=-14.347
2025-06-12 05:15:43,242 - DEBUG - Face preprocessed: shape=(224, 224, 3), range=[-123.680, 131.320], mean=-37.081
2025-06-12 05:15:43,256 - DEBUG - Face preprocessed: shape=(224, 224, 3), range=[-114.779, 131.320], mean=-11.278
2025-06-12 05:15:43,269 - DEBUG - Face preprocessed: shape=(224, 224, 3), range=[-123.680, 151.061], mean=-16.930
2025-06-12 05:15:43,284 - DEBUG - Face preprocessed: shape=(224, 224, 3), range=[-123.680, 151.061], mean=-22.280
2025-06-12 05:15:43,286 - DEBUG - Face 7 too small: 40x56
2025-06-12 05:15:43,288 - DEBUG - Detected 7 valid faces
2025-06-12 05:15:43,291 - DEBUG - Processing batch of 7 faces, shape: (7, 224, 224, 3)
2025-06-12 05:15:43,837 - INFO - 
Face 0 Prediction Analysis:
  Top Prediction: Interested (0.415)
  Second Best: Lacking_Focus (0.300)
  Prediction Stats:
    Mean: 0.333
    Std: 0.058
    Max: 0.415
    Min: 0.285
  All Predictions:
    Bored: 0.285
    Interested: 0.415
    Lacking_Focus: 0.300
2025-06-12 05:15:43,845 - INFO - 
Face 1 Prediction Analysis:
  Top Prediction: Lacking_Focus (0.441)
  Second Best: Bored (0.315)
  Prediction Stats:
    Mean: 0.333
    Std: 0.081
    Max: 0.441
    Min: 0.244
  All Predictions:
    Bored: 0.315
    Interested: 0.244
    Lacking_Focus: 0.441
2025-06-12 05:15:43,846 - INFO - 
Face 2 Prediction Analysis:
  Top Prediction: Interested (0.350)
  Second Best: Bored (0.336)
  Prediction Stats:
    Mean: 0.333
    Std: 0.014
    Max: 0.350
    Min: 0.315
  All Predictions:
    Bored: 0.336
    Interested: 0.350
    Lacking_Focus: 0.315
2025-06-12 05:15:43,848 - INFO - 
Face 3 Prediction Analysis:
  Top Prediction: Bored (0.407)
  Second Best: Interested (0.316)
  Prediction Stats:
    Mean: 0.333
    Std: 0.054
    Max: 0.407
    Min: 0.277
  All Predictions:
    Bored: 0.407
    Interested: 0.316
    Lacking_Focus: 0.277
2025-06-12 05:15:43,849 - INFO - 
Face 4 Prediction Analysis:
  Top Prediction: Bored (0.343)
  Second Best: Lacking_Focus (0.338)
  Prediction Stats:
    Mean: 0.333
    Std: 0.011
    Max: 0.343
    Min: 0.318
  All Predictions:
    Bored: 0.343
    Interested: 0.318
    Lacking_Focus: 0.338
2025-06-12 05:15:43,850 - INFO - 
Face 5 Prediction Analysis:
  Top Prediction: Lacking_Focus (0.419)
  Second Best: Interested (0.407)
  Prediction Stats:
    Mean: 0.333
    Std: 0.112
    Max: 0.419
    Min: 0.175
  All Predictions:
    Bored: 0.175
    Interested: 0.407
    Lacking_Focus: 0.419
2025-06-12 05:15:43,851 - INFO - Face 5: Switched to Interested due to threshold
2025-06-12 05:15:43,852 - INFO - 
Face 6 Prediction Analysis:
  Top Prediction: Bored (0.428)
  Second Best: Lacking_Focus (0.313)
  Prediction Stats:
    Mean: 0.333
    Std: 0.071
    Max: 0.428
    Min: 0.258
  All Predictions:
    Bored: 0.428
    Interested: 0.258
    Lacking_Focus: 0.313
2025-06-12 05:15:43,854 - DEBUG - 📦 Processed frame: 7 faces, 4395.9ms
2025-06-12 05:15:43,871 - DEBUG - Image decoded successfully: (540, 960, 3)
2025-06-12 05:15:48,300 - DEBUG - Face preprocessed: shape=(224, 224, 3), range=[-123.680, 148.061], mean=-39.086
2025-06-12 05:15:48,311 - DEBUG - Face preprocessed: shape=(224, 224, 3), range=[-123.680, 151.061], mean=-9.543
2025-06-12 05:15:48,321 - DEBUG - Face preprocessed: shape=(224, 224, 3), range=[-121.680, 102.320], mean=-34.249
2025-06-12 05:15:48,331 - DEBUG - Face preprocessed: shape=(224, 224, 3), range=[-123.680, 151.061], mean=-14.665
2025-06-12 05:15:48,342 - DEBUG - Face preprocessed: shape=(224, 224, 3), range=[-123.680, 140.061], mean=-36.591
2025-06-12 05:15:48,352 - DEBUG - Face preprocessed: shape=(224, 224, 3), range=[-109.779, 138.061], mean=-5.805
2025-06-12 05:15:48,362 - DEBUG - Face preprocessed: shape=(224, 224, 3), range=[-123.680, 151.061], mean=-16.520
2025-06-12 05:15:48,364 - DEBUG - Face 7 too small: 39x56
2025-06-12 05:15:48,365 - DEBUG - Detected 7 valid faces
2025-06-12 05:15:48,370 - DEBUG - Processing batch of 7 faces, shape: (7, 224, 224, 3)
2025-06-12 05:15:48,971 - INFO - 
Face 0 Prediction Analysis:
  Top Prediction: Lacking_Focus (0.437)
  Second Best: Bored (0.318)
  Prediction Stats:
    Mean: 0.333
    Std: 0.079
    Max: 0.437
    Min: 0.244
  All Predictions:
    Bored: 0.318
    Interested: 0.244
    Lacking_Focus: 0.437
2025-06-12 05:15:48,974 - INFO - 
Face 1 Prediction Analysis:
  Top Prediction: Lacking_Focus (0.361)
  Second Best: Bored (0.333)
  Prediction Stats:
    Mean: 0.333
    Std: 0.023
    Max: 0.361
    Min: 0.306
  All Predictions:
    Bored: 0.333
    Interested: 0.306
    Lacking_Focus: 0.361
2025-06-12 05:15:48,976 - INFO - 
Face 2 Prediction Analysis:
  Top Prediction: Interested (0.428)
  Second Best: Lacking_Focus (0.408)
  Prediction Stats:
    Mean: 0.333
    Std: 0.120
    Max: 0.428
    Min: 0.163
  All Predictions:
    Bored: 0.163
    Interested: 0.428
    Lacking_Focus: 0.408
2025-06-12 05:15:48,979 - INFO - 
Face 3 Prediction Analysis:
  Top Prediction: Lacking_Focus (0.510)
  Second Best: Interested (0.307)
  Prediction Stats:
    Mean: 0.333
    Std: 0.135
    Max: 0.510
    Min: 0.183
  All Predictions:
    Bored: 0.183
    Interested: 0.307
    Lacking_Focus: 0.510
2025-06-12 05:15:48,980 - INFO - 
Face 4 Prediction Analysis:
  Top Prediction: Bored (0.351)
  Second Best: Lacking_Focus (0.333)
  Prediction Stats:
    Mean: 0.333
    Std: 0.014
    Max: 0.351
    Min: 0.317
  All Predictions:
    Bored: 0.351
    Interested: 0.317
    Lacking_Focus: 0.333
2025-06-12 05:15:48,982 - INFO - 
Face 5 Prediction Analysis:
  Top Prediction: Lacking_Focus (0.390)
  Second Best: Bored (0.342)
  Prediction Stats:
    Mean: 0.333
    Std: 0.050
    Max: 0.390
    Min: 0.269
  All Predictions:
    Bored: 0.342
    Interested: 0.269
    Lacking_Focus: 0.390
2025-06-12 05:15:48,985 - INFO - 
Face 6 Prediction Analysis:
  Top Prediction: Interested (0.394)
  Second Best: Bored (0.331)
  Prediction Stats:
    Mean: 0.333
    Std: 0.049
    Max: 0.394
    Min: 0.275
  All Predictions:
    Bored: 0.331
    Interested: 0.394
    Lacking_Focus: 0.275
2025-06-12 05:15:48,990 - DEBUG - 📦 Processed frame: 7 faces, 5122.3ms
2025-06-12 05:15:49,490 - DEBUG - Image decoded successfully: (540, 960, 3)
2025-06-12 05:15:54,882 - DEBUG - Face preprocessed: shape=(224, 224, 3), range=[-123.680, 148.061], mean=-39.096
2025-06-12 05:15:54,896 - DEBUG - Face preprocessed: shape=(224, 224, 3), range=[-121.680, 101.320], mean=-33.933
2025-06-12 05:15:54,914 - DEBUG - Face preprocessed: shape=(224, 224, 3), range=[-123.680, 151.061], mean=-8.330
2025-06-12 05:15:54,931 - DEBUG - Face preprocessed: shape=(224, 224, 3), range=[-123.680, 151.061], mean=-14.765
2025-06-12 05:15:54,942 - DEBUG - Face preprocessed: shape=(224, 224, 3), range=[-123.680, 134.061], mean=-36.393
2025-06-12 05:15:54,954 - DEBUG - Face preprocessed: shape=(224, 224, 3), range=[-109.779, 138.061], mean=-5.790
2025-06-12 05:15:54,970 - DEBUG - Face preprocessed: shape=(224, 224, 3), range=[-123.680, 149.061], mean=-18.913
2025-06-12 05:15:54,973 - DEBUG - Face 7 too small: 39x56
2025-06-12 05:15:54,978 - DEBUG - Detected 7 valid faces
2025-06-12 05:15:54,980 - DEBUG - Processing batch of 7 faces, shape: (7, 224, 224, 3)
2025-06-12 05:15:55,658 - INFO - 
Face 0 Prediction Analysis:
  Top Prediction: Lacking_Focus (0.440)
  Second Best: Bored (0.317)
  Prediction Stats:
    Mean: 0.333
    Std: 0.082
    Max: 0.440
    Min: 0.242
  All Predictions:
    Bored: 0.317
    Interested: 0.242
    Lacking_Focus: 0.440
2025-06-12 05:15:55,659 - INFO - 
Face 1 Prediction Analysis:
  Top Prediction: Lacking_Focus (0.413)
  Second Best: Interested (0.394)
  Prediction Stats:
    Mean: 0.333
    Std: 0.099
    Max: 0.413
    Min: 0.193
  All Predictions:
    Bored: 0.193
    Interested: 0.394
    Lacking_Focus: 0.413
2025-06-12 05:15:55,661 - INFO - 
Face 2 Prediction Analysis:
  Top Prediction: Interested (0.351)
  Second Best: Bored (0.343)
  Prediction Stats:
    Mean: 0.333
    Std: 0.020
    Max: 0.351
    Min: 0.305
  All Predictions:
    Bored: 0.343
    Interested: 0.351
    Lacking_Focus: 0.305
2025-06-12 05:15:55,662 - INFO - 
Face 3 Prediction Analysis:
  Top Prediction: Lacking_Focus (0.466)
  Second Best: Interested (0.379)
  Prediction Stats:
    Mean: 0.333
    Std: 0.131
    Max: 0.466
    Min: 0.155
  All Predictions:
    Bored: 0.155
    Interested: 0.379
    Lacking_Focus: 0.466
2025-06-12 05:15:55,663 - INFO - 
Face 4 Prediction Analysis:
  Top Prediction: Bored (0.380)
  Second Best: Lacking_Focus (0.324)
  Prediction Stats:
    Mean: 0.333
    Std: 0.035
    Max: 0.380
    Min: 0.296
  All Predictions:
    Bored: 0.380
    Interested: 0.296
    Lacking_Focus: 0.324
2025-06-12 05:15:55,664 - INFO - 
Face 5 Prediction Analysis:
  Top Prediction: Lacking_Focus (0.393)
  Second Best: Bored (0.345)
  Prediction Stats:
    Mean: 0.333
    Std: 0.054
    Max: 0.393
    Min: 0.262
  All Predictions:
    Bored: 0.345
    Interested: 0.262
    Lacking_Focus: 0.393
2025-06-12 05:15:55,666 - INFO - 
Face 6 Prediction Analysis:
  Top Prediction: Interested (0.380)
  Second Best: Bored (0.336)
  Prediction Stats:
    Mean: 0.333
    Std: 0.039
    Max: 0.380
    Min: 0.285
  All Predictions:
    Bored: 0.336
    Interested: 0.380
    Lacking_Focus: 0.285
2025-06-12 05:15:55,668 - DEBUG - 📦 Processed frame: 7 faces, 6181.6ms
2025-06-12 05:15:55,687 - DEBUG - Image decoded successfully: (540, 960, 3)
2025-06-12 05:16:00,342 - DEBUG - Face preprocessed: shape=(224, 224, 3), range=[-123.680, 147.061], mean=-37.609
2025-06-12 05:16:00,358 - DEBUG - Face preprocessed: shape=(224, 224, 3), range=[-123.680, 151.061], mean=-14.855
2025-06-12 05:16:00,373 - DEBUG - Face preprocessed: shape=(224, 224, 3), range=[-121.680, 106.320], mean=-30.961
2025-06-12 05:16:00,389 - DEBUG - Face preprocessed: shape=(224, 224, 3), range=[-123.680, 151.061], mean=-20.315
2025-06-12 05:16:00,402 - DEBUG - Face preprocessed: shape=(224, 224, 3), range=[-123.680, 138.061], mean=-36.516
2025-06-12 05:16:00,416 - DEBUG - Face preprocessed: shape=(224, 224, 3), range=[-123.680, 151.061], mean=-15.720
2025-06-12 05:16:00,429 - DEBUG - Face preprocessed: shape=(224, 224, 3), range=[-116.779, 150.061], mean=-12.945
2025-06-12 05:16:00,430 - DEBUG - Face 7 too small: 41x57
2025-06-12 05:16:00,432 - DEBUG - Detected 7 valid faces
2025-06-12 05:16:00,435 - DEBUG - Processing batch of 7 faces, shape: (7, 224, 224, 3)
2025-06-12 05:16:01,118 - INFO - 
Face 0 Prediction Analysis:
  Top Prediction: Lacking_Focus (0.361)
  Second Best: Bored (0.355)
  Prediction Stats:
    Mean: 0.333
    Std: 0.035
    Max: 0.361
    Min: 0.284
  All Predictions:
    Bored: 0.355
    Interested: 0.284
    Lacking_Focus: 0.361
2025-06-12 05:16:01,121 - INFO - 
Face 1 Prediction Analysis:
  Top Prediction: Bored (0.455)
  Second Best: Interested (0.297)
  Prediction Stats:
    Mean: 0.333
    Std: 0.089
    Max: 0.455
    Min: 0.248
  All Predictions:
    Bored: 0.455
    Interested: 0.297
    Lacking_Focus: 0.248
2025-06-12 05:16:01,123 - INFO - 
Face 2 Prediction Analysis:
  Top Prediction: Interested (0.537)
  Second Best: Lacking_Focus (0.270)
  Prediction Stats:
    Mean: 0.333
    Std: 0.147
    Max: 0.537
    Min: 0.193
  All Predictions:
    Bored: 0.193
    Interested: 0.537
    Lacking_Focus: 0.270
2025-06-12 05:16:01,126 - INFO - 
Face 3 Prediction Analysis:
  Top Prediction: Lacking_Focus (0.376)
  Second Best: Bored (0.338)
  Prediction Stats:
    Mean: 0.333
    Std: 0.037
    Max: 0.376
    Min: 0.286
  All Predictions:
    Bored: 0.338
    Interested: 0.286
    Lacking_Focus: 0.376
2025-06-12 05:16:01,127 - INFO - 
Face 4 Prediction Analysis:
  Top Prediction: Bored (0.367)
  Second Best: Interested (0.341)
  Prediction Stats:
    Mean: 0.333
    Std: 0.031
    Max: 0.367
    Min: 0.292
  All Predictions:
    Bored: 0.367
    Interested: 0.341
    Lacking_Focus: 0.292
2025-06-12 05:16:01,131 - INFO - 
Face 5 Prediction Analysis:
  Top Prediction: Interested (0.496)
  Second Best: Lacking_Focus (0.358)
  Prediction Stats:
    Mean: 0.333
    Std: 0.143
    Max: 0.496
    Min: 0.147
  All Predictions:
    Bored: 0.147
    Interested: 0.496
    Lacking_Focus: 0.358
2025-06-12 05:16:01,133 - INFO - 
Face 6 Prediction Analysis:
  Top Prediction: Lacking_Focus (0.455)
  Second Best: Interested (0.322)
  Prediction Stats:
    Mean: 0.333
    Std: 0.095
    Max: 0.455
    Min: 0.223
  All Predictions:
    Bored: 0.223
    Interested: 0.322
    Lacking_Focus: 0.455
2025-06-12 05:16:01,135 - DEBUG - 📦 Processed frame: 7 faces, 5453.3ms
2025-06-12 05:16:01,157 - DEBUG - Image decoded successfully: (540, 960, 3)
2025-06-12 05:16:06,111 - DEBUG - Face preprocessed: shape=(224, 224, 3), range=[-123.680, 147.061], mean=-37.602
2025-06-12 05:16:06,131 - DEBUG - Face preprocessed: shape=(224, 224, 3), range=[-123.680, 151.061], mean=-11.232
2025-06-12 05:16:06,143 - DEBUG - Face preprocessed: shape=(224, 224, 3), range=[-123.680, 107.320], mean=-35.082
2025-06-12 05:16:06,181 - DEBUG - Face preprocessed: shape=(224, 224, 3), range=[-123.680, 151.061], mean=-16.565
2025-06-12 05:16:06,204 - DEBUG - Face preprocessed: shape=(224, 224, 3), range=[-123.680, 131.320], mean=-37.633
2025-06-12 05:16:06,233 - DEBUG - Face preprocessed: shape=(224, 224, 3), range=[-123.680, 151.061], mean=-21.765
2025-06-12 05:16:06,260 - DEBUG - Face preprocessed: shape=(224, 224, 3), range=[-112.779, 151.061], mean=-13.128
2025-06-12 05:16:06,263 - DEBUG - Face 7 too small: 43x60
2025-06-12 05:16:06,267 - DEBUG - Detected 7 valid faces
2025-06-12 05:16:06,274 - DEBUG - Processing batch of 7 faces, shape: (7, 224, 224, 3)
2025-06-12 05:16:06,997 - INFO - 
Face 0 Prediction Analysis:
  Top Prediction: Lacking_Focus (0.370)
  Second Best: Bored (0.352)
  Prediction Stats:
    Mean: 0.333
    Std: 0.039
    Max: 0.370
    Min: 0.278
  All Predictions:
    Bored: 0.352
    Interested: 0.278
    Lacking_Focus: 0.370
2025-06-12 05:16:06,999 - INFO - 
Face 1 Prediction Analysis:
  Top Prediction: Bored (0.417)
  Second Best: Interested (0.300)
  Prediction Stats:
    Mean: 0.333
    Std: 0.059
    Max: 0.417
    Min: 0.284
  All Predictions:
    Bored: 0.417
    Interested: 0.300
    Lacking_Focus: 0.284
2025-06-12 05:16:07,001 - INFO - 
Face 2 Prediction Analysis:
  Top Prediction: Interested (0.375)
  Second Best: Lacking_Focus (0.348)
  Prediction Stats:
    Mean: 0.333
    Std: 0.042
    Max: 0.375
    Min: 0.277
  All Predictions:
    Bored: 0.277
    Interested: 0.375
    Lacking_Focus: 0.348
2025-06-12 05:16:07,002 - INFO - 
Face 3 Prediction Analysis:
  Top Prediction: Lacking_Focus (0.437)
  Second Best: Interested (0.403)
  Prediction Stats:
    Mean: 0.333
    Std: 0.123
    Max: 0.437
    Min: 0.160
  All Predictions:
    Bored: 0.160
    Interested: 0.403
    Lacking_Focus: 0.437
2025-06-12 05:16:07,003 - INFO - Face 3: Switched to Interested due to threshold
2025-06-12 05:16:07,005 - INFO - 
Face 4 Prediction Analysis:
  Top Prediction: Bored (0.387)
  Second Best: Interested (0.320)
  Prediction Stats:
    Mean: 0.333
    Std: 0.039
    Max: 0.387
    Min: 0.294
  All Predictions:
    Bored: 0.387
    Interested: 0.320
    Lacking_Focus: 0.294
2025-06-12 05:16:07,006 - INFO - 
Face 5 Prediction Analysis:
  Top Prediction: Lacking_Focus (0.417)
  Second Best: Bored (0.312)
  Prediction Stats:
    Mean: 0.333
    Std: 0.062
    Max: 0.417
    Min: 0.270
  All Predictions:
    Bored: 0.312
    Interested: 0.270
    Lacking_Focus: 0.417
2025-06-12 05:16:07,008 - INFO - 
Face 6 Prediction Analysis:
  Top Prediction: Lacking_Focus (0.427)
  Second Best: Bored (0.301)
  Prediction Stats:
    Mean: 0.333
    Std: 0.067
    Max: 0.427
    Min: 0.272
  All Predictions:
    Bored: 0.301
    Interested: 0.272
    Lacking_Focus: 0.427
2025-06-12 05:16:07,010 - DEBUG - 📦 Processed frame: 7 faces, 5857.8ms
2025-06-12 05:16:07,025 - DEBUG - Image decoded successfully: (540, 960, 3)
2025-06-12 05:16:11,584 - DEBUG - Face preprocessed: shape=(224, 224, 3), range=[-123.680, 144.061], mean=-37.162
2025-06-12 05:16:11,595 - DEBUG - Face preprocessed: shape=(224, 224, 3), range=[-123.680, 151.061], mean=-9.101
2025-06-12 05:16:11,605 - DEBUG - Face preprocessed: shape=(224, 224, 3), range=[-123.680, 105.320], mean=-33.590
2025-06-12 05:16:11,615 - DEBUG - Face preprocessed: shape=(224, 224, 3), range=[-123.680, 151.061], mean=-13.186
2025-06-12 05:16:11,627 - DEBUG - Face preprocessed: shape=(224, 224, 3), range=[-123.680, 130.320], mean=-35.095
2025-06-12 05:16:11,637 - DEBUG - Face preprocessed: shape=(224, 224, 3), range=[-123.680, 150.061], mean=-19.854
2025-06-12 05:16:11,647 - DEBUG - Face preprocessed: shape=(224, 224, 3), range=[-116.779, 151.061], mean=-14.776
2025-06-12 05:16:11,650 - DEBUG - Face 7 too small: 43x61
2025-06-12 05:16:11,651 - DEBUG - Detected 7 valid faces
2025-06-12 05:16:11,653 - DEBUG - Processing batch of 7 faces, shape: (7, 224, 224, 3)
2025-06-12 05:16:12,285 - INFO - 
Face 0 Prediction Analysis:
  Top Prediction: Lacking_Focus (0.378)
  Second Best: Bored (0.353)
  Prediction Stats:
    Mean: 0.333
    Std: 0.046
    Max: 0.378
    Min: 0.269
  All Predictions:
    Bored: 0.353
    Interested: 0.269
    Lacking_Focus: 0.378
2025-06-12 05:16:12,287 - INFO - 
Face 1 Prediction Analysis:
  Top Prediction: Bored (0.351)
  Second Best: Interested (0.330)
  Prediction Stats:
    Mean: 0.333
    Std: 0.013
    Max: 0.351
    Min: 0.319
  All Predictions:
    Bored: 0.351
    Interested: 0.330
    Lacking_Focus: 0.319
2025-06-12 05:16:12,289 - INFO - 
Face 2 Prediction Analysis:
  Top Prediction: Interested (0.437)
  Second Best: Lacking_Focus (0.331)
  Prediction Stats:
    Mean: 0.333
    Std: 0.084
    Max: 0.437
    Min: 0.232
  All Predictions:
    Bored: 0.232
    Interested: 0.437
    Lacking_Focus: 0.331
2025-06-12 05:16:12,291 - INFO - 
Face 3 Prediction Analysis:
  Top Prediction: Lacking_Focus (0.522)
  Second Best: Interested (0.291)
  Prediction Stats:
    Mean: 0.333
    Std: 0.140
    Max: 0.522
    Min: 0.187
  All Predictions:
    Bored: 0.187
    Interested: 0.291
    Lacking_Focus: 0.522
2025-06-12 05:16:12,292 - INFO - 
Face 4 Prediction Analysis:
  Top Prediction: Interested (0.377)
  Second Best: Bored (0.323)
  Prediction Stats:
    Mean: 0.333
    Std: 0.032
    Max: 0.377
    Min: 0.300
  All Predictions:
    Bored: 0.323
    Interested: 0.377
    Lacking_Focus: 0.300
2025-06-12 05:16:12,294 - INFO - 
Face 5 Prediction Analysis:
  Top Prediction: Lacking_Focus (0.357)
  Second Best: Bored (0.335)
  Prediction Stats:
    Mean: 0.333
    Std: 0.020
    Max: 0.357
    Min: 0.307
  All Predictions:
    Bored: 0.335
    Interested: 0.307
    Lacking_Focus: 0.357
2025-06-12 05:16:12,296 - INFO - 
Face 6 Prediction Analysis:
  Top Prediction: Lacking_Focus (0.459)
  Second Best: Interested (0.285)
  Prediction Stats:
    Mean: 0.333
    Std: 0.089
    Max: 0.459
    Min: 0.256
  All Predictions:
    Bored: 0.256
    Interested: 0.285
    Lacking_Focus: 0.459
2025-06-12 05:16:12,298 - DEBUG - 📦 Processed frame: 7 faces, 5276.5ms
2025-06-12 05:16:12,320 - DEBUG - Image decoded successfully: (540, 960, 3)
2025-06-12 05:16:17,217 - DEBUG - Face preprocessed: shape=(224, 224, 3), range=[-123.680, 144.061], mean=-36.995
2025-06-12 05:16:17,238 - DEBUG - Face preprocessed: shape=(224, 224, 3), range=[-123.680, 105.320], mean=-33.989
2025-06-12 05:16:17,257 - DEBUG - Face preprocessed: shape=(224, 224, 3), range=[-123.680, 151.061], mean=-11.848
2025-06-12 05:16:17,270 - DEBUG - Face preprocessed: shape=(224, 224, 3), range=[-123.680, 151.061], mean=-10.333
2025-06-12 05:16:17,293 - DEBUG - Face preprocessed: shape=(224, 224, 3), range=[-123.680, 141.061], mean=-33.494
2025-06-12 05:16:17,312 - DEBUG - Face preprocessed: shape=(224, 224, 3), range=[-123.680, 151.061], mean=-20.204
2025-06-12 05:16:17,328 - DEBUG - Face preprocessed: shape=(224, 224, 3), range=[-115.779, 151.061], mean=-15.409
2025-06-12 05:16:17,337 - DEBUG - Face 7 too small: 43x61
2025-06-12 05:16:17,340 - DEBUG - Detected 7 valid faces
2025-06-12 05:16:17,346 - DEBUG - Processing batch of 7 faces, shape: (7, 224, 224, 3)
2025-06-12 05:16:17,877 - INFO - 
Face 0 Prediction Analysis:
  Top Prediction: Lacking_Focus (0.400)
  Second Best: Bored (0.330)
  Prediction Stats:
    Mean: 0.333
    Std: 0.053
    Max: 0.400
    Min: 0.270
  All Predictions:
    Bored: 0.330
    Interested: 0.270
    Lacking_Focus: 0.400
2025-06-12 05:16:17,878 - INFO - 
Face 1 Prediction Analysis:
  Top Prediction: Lacking_Focus (0.380)
  Second Best: Interested (0.379)
  Prediction Stats:
    Mean: 0.333
    Std: 0.065
    Max: 0.380
    Min: 0.242
  All Predictions:
    Bored: 0.242
    Interested: 0.379
    Lacking_Focus: 0.380
2025-06-12 05:16:17,880 - INFO - 
Face 2 Prediction Analysis:
  Top Prediction: Lacking_Focus (0.507)
  Second Best: Interested (0.261)
  Prediction Stats:
    Mean: 0.333
    Std: 0.123
    Max: 0.507
    Min: 0.232
  All Predictions:
    Bored: 0.232
    Interested: 0.261
    Lacking_Focus: 0.507
2025-06-12 05:16:17,883 - INFO - 
Face 3 Prediction Analysis:
  Top Prediction: Bored (0.369)
  Second Best: Lacking_Focus (0.364)
  Prediction Stats:
    Mean: 0.333
    Std: 0.047
    Max: 0.369
    Min: 0.267
  All Predictions:
    Bored: 0.369
    Interested: 0.267
    Lacking_Focus: 0.364
2025-06-12 05:16:17,885 - INFO - 
Face 4 Prediction Analysis:
  Top Prediction: Interested (0.371)
  Second Best: Lacking_Focus (0.343)
  Prediction Stats:
    Mean: 0.333
    Std: 0.036
    Max: 0.371
    Min: 0.286
  All Predictions:
    Bored: 0.286
    Interested: 0.371
    Lacking_Focus: 0.343
2025-06-12 05:16:17,886 - INFO - 
Face 5 Prediction Analysis:
  Top Prediction: Interested (0.369)
  Second Best: Lacking_Focus (0.339)
  Prediction Stats:
    Mean: 0.333
    Std: 0.031
    Max: 0.369
    Min: 0.292
  All Predictions:
    Bored: 0.292
    Interested: 0.369
    Lacking_Focus: 0.339
2025-06-12 05:16:17,887 - INFO - 
Face 6 Prediction Analysis:
  Top Prediction: Lacking_Focus (0.443)
  Second Best: Interested (0.304)
  Prediction Stats:
    Mean: 0.333
    Std: 0.080
    Max: 0.443
    Min: 0.253
  All Predictions:
    Bored: 0.253
    Interested: 0.304
    Lacking_Focus: 0.443
2025-06-12 05:16:17,890 - DEBUG - 📦 Processed frame: 7 faces, 5575.2ms
2025-06-12 05:16:18,407 - DEBUG - Image decoded successfully: (540, 960, 3)
2025-06-12 05:16:22,838 - DEBUG - Face preprocessed: shape=(224, 224, 3), range=[-123.680, 144.061], mean=-38.529
2025-06-12 05:16:22,851 - DEBUG - Face preprocessed: shape=(224, 224, 3), range=[-123.680, 108.320], mean=-33.533
2025-06-12 05:16:22,861 - DEBUG - Face preprocessed: shape=(224, 224, 3), range=[-123.680, 151.061], mean=-31.661
2025-06-12 05:16:22,872 - DEBUG - Face preprocessed: shape=(224, 224, 3), range=[-123.680, 151.061], mean=5.002
2025-06-12 05:16:22,885 - DEBUG - Face preprocessed: shape=(224, 224, 3), range=[-123.680, 151.061], mean=-21.170
2025-06-12 05:16:22,902 - DEBUG - Face preprocessed: shape=(224, 224, 3), range=[-123.680, 151.061], mean=-11.781
2025-06-12 05:16:22,913 - DEBUG - Face preprocessed: shape=(224, 224, 3), range=[-116.779, 151.061], mean=-14.424
2025-06-12 05:16:22,915 - DEBUG - Face 7 too small: 43x59
2025-06-12 05:16:22,916 - DEBUG - Detected 7 valid faces
2025-06-12 05:16:22,919 - DEBUG - Processing batch of 7 faces, shape: (7, 224, 224, 3)
2025-06-12 05:16:23,524 - INFO - 
Face 0 Prediction Analysis:
  Top Prediction: Lacking_Focus (0.408)
  Second Best: Bored (0.336)
  Prediction Stats:
    Mean: 0.333
    Std: 0.062
    Max: 0.408
    Min: 0.256
  All Predictions:
    Bored: 0.336
    Interested: 0.256
    Lacking_Focus: 0.408
2025-06-12 05:16:23,525 - INFO - 
Face 1 Prediction Analysis:
  Top Prediction: Interested (0.412)
  Second Best: Lacking_Focus (0.353)
  Prediction Stats:
    Mean: 0.333
    Std: 0.074
    Max: 0.412
    Min: 0.235
  All Predictions:
    Bored: 0.235
    Interested: 0.412
    Lacking_Focus: 0.353
2025-06-12 05:16:23,526 - INFO - 
Face 2 Prediction Analysis:
  Top Prediction: Interested (0.402)
  Second Best: Bored (0.308)
  Prediction Stats:
    Mean: 0.333
    Std: 0.049
    Max: 0.402
    Min: 0.290
  All Predictions:
    Bored: 0.308
    Interested: 0.402
    Lacking_Focus: 0.290
2025-06-12 05:16:23,527 - INFO - 
Face 3 Prediction Analysis:
  Top Prediction: Lacking_Focus (0.370)
  Second Best: Bored (0.316)
  Prediction Stats:
    Mean: 0.333
    Std: 0.026
    Max: 0.370
    Min: 0.314
  All Predictions:
    Bored: 0.316
    Interested: 0.314
    Lacking_Focus: 0.370
2025-06-12 05:16:23,530 - INFO - 
Face 4 Prediction Analysis:
  Top Prediction: Bored (0.395)
  Second Best: Lacking_Focus (0.322)
  Prediction Stats:
    Mean: 0.333
    Std: 0.046
    Max: 0.395
    Min: 0.284
  All Predictions:
    Bored: 0.395
    Interested: 0.284
    Lacking_Focus: 0.322
2025-06-12 05:16:23,531 - INFO - 
Face 5 Prediction Analysis:
  Top Prediction: Lacking_Focus (0.482)
  Second Best: Interested (0.331)
  Prediction Stats:
    Mean: 0.333
    Std: 0.121
    Max: 0.482
    Min: 0.187
  All Predictions:
    Bored: 0.187
    Interested: 0.331
    Lacking_Focus: 0.482
2025-06-12 05:16:23,532 - INFO - 
Face 6 Prediction Analysis:
  Top Prediction: Lacking_Focus (0.476)
  Second Best: Interested (0.313)
  Prediction Stats:
    Mean: 0.333
    Std: 0.109
    Max: 0.476
    Min: 0.211
  All Predictions:
    Bored: 0.211
    Interested: 0.313
    Lacking_Focus: 0.476
2025-06-12 05:16:23,534 - DEBUG - 📦 Processed frame: 7 faces, 5129.8ms
2025-06-12 05:16:23,550 - DEBUG - Image decoded successfully: (540, 960, 3)
2025-06-12 05:16:27,705 - DEBUG - Face preprocessed: shape=(224, 224, 3), range=[-123.680, 149.061], mean=-37.045
2025-06-12 05:16:27,714 - DEBUG - Face preprocessed: shape=(224, 224, 3), range=[-123.680, 102.320], mean=-34.492
2025-06-12 05:16:27,724 - DEBUG - Face preprocessed: shape=(224, 224, 3), range=[-123.680, 151.061], mean=0.960
2025-06-12 05:16:27,737 - DEBUG - Face preprocessed: shape=(224, 224, 3), range=[-123.680, 151.061], mean=-34.231
2025-06-12 05:16:27,749 - DEBUG - Face preprocessed: shape=(224, 224, 3), range=[-123.680, 151.061], mean=-20.122
2025-06-12 05:16:27,756 - DEBUG - Face preprocessed: shape=(224, 224, 3), range=[-123.680, 151.061], mean=-11.425
2025-06-12 05:16:27,770 - DEBUG - Face preprocessed: shape=(224, 224, 3), range=[-116.779, 151.061], mean=-14.446
2025-06-12 05:16:27,772 - DEBUG - Face 7 too small: 43x59
2025-06-12 05:16:27,772 - DEBUG - Detected 7 valid faces
2025-06-12 05:16:27,774 - DEBUG - Processing batch of 7 faces, shape: (7, 224, 224, 3)
2025-06-12 05:16:28,257 - INFO - 
Face 0 Prediction Analysis:
  Top Prediction: Lacking_Focus (0.350)
  Second Best: Bored (0.337)
  Prediction Stats:
    Mean: 0.333
    Std: 0.015
    Max: 0.350
    Min: 0.313
  All Predictions:
    Bored: 0.337
    Interested: 0.313
    Lacking_Focus: 0.350
2025-06-12 05:16:28,258 - INFO - 
Face 1 Prediction Analysis:
  Top Prediction: Interested (0.348)
  Second Best: Lacking_Focus (0.335)
  Prediction Stats:
    Mean: 0.333
    Std: 0.013
    Max: 0.348
    Min: 0.317
  All Predictions:
    Bored: 0.317
    Interested: 0.348
    Lacking_Focus: 0.335
2025-06-12 05:16:28,259 - INFO - 
Face 2 Prediction Analysis:
  Top Prediction: Bored (0.373)
  Second Best: Lacking_Focus (0.337)
  Prediction Stats:
    Mean: 0.333
    Std: 0.034
    Max: 0.373
    Min: 0.290
  All Predictions:
    Bored: 0.373
    Interested: 0.290
    Lacking_Focus: 0.337
2025-06-12 05:16:28,261 - INFO - 
Face 3 Prediction Analysis:
  Top Prediction: Interested (0.364)
  Second Best: Bored (0.357)
  Prediction Stats:
    Mean: 0.333
    Std: 0.039
    Max: 0.364
    Min: 0.278
  All Predictions:
    Bored: 0.357
    Interested: 0.364
    Lacking_Focus: 0.278
2025-06-12 05:16:28,262 - INFO - 
Face 4 Prediction Analysis:
  Top Prediction: Interested (0.356)
  Second Best: Bored (0.344)
  Prediction Stats:
    Mean: 0.333
    Std: 0.024
    Max: 0.356
    Min: 0.300
  All Predictions:
    Bored: 0.344
    Interested: 0.356
    Lacking_Focus: 0.300
2025-06-12 05:16:28,263 - INFO - 
Face 5 Prediction Analysis:
  Top Prediction: Lacking_Focus (0.493)
  Second Best: Interested (0.272)
  Prediction Stats:
    Mean: 0.333
    Std: 0.114
    Max: 0.493
    Min: 0.234
  All Predictions:
    Bored: 0.234
    Interested: 0.272
    Lacking_Focus: 0.493
2025-06-12 05:16:28,264 - INFO - 
Face 6 Prediction Analysis:
  Top Prediction: Lacking_Focus (0.374)
  Second Best: Interested (0.328)
  Prediction Stats:
    Mean: 0.333
    Std: 0.032
    Max: 0.374
    Min: 0.298
  All Predictions:
    Bored: 0.298
    Interested: 0.328
    Lacking_Focus: 0.374
2025-06-12 05:16:28,266 - DEBUG - 📦 Processed frame: 7 faces, 4719.5ms
2025-06-12 05:16:28,280 - DEBUG - Image decoded successfully: (540, 960, 3)
2025-06-12 05:16:32,210 - DEBUG - Face preprocessed: shape=(224, 224, 3), range=[-123.680, 149.061], mean=-38.948
2025-06-12 05:16:32,221 - DEBUG - Face preprocessed: shape=(224, 224, 3), range=[-123.680, 151.061], mean=-4.967
2025-06-12 05:16:32,232 - DEBUG - Face preprocessed: shape=(224, 224, 3), range=[-122.680, 105.320], mean=-36.073
2025-06-12 05:16:32,241 - DEBUG - Face preprocessed: shape=(224, 224, 3), range=[-123.680, 150.061], mean=-33.528
2025-06-12 05:16:32,252 - DEBUG - Face preprocessed: shape=(224, 224, 3), range=[-123.680, 151.061], mean=-20.114
2025-06-12 05:16:32,265 - DEBUG - Face preprocessed: shape=(224, 224, 3), range=[-123.680, 151.061], mean=-10.751
2025-06-12 05:16:32,275 - DEBUG - Face preprocessed: shape=(224, 224, 3), range=[-117.680, 151.061], mean=-14.266
2025-06-12 05:16:32,277 - DEBUG - Face 7 too small: 42x57
2025-06-12 05:16:32,278 - DEBUG - Detected 7 valid faces
2025-06-12 05:16:32,282 - DEBUG - Processing batch of 7 faces, shape: (7, 224, 224, 3)
2025-06-12 05:16:32,853 - INFO - 
Face 0 Prediction Analysis:
  Top Prediction: Bored (0.378)
  Second Best: Lacking_Focus (0.318)
  Prediction Stats:
    Mean: 0.333
    Std: 0.032
    Max: 0.378
    Min: 0.304
  All Predictions:
    Bored: 0.378
    Interested: 0.304
    Lacking_Focus: 0.318
2025-06-12 05:16:32,854 - INFO - 
Face 1 Prediction Analysis:
  Top Prediction: Bored (0.496)
  Second Best: Lacking_Focus (0.274)
  Prediction Stats:
    Mean: 0.333
    Std: 0.117
    Max: 0.496
    Min: 0.229
  All Predictions:
    Bored: 0.496
    Interested: 0.229
    Lacking_Focus: 0.274
2025-06-12 05:16:32,856 - INFO - 
Face 2 Prediction Analysis:
  Top Prediction: Interested (0.357)
  Second Best: Bored (0.331)
  Prediction Stats:
    Mean: 0.333
    Std: 0.018
    Max: 0.357
    Min: 0.312
  All Predictions:
    Bored: 0.331
    Interested: 0.357
    Lacking_Focus: 0.312
2025-06-12 05:16:32,858 - INFO - 
Face 3 Prediction Analysis:
  Top Prediction: Bored (0.412)
  Second Best: Interested (0.339)
  Prediction Stats:
    Mean: 0.333
    Std: 0.067
    Max: 0.412
    Min: 0.249
  All Predictions:
    Bored: 0.412
    Interested: 0.339
    Lacking_Focus: 0.249
2025-06-12 05:16:32,860 - INFO - 
Face 4 Prediction Analysis:
  Top Prediction: Lacking_Focus (0.368)
  Second Best: Bored (0.360)
  Prediction Stats:
    Mean: 0.333
    Std: 0.044
    Max: 0.368
    Min: 0.272
  All Predictions:
    Bored: 0.360
    Interested: 0.272
    Lacking_Focus: 0.368
2025-06-12 05:16:32,861 - INFO - 
Face 5 Prediction Analysis:
  Top Prediction: Lacking_Focus (0.446)
  Second Best: Interested (0.313)
  Prediction Stats:
    Mean: 0.333
    Std: 0.085
    Max: 0.446
    Min: 0.242
  All Predictions:
    Bored: 0.242
    Interested: 0.313
    Lacking_Focus: 0.446
2025-06-12 05:16:32,863 - INFO - 
Face 6 Prediction Analysis:
  Top Prediction: Lacking_Focus (0.405)
  Second Best: Bored (0.299)
  Prediction Stats:
    Mean: 0.333
    Std: 0.051
    Max: 0.405
    Min: 0.296
  All Predictions:
    Bored: 0.299
    Interested: 0.296
    Lacking_Focus: 0.405
2025-06-12 05:16:32,865 - DEBUG - 📦 Processed frame: 7 faces, 4587.9ms
2025-06-12 05:16:32,884 - DEBUG - Image decoded successfully: (540, 960, 3)
2025-06-12 05:16:37,161 - DEBUG - Face preprocessed: shape=(224, 224, 3), range=[-123.680, 149.061], mean=-38.562
2025-06-12 05:16:37,172 - DEBUG - Face preprocessed: shape=(224, 224, 3), range=[-123.680, 102.320], mean=-34.259
2025-06-12 05:16:37,182 - DEBUG - Face preprocessed: shape=(224, 224, 3), range=[-123.680, 151.061], mean=-20.609
2025-06-12 05:16:37,192 - DEBUG - Face preprocessed: shape=(224, 224, 3), range=[-123.680, 123.320], mean=-35.217
2025-06-12 05:16:37,205 - DEBUG - Face preprocessed: shape=(224, 224, 3), range=[-108.779, 151.061], mean=-15.147
2025-06-12 05:16:37,215 - DEBUG - Face preprocessed: shape=(224, 224, 3), range=[-123.680, 151.061], mean=-11.423
2025-06-12 05:16:37,229 - DEBUG - Face preprocessed: shape=(224, 224, 3), range=[-116.680, 151.061], mean=-0.098
2025-06-12 05:16:37,230 - DEBUG - Face 7 too small: 42x58
2025-06-12 05:16:37,231 - DEBUG - Detected 7 valid faces
2025-06-12 05:16:37,233 - DEBUG - Processing batch of 7 faces, shape: (7, 224, 224, 3)
2025-06-12 05:16:37,814 - INFO - 
Face 0 Prediction Analysis:
  Top Prediction: Bored (0.384)
  Second Best: Lacking_Focus (0.331)
  Prediction Stats:
    Mean: 0.333
    Std: 0.041
    Max: 0.384
    Min: 0.285
  All Predictions:
    Bored: 0.384
    Interested: 0.285
    Lacking_Focus: 0.331
2025-06-12 05:16:37,815 - INFO - 
Face 1 Prediction Analysis:
  Top Prediction: Lacking_Focus (0.393)
  Second Best: Interested (0.324)
  Prediction Stats:
    Mean: 0.333
    Std: 0.046
    Max: 0.393
    Min: 0.283
  All Predictions:
    Bored: 0.283
    Interested: 0.324
    Lacking_Focus: 0.393
2025-06-12 05:16:37,816 - INFO - 
Face 2 Prediction Analysis:
  Top Prediction: Interested (0.371)
  Second Best: Lacking_Focus (0.347)
  Prediction Stats:
    Mean: 0.333
    Std: 0.038
    Max: 0.371
    Min: 0.282
  All Predictions:
    Bored: 0.282
    Interested: 0.371
    Lacking_Focus: 0.347
2025-06-12 05:16:37,818 - INFO - 
Face 3 Prediction Analysis:
  Top Prediction: Interested (0.396)
  Second Best: Bored (0.328)
  Prediction Stats:
    Mean: 0.333
    Std: 0.049
    Max: 0.396
    Min: 0.276
  All Predictions:
    Bored: 0.328
    Interested: 0.396
    Lacking_Focus: 0.276
2025-06-12 05:16:37,819 - INFO - 
Face 4 Prediction Analysis:
  Top Prediction: Lacking_Focus (0.463)
  Second Best: Bored (0.283)
  Prediction Stats:
    Mean: 0.333
    Std: 0.093
    Max: 0.463
    Min: 0.254
  All Predictions:
    Bored: 0.283
    Interested: 0.254
    Lacking_Focus: 0.463
2025-06-12 05:16:37,821 - INFO - 
Face 5 Prediction Analysis:
  Top Prediction: Lacking_Focus (0.421)
  Second Best: Interested (0.356)
  Prediction Stats:
    Mean: 0.333
    Std: 0.083
    Max: 0.421
    Min: 0.223
  All Predictions:
    Bored: 0.223
    Interested: 0.356
    Lacking_Focus: 0.421
2025-06-12 05:16:37,822 - INFO - 
Face 6 Prediction Analysis:
  Top Prediction: Bored (0.389)
  Second Best: Interested (0.352)
  Prediction Stats:
    Mean: 0.333
    Std: 0.055
    Max: 0.389
    Min: 0.259
  All Predictions:
    Bored: 0.389
    Interested: 0.352
    Lacking_Focus: 0.259
2025-06-12 05:16:37,823 - DEBUG - 📦 Processed frame: 7 faces, 4943.7ms
2025-06-12 05:16:37,841 - DEBUG - Image decoded successfully: (540, 960, 3)
2025-06-12 05:16:43,049 - DEBUG - Face preprocessed: shape=(224, 224, 3), range=[-123.680, 143.061], mean=-37.097
2025-06-12 05:16:43,059 - DEBUG - Face preprocessed: shape=(224, 224, 3), range=[-123.680, 103.320], mean=-33.409
2025-06-12 05:16:43,073 - DEBUG - Face preprocessed: shape=(224, 224, 3), range=[-123.680, 121.320], mean=-35.978
2025-06-12 05:16:43,090 - DEBUG - Face preprocessed: shape=(224, 224, 3), range=[-123.680, 151.061], mean=-21.997
2025-06-12 05:16:43,107 - DEBUG - Face preprocessed: shape=(224, 224, 3), range=[-123.680, 151.061], mean=-15.652
2025-06-12 05:16:43,120 - DEBUG - Face preprocessed: shape=(224, 224, 3), range=[-120.680, 151.061], mean=-1.491
2025-06-12 05:16:43,132 - DEBUG - Face preprocessed: shape=(224, 224, 3), range=[-123.680, 151.061], mean=0.250
2025-06-12 05:16:43,133 - DEBUG - Face 7 too small: 43x60
2025-06-12 05:16:43,134 - DEBUG - Detected 7 valid faces
2025-06-12 05:16:43,137 - DEBUG - Processing batch of 7 faces, shape: (7, 224, 224, 3)
2025-06-12 05:16:43,762 - INFO - 
Face 0 Prediction Analysis:
  Top Prediction: Lacking_Focus (0.424)
  Second Best: Bored (0.319)
  Prediction Stats:
    Mean: 0.333
    Std: 0.069
    Max: 0.424
    Min: 0.257
  All Predictions:
    Bored: 0.319
    Interested: 0.257
    Lacking_Focus: 0.424
2025-06-12 05:16:43,763 - INFO - 
Face 1 Prediction Analysis:
  Top Prediction: Interested (0.386)
  Second Best: Lacking_Focus (0.347)
  Prediction Stats:
    Mean: 0.333
    Std: 0.049
    Max: 0.386
    Min: 0.268
  All Predictions:
    Bored: 0.268
    Interested: 0.386
    Lacking_Focus: 0.347
2025-06-12 05:16:43,764 - INFO - 
Face 2 Prediction Analysis:
  Top Prediction: Bored (0.412)
  Second Best: Interested (0.338)
  Prediction Stats:
    Mean: 0.333
    Std: 0.066
    Max: 0.412
    Min: 0.250
  All Predictions:
    Bored: 0.412
    Interested: 0.338
    Lacking_Focus: 0.250
2025-06-12 05:16:43,766 - INFO - 
Face 3 Prediction Analysis:
  Top Prediction: Lacking_Focus (0.360)
  Second Best: Bored (0.338)
  Prediction Stats:
    Mean: 0.333
    Std: 0.024
    Max: 0.360
    Min: 0.302
  All Predictions:
    Bored: 0.338
    Interested: 0.302
    Lacking_Focus: 0.360
2025-06-12 05:16:43,768 - INFO - 
Face 4 Prediction Analysis:
  Top Prediction: Interested (0.505)
  Second Best: Lacking_Focus (0.370)
  Prediction Stats:
    Mean: 0.333
    Std: 0.158
    Max: 0.505
    Min: 0.125
  All Predictions:
    Bored: 0.125
    Interested: 0.505
    Lacking_Focus: 0.370
2025-06-12 05:16:43,770 - INFO - 
Face 5 Prediction Analysis:
  Top Prediction: Lacking_Focus (0.423)
  Second Best: Interested (0.289)
  Prediction Stats:
    Mean: 0.333
    Std: 0.064
    Max: 0.423
    Min: 0.287
  All Predictions:
    Bored: 0.287
    Interested: 0.289
    Lacking_Focus: 0.423
2025-06-12 05:16:43,771 - INFO - 
Face 6 Prediction Analysis:
  Top Prediction: Bored (0.405)
  Second Best: Interested (0.309)
  Prediction Stats:
    Mean: 0.333
    Std: 0.051
    Max: 0.405
    Min: 0.287
  All Predictions:
    Bored: 0.405
    Interested: 0.309
    Lacking_Focus: 0.287
2025-06-12 05:16:43,773 - DEBUG - 📦 Processed frame: 7 faces, 5937.2ms
2025-06-12 05:16:43,809 - DEBUG - Image decoded successfully: (540, 960, 3)
2025-06-12 05:16:47,741 - DEBUG - Face preprocessed: shape=(224, 224, 3), range=[-123.680, 143.061], mean=-37.111
2025-06-12 05:16:47,753 - DEBUG - Face preprocessed: shape=(224, 224, 3), range=[-122.680, 104.320], mean=-34.798
2025-06-12 05:16:47,761 - DEBUG - Face preprocessed: shape=(224, 224, 3), range=[-123.680, 121.320], mean=-36.419
2025-06-12 05:16:47,771 - DEBUG - Face preprocessed: shape=(224, 224, 3), range=[-123.680, 151.061], mean=-13.511
2025-06-12 05:16:47,784 - DEBUG - Face preprocessed: shape=(224, 224, 3), range=[-123.680, 151.061], mean=-3.954
2025-06-12 05:16:47,796 - DEBUG - Face preprocessed: shape=(224, 224, 3), range=[-116.779, 151.061], mean=-15.221
2025-06-12 05:16:47,810 - DEBUG - Face preprocessed: shape=(224, 224, 3), range=[-123.680, 151.061], mean=-23.946
2025-06-12 05:16:47,813 - DEBUG - Face 7 too small: 43x59
2025-06-12 05:16:47,814 - DEBUG - Detected 7 valid faces
2025-06-12 05:16:47,817 - DEBUG - Processing batch of 7 faces, shape: (7, 224, 224, 3)
2025-06-12 05:16:48,416 - INFO - 
Face 0 Prediction Analysis:
  Top Prediction: Lacking_Focus (0.426)
  Second Best: Bored (0.321)
  Prediction Stats:
    Mean: 0.333
    Std: 0.072
    Max: 0.426
    Min: 0.252
  All Predictions:
    Bored: 0.321
    Interested: 0.252
    Lacking_Focus: 0.426
2025-06-12 05:16:48,417 - INFO - 
Face 1 Prediction Analysis:
  Top Prediction: Interested (0.416)
  Second Best: Lacking_Focus (0.337)
  Prediction Stats:
    Mean: 0.333
    Std: 0.070
    Max: 0.416
    Min: 0.246
  All Predictions:
    Bored: 0.246
    Interested: 0.416
    Lacking_Focus: 0.337
2025-06-12 05:16:48,419 - INFO - 
Face 2 Prediction Analysis:
  Top Prediction: Interested (0.358)
  Second Best: Lacking_Focus (0.328)
  Prediction Stats:
    Mean: 0.333
    Std: 0.018
    Max: 0.358
    Min: 0.314
  All Predictions:
    Bored: 0.314
    Interested: 0.358
    Lacking_Focus: 0.328
2025-06-12 05:16:48,420 - INFO - 
Face 3 Prediction Analysis:
  Top Prediction: Interested (0.426)
  Second Best: Lacking_Focus (0.397)
  Prediction Stats:
    Mean: 0.333
    Std: 0.111
    Max: 0.426
    Min: 0.177
  All Predictions:
    Bored: 0.177
    Interested: 0.426
    Lacking_Focus: 0.397
2025-06-12 05:16:48,421 - INFO - 
Face 4 Prediction Analysis:
  Top Prediction: Bored (0.489)
  Second Best: Interested (0.266)
  Prediction Stats:
    Mean: 0.333
    Std: 0.111
    Max: 0.489
    Min: 0.245
  All Predictions:
    Bored: 0.489
    Interested: 0.266
    Lacking_Focus: 0.245
2025-06-12 05:16:48,423 - INFO - 
Face 5 Prediction Analysis:
  Top Prediction: Bored (0.355)
  Second Best: Interested (0.336)
  Prediction Stats:
    Mean: 0.333
    Std: 0.019
    Max: 0.355
    Min: 0.309
  All Predictions:
    Bored: 0.355
    Interested: 0.336
    Lacking_Focus: 0.309
2025-06-12 05:16:48,425 - INFO - 
Face 6 Prediction Analysis:
  Top Prediction: Bored (0.371)
  Second Best: Lacking_Focus (0.325)
  Prediction Stats:
    Mean: 0.333
    Std: 0.028
    Max: 0.371
    Min: 0.304
  All Predictions:
    Bored: 0.371
    Interested: 0.304
    Lacking_Focus: 0.325
2025-06-12 05:16:48,427 - DEBUG - 📦 Processed frame: 7 faces, 4622.4ms
2025-06-12 05:16:48,461 - DEBUG - Image decoded successfully: (540, 960, 3)
2025-06-12 05:16:52,826 - DEBUG - Face preprocessed: shape=(224, 224, 3), range=[-123.680, 149.061], mean=-38.617
2025-06-12 05:16:52,837 - DEBUG - Face preprocessed: shape=(224, 224, 3), range=[-123.680, 109.320], mean=-36.963
2025-06-12 05:16:52,848 - DEBUG - Face preprocessed: shape=(224, 224, 3), range=[-123.680, 125.320], mean=-35.885
2025-06-12 05:16:52,859 - DEBUG - Face preprocessed: shape=(224, 224, 3), range=[-123.680, 151.061], mean=-12.730
2025-06-12 05:16:52,873 - DEBUG - Face preprocessed: shape=(224, 224, 3), range=[-123.680, 151.061], mean=-12.694
2025-06-12 05:16:52,884 - DEBUG - Face preprocessed: shape=(224, 224, 3), range=[-123.680, 151.061], mean=-21.314
2025-06-12 05:16:52,901 - DEBUG - Face preprocessed: shape=(224, 224, 3), range=[-111.779, 151.061], mean=-17.817
2025-06-12 05:16:52,902 - DEBUG - Face 7 too small: 43x59
2025-06-12 05:16:52,903 - DEBUG - Detected 7 valid faces
2025-06-12 05:16:52,907 - DEBUG - Processing batch of 7 faces, shape: (7, 224, 224, 3)
2025-06-12 05:16:53,512 - INFO - 
Face 0 Prediction Analysis:
  Top Prediction: Lacking_Focus (0.368)
  Second Best: Bored (0.347)
  Prediction Stats:
    Mean: 0.333
    Std: 0.035
    Max: 0.368
    Min: 0.285
  All Predictions:
    Bored: 0.347
    Interested: 0.285
    Lacking_Focus: 0.368
2025-06-12 05:16:53,514 - INFO - 
Face 1 Prediction Analysis:
  Top Prediction: Interested (0.470)
  Second Best: Bored (0.268)
  Prediction Stats:
    Mean: 0.333
    Std: 0.096
    Max: 0.470
    Min: 0.262
  All Predictions:
    Bored: 0.268
    Interested: 0.470
    Lacking_Focus: 0.262
2025-06-12 05:16:53,517 - INFO - 
Face 2 Prediction Analysis:
  Top Prediction: Bored (0.414)
  Second Best: Interested (0.333)
  Prediction Stats:
    Mean: 0.333
    Std: 0.065
    Max: 0.414
    Min: 0.254
  All Predictions:
    Bored: 0.414
    Interested: 0.333
    Lacking_Focus: 0.254
2025-06-12 05:16:53,518 - INFO - 
Face 3 Prediction Analysis:
  Top Prediction: Bored (0.385)
  Second Best: Interested (0.318)
  Prediction Stats:
    Mean: 0.333
    Std: 0.037
    Max: 0.385
    Min: 0.298
  All Predictions:
    Bored: 0.385
    Interested: 0.318
    Lacking_Focus: 0.298
2025-06-12 05:16:53,520 - INFO - 
Face 4 Prediction Analysis:
  Top Prediction: Lacking_Focus (0.444)
  Second Best: Interested (0.393)
  Prediction Stats:
    Mean: 0.333
    Std: 0.122
    Max: 0.444
    Min: 0.163
  All Predictions:
    Bored: 0.163
    Interested: 0.393
    Lacking_Focus: 0.444
2025-06-12 05:16:53,521 - INFO - 
Face 5 Prediction Analysis:
  Top Prediction: Lacking_Focus (0.403)
  Second Best: Bored (0.357)
  Prediction Stats:
    Mean: 0.333
    Std: 0.069
    Max: 0.403
    Min: 0.240
  All Predictions:
    Bored: 0.357
    Interested: 0.240
    Lacking_Focus: 0.403
2025-06-12 05:16:53,523 - INFO - 
Face 6 Prediction Analysis:
  Top Prediction: Interested (0.383)
  Second Best: Lacking_Focus (0.365)
  Prediction Stats:
    Mean: 0.333
    Std: 0.058
    Max: 0.383
    Min: 0.252
  All Predictions:
    Bored: 0.252
    Interested: 0.383
    Lacking_Focus: 0.365
2025-06-12 05:16:53,526 - DEBUG - 📦 Processed frame: 7 faces, 5070.8ms
2025-06-12 05:16:53,551 - DEBUG - Image decoded successfully: (540, 960, 3)
2025-06-12 05:16:57,464 - DEBUG - Face preprocessed: shape=(224, 224, 3), range=[-123.680, 149.061], mean=-35.504
2025-06-12 05:16:57,474 - DEBUG - Face preprocessed: shape=(224, 224, 3), range=[-123.680, 151.061], mean=-24.005
2025-06-12 05:16:57,482 - DEBUG - Face preprocessed: shape=(224, 224, 3), range=[-123.680, 103.320], mean=-37.601
2025-06-12 05:16:57,491 - DEBUG - Face preprocessed: shape=(224, 224, 3), range=[-123.680, 151.061], mean=-20.784
2025-06-12 05:16:57,499 - DEBUG - Face preprocessed: shape=(224, 224, 3), range=[-123.680, 151.061], mean=-12.262
2025-06-12 05:16:57,508 - DEBUG - Face preprocessed: shape=(224, 224, 3), range=[-123.680, 131.320], mean=-37.188
2025-06-12 05:16:57,516 - DEBUG - Face preprocessed: shape=(224, 224, 3), range=[-116.779, 151.061], mean=-17.860
2025-06-12 05:16:57,518 - DEBUG - Face 7 too small: 38x52
2025-06-12 05:16:57,519 - DEBUG - Detected 7 valid faces
2025-06-12 05:16:57,521 - DEBUG - Processing batch of 7 faces, shape: (7, 224, 224, 3)
2025-06-12 05:16:58,104 - INFO - 
Face 0 Prediction Analysis:
  Top Prediction: Lacking_Focus (0.364)
  Second Best: Bored (0.319)
  Prediction Stats:
    Mean: 0.333
    Std: 0.021
    Max: 0.364
    Min: 0.317
  All Predictions:
    Bored: 0.319
    Interested: 0.317
    Lacking_Focus: 0.364
2025-06-12 05:16:58,106 - INFO - 
Face 1 Prediction Analysis:
  Top Prediction: Bored (0.432)
  Second Best: Lacking_Focus (0.338)
  Prediction Stats:
    Mean: 0.333
    Std: 0.082
    Max: 0.432
    Min: 0.230
  All Predictions:
    Bored: 0.432
    Interested: 0.230
    Lacking_Focus: 0.338
2025-06-12 05:16:58,108 - INFO - 
Face 2 Prediction Analysis:
  Top Prediction: Interested (0.400)
  Second Best: Bored (0.327)
  Prediction Stats:
    Mean: 0.333
    Std: 0.052
    Max: 0.400
    Min: 0.273
  All Predictions:
    Bored: 0.327
    Interested: 0.400
    Lacking_Focus: 0.273
2025-06-12 05:16:58,110 - INFO - 
Face 3 Prediction Analysis:
  Top Prediction: Lacking_Focus (0.489)
  Second Best: Bored (0.284)
  Prediction Stats:
    Mean: 0.333
    Std: 0.113
    Max: 0.489
    Min: 0.227
  All Predictions:
    Bored: 0.284
    Interested: 0.227
    Lacking_Focus: 0.489
2025-06-12 05:16:58,119 - INFO - 
Face 4 Prediction Analysis:
  Top Prediction: Interested (0.491)
  Second Best: Lacking_Focus (0.399)
  Prediction Stats:
    Mean: 0.333
    Std: 0.162
    Max: 0.491
    Min: 0.110
  All Predictions:
    Bored: 0.110
    Interested: 0.491
    Lacking_Focus: 0.399
2025-06-12 05:16:58,121 - INFO - 
Face 5 Prediction Analysis:
  Top Prediction: Interested (0.389)
  Second Best: Bored (0.325)
  Prediction Stats:
    Mean: 0.333
    Std: 0.042
    Max: 0.389
    Min: 0.286
  All Predictions:
    Bored: 0.325
    Interested: 0.389
    Lacking_Focus: 0.286
2025-06-12 05:16:58,123 - INFO - 
Face 6 Prediction Analysis:
  Top Prediction: Interested (0.385)
  Second Best: Lacking_Focus (0.343)
  Prediction Stats:
    Mean: 0.333
    Std: 0.047
    Max: 0.385
    Min: 0.272
  All Predictions:
    Bored: 0.272
    Interested: 0.385
    Lacking_Focus: 0.343
2025-06-12 05:16:58,125 - DEBUG - 📦 Processed frame: 7 faces, 4580.1ms
2025-06-12 05:16:58,146 - DEBUG - Image decoded successfully: (540, 960, 3)
2025-06-12 05:17:03,901 - DEBUG - Face preprocessed: shape=(224, 224, 3), range=[-123.680, 145.061], mean=-36.670
2025-06-12 05:17:03,923 - DEBUG - Face preprocessed: shape=(224, 224, 3), range=[-123.680, 151.061], mean=-17.589
2025-06-12 05:17:03,945 - DEBUG - Face preprocessed: shape=(224, 224, 3), range=[-123.680, 99.320], mean=-38.939
2025-06-12 05:17:03,959 - DEBUG - Face preprocessed: shape=(224, 224, 3), range=[-123.680, 138.061], mean=-38.108
2025-06-12 05:17:03,974 - DEBUG - Face preprocessed: shape=(224, 224, 3), range=[-116.680, 151.061], mean=-17.550
2025-06-12 05:17:03,998 - DEBUG - Face preprocessed: shape=(224, 224, 3), range=[-123.680, 151.061], mean=-11.524
2025-06-12 05:17:04,026 - DEBUG - Face preprocessed: shape=(224, 224, 3), range=[-123.680, 151.061], mean=-14.927
2025-06-12 05:17:04,036 - DEBUG - Face 7 too small: 39x53
2025-06-12 05:17:04,045 - DEBUG - Detected 7 valid faces
2025-06-12 05:17:04,055 - DEBUG - Processing batch of 7 faces, shape: (7, 224, 224, 3)
2025-06-12 05:17:04,993 - INFO - 
Face 0 Prediction Analysis:
  Top Prediction: Lacking_Focus (0.441)
  Second Best: Bored (0.308)
  Prediction Stats:
    Mean: 0.333
    Std: 0.079
    Max: 0.441
    Min: 0.251
  All Predictions:
    Bored: 0.308
    Interested: 0.251
    Lacking_Focus: 0.441
2025-06-12 05:17:04,996 - INFO - 
Face 1 Prediction Analysis:
  Top Prediction: Lacking_Focus (0.378)
  Second Best: Bored (0.367)
  Prediction Stats:
    Mean: 0.333
    Std: 0.056
    Max: 0.378
    Min: 0.255
  All Predictions:
    Bored: 0.367
    Interested: 0.255
    Lacking_Focus: 0.378
2025-06-12 05:17:05,002 - INFO - 
Face 2 Prediction Analysis:
  Top Prediction: Interested (0.388)
  Second Best: Bored (0.352)
  Prediction Stats:
    Mean: 0.333
    Std: 0.053
    Max: 0.388
    Min: 0.261
  All Predictions:
    Bored: 0.352
    Interested: 0.388
    Lacking_Focus: 0.261
2025-06-12 05:17:05,004 - INFO - 
Face 3 Prediction Analysis:
  Top Prediction: Bored (0.423)
  Second Best: Interested (0.380)
  Prediction Stats:
    Mean: 0.333
    Std: 0.098
    Max: 0.423
    Min: 0.197
  All Predictions:
    Bored: 0.423
    Interested: 0.380
    Lacking_Focus: 0.197
2025-06-12 05:17:05,008 - INFO - 
Face 4 Prediction Analysis:
  Top Prediction: Lacking_Focus (0.396)
  Second Best: Interested (0.340)
  Prediction Stats:
    Mean: 0.333
    Std: 0.055
    Max: 0.396
    Min: 0.263
  All Predictions:
    Bored: 0.263
    Interested: 0.340
    Lacking_Focus: 0.396
2025-06-12 05:17:05,011 - INFO - 
Face 5 Prediction Analysis:
  Top Prediction: Interested (0.484)
  Second Best: Lacking_Focus (0.359)
  Prediction Stats:
    Mean: 0.333
    Std: 0.135
    Max: 0.484
    Min: 0.156
  All Predictions:
    Bored: 0.156
    Interested: 0.484
    Lacking_Focus: 0.359
2025-06-12 05:17:05,017 - INFO - 
Face 6 Prediction Analysis:
  Top Prediction: Lacking_Focus (0.415)
  Second Best: Bored (0.341)
  Prediction Stats:
    Mean: 0.333
    Std: 0.070
    Max: 0.415
    Min: 0.244
  All Predictions:
    Bored: 0.341
    Interested: 0.244
    Lacking_Focus: 0.415
2025-06-12 05:17:05,023 - DEBUG - 📦 Processed frame: 7 faces, 6882.2ms
2025-06-12 05:17:05,085 - INFO - ❌ Client disconnected
2025-06-12 05:17:05,087 - INFO - Disconnect reason: disconnect
2025-06-12 06:27:25,857 - WARNING - ⚠️  High bias toward 'Lacking_Focus' class (88.0%)
